#VRML V2.0 utf8
# 3D model generated by easyeda2kicad.py (https://github.com/uPesy/easyeda2kicad.py)

Shape{
    appearance Appearance {
        material  Material 	{
            diffuseColor 0.7529411764705882 0.7529411764705882 0.7529411764705882
            specularColor 0.3764705882352941 0.3764705882352941 0.3764705882352941
            ambientIntensity 0.7529
            transparency 0.0
            shininess 0.5
        }
    }
    geometry IndexedFaceSet {
        ccw TRUE
        solid FALSE
        coord DEF co Coordinate {
            point [
                2.6031 -2.4386 0.9134, 2.6062 -2.4351 0.9134, 2.6062 -2.4131 0.9134, 2.5457 -2.4128 0.9134, 2.5431 -2.4131 0.9134, 2.5751 -2.4131 0.9134, 2.4785 -2.2006 0.9134, 2.4699 -2.2014 0.9134, 2.5141 -2.2014 0.9134, 2.149 -2.1709 0.9134, 2.1747 -2.1927 0.9134, 2.2647 2.7953 0.9134, -0.4952 -2.2014 0.9134, 1.6182 -2.2014 0.9134, 1.6265 -2.1827 0.9134, 1.6557 -2.1474 0.9134, 1.6859 -2.1261 0.9134, -0.4952 2.7953 0.9134, 1.9774 -2.0357 0.9134, 2.0248 -2.0531 0.9134, 2.0649 -2.0804 0.9134, 2.0964 -2.1169 0.9134, 1.6493 -2.1534 0.9134, 2.1161 -2.1553 0.9134, 2.1208 -2.1569 0.9134, 1.7997 -2.0871 0.9134, 1.822 -2.068 0.9134, 1.846 -2.0532 0.9134, 1.8898 -2.0366 0.9134, 1.9359 -2.031 0.9134, 1.721 -2.1125 0.9134, 1.7584 -2.1079 0.9134, 1.7693 -2.1085 0.9134, 1.7803 -2.1098 0.9134, -0.4952 -2.2405 0.9134, 1.6071 -2.2405 0.9134, 1.6114 -2.2168 0.9134, 1.7085 -2.407 0.9134, 1.6742 -2.3903 0.9134, -0.4952 -2.4131 0.9134, 1.6446 -2.365 0.9134, 1.6229 -2.3341 0.9134, 1.6093 -2.2988 0.9134, 1.6047 -2.2616 0.9134, 1.605 -2.2525 0.9134, 1.7205 -2.4106 0.9134, 1.7217 -2.4131 0.9134, 1.73 -2.4309 0.9134, 1.7441 -2.4483 0.9134, 1.8499 -2.466 0.9134, 1.8336 -2.4722 0.9134, 2.2647 -2.7953 0.9134, 1.8106 -2.4751 0.9134, 1.807 -2.475 0.9134, -0.4952 -2.7953 0.9134, 1.7846 -2.4715 0.9134, -0.4952 -2.466 0.9134, 1.7714 -2.466 0.9134, 1.7627 -2.4623 0.9134, 1.8995 -2.4131 0.9134, 1.8994 -2.4136 0.9134, 2.2647 -2.466 0.9134, 1.8882 -2.4347 0.9134, 1.8737 -2.4509 0.9134, 1.8548 -2.4641 0.9134, 2.0207 -2.3571 0.9134, 2.0272 -2.3546 0.9134, 2.0383 -2.3005 0.9134, 2.175 -2.3698 0.9134, 2.1492 -2.3916 0.9134, 2.2647 -2.4131 0.9134, 1.8818 -2.3166 0.9134, 2.0089 -2.2502 0.9134, 1.8652 -2.3015 0.9134, 1.845 -2.2907 0.9134, 2.0148 -2.3613 0.9134, 2.1938 -2.3435 0.9134, 2.1508 -2.2722 0.9134, 2.1463 -2.254 0.9134, 2.139 -2.2405 0.9134, 1.6669 -2.2405 0.9134, 2.2025 -2.2405 0.9134, 2.2057 -2.2486 0.9134, 2.2647 -2.2405 0.9134, 2.2101 -2.2796 0.9134, 2.2057 -2.3135 0.9134, 2.0345 -2.3536 0.9134, 2.0355 -2.3537 0.9134, 2.0383 -2.3543 0.9134, 1.6725 -2.2976 0.9134, 1.6837 -2.3168 0.9134, 1.7319 -2.3266 0.9134, 1.7007 -2.3342 0.9134, 1.7214 -2.347 0.9134, 1.767 -2.2952 0.9134, 1.7476 -2.3087 0.9134, 1.6645 -2.2597 0.9134, 1.6656 -2.2744 0.9134, 1.7879 -2.2872 0.9134, 1.8106 -2.2844 0.9134, 1.8221 -2.285 0.9134, 2.0051 -2.383 0.9134, 2.0054 -2.3793 0.9134, 1.9055 -2.3707 0.9134, 2.0073 -2.3721 0.9134, 2.0109 -2.3656 0.9134, 2.132 -2.3308 0.9134, 2.1424 -2.316 0.9134, 2.149 -2.2991 0.9134, 2.1512 -2.2806 0.9134, 2.0273 -2.4116 0.9134, 2.021 -2.4091 0.9134, 2.0149 -2.4047 0.9134, 2.0127 -2.4025 0.9134, 2.0085 -2.3965 0.9134, 2.006 -2.3901 0.9134, 1.905 -2.3901 0.9134, 1.9055 -2.3802 0.9134, 2.1202 -2.4058 0.9134, 2.0886 -2.4125 0.9134, 2.0326 -2.4125 0.9134, 2.0402 -2.3546 0.9134, 2.0829 -2.3546 0.9134, 2.1 -2.3513 0.9134, 2.1167 -2.3435 0.9134, 2.1308 -2.3321 0.9134, 2.0696 -2.2066 0.9134, 1.6755 -2.2155 0.9134, 1.6673 -2.2367 0.9134, 2.0772 -2.2066 0.9134, 2.1375 -2.2376 0.9134, 2.1266 -2.2255 0.9134, 2.1119 -2.2152 0.9134, 2.0953 -2.2088 0.9134, 2.0492 -2.1495 0.9134, 2.0277 -2.1239 0.9134, 1.8097 -2.179 0.9134, 2.0254 -2.1218 0.9134, 1.9988 -2.1033 0.9134, 1.8242 -2.149 0.9134, 1.6853 -2.2014 0.9134, 1.803 -2.1754 0.9134, 2.0685 -2.2014 0.9134, 2.0638 -2.1801 0.9134, 1.7817 -2.1676 0.9134, 1.7594 -2.1648 0.9134, 1.7494 -2.1653 0.9134, 1.8455 -2.1236 0.9134, 1.969 -2.0919 0.9134, 1.8709 -2.105 0.9134, 1.9368 -2.088 0.9134, 1.9019 -2.0925 0.9134, 1.726 -2.1709 0.9134, 1.7049 -2.1821 0.9134, 1.6886 -2.1966 0.9134, 2.1941 -2.2196 0.9134, 2.2647 -2.2014 0.9134, 2.181 -2.2014 0.9134, 2.8041 -2.0668 0.9134, 3.1693 -2.2014 0.9134, 3.1693 2.7953 0.9134, 2.8223 -2.1638 0.9134, 2.7733 -2.1638 0.9134, 2.8359 -2.2003 0.9134, 2.7733 -2.2014 0.9134, 2.8549 -2.2003 0.9134, 2.7667 -2.1638 0.9134, 2.7539 -2.2003 0.9134, 2.7311 -2.2014 0.9134, 2.7349 -2.2003 0.9134, 2.7733 -2.0993 0.9134, 2.5751 -2.1402 0.9134, 2.539 -2.1402 0.9134, 2.5751 -2.1851 0.9134, 2.539 -2.1851 0.9134, 2.5936 -2.1851 0.9134, 2.5936 -2.2003 0.9134, 2.6062 -2.2014 0.9134, 2.5751 -2.2014 0.9134, 2.5868 -2.1402 0.9134, 2.5868 -2.1249 0.9134, 2.5906 -2.0822 0.9134, 2.5751 -2.0822 0.9134, 2.5751 -2.1249 0.9134, 2.539 -2.0822 0.9134, 2.539 -2.1249 0.9134, 2.5751 -2.2003 0.9134, 2.5218 -2.2003 0.9134, 2.5218 -2.0668 0.9134, 2.481 -2.066 0.9134, 2.4951 -2.07 0.9134, 2.5141 2.7953 0.9134, 2.4303 -2.0723 0.9134, 2.4443 -2.0669 0.9134, 2.4012 2.7953 0.9134, 2.5906 -2.0668 0.9134, 2.6062 2.7953 0.9134, 2.5751 -2.0668 0.9134, 2.5751 2.7953 0.9134, 2.4951 -2.0881 0.9134, 2.4928 -2.1959 0.9134, 2.4607 -2.1872 0.9134, 2.4689 -2.1868 0.9134, 2.4635 -2.0646 0.9134, 2.4936 -2.0873 0.9134, 2.4134 -2.1401 0.9134, 2.4156 -2.1534 0.9134, 2.4837 -2.1836 0.9134, 2.4951 -2.1782 0.9134, 2.4951 -2.1948 0.9134, 2.4061 -2.0947 0.9134, 2.4145 -2.0842 0.9134, 2.4174 -2.0814 0.9134, 2.4263 -2.096 0.9134, 2.4199 -2.1053 0.9134, 2.4199 -2.1642 0.9134, 2.4264 -2.1731 0.9134, 2.4296 -2.1763 0.9134, 2.4637 -2.0801 0.9134, 2.4582 -2.0804 0.9134, 2.4273 -2.0949 0.9134, 2.4466 -2.0827 0.9134, 2.4362 -2.0876 0.9134, 2.4154 -2.1169 0.9134, 2.4133 -2.1351 0.9134, 2.4385 -2.1823 0.9134, 2.4482 -2.1858 0.9134, 2.4801 -2.0821 0.9134, 2.4012 -2.1664 0.9134, 2.3978 -2.1577 0.9134, 2.3932 -2.2014 0.9134, 2.3952 -2.1361 0.9134, 2.3957 -2.1261 0.9134, 2.3992 -2.1092 0.9134, 2.4012 -2.1051 0.9134, 2.4343 -2.1987 0.9134, 2.4219 -2.1925 0.9134, 2.4012 -2.2014 0.9134, 2.4123 -2.1843 0.9134, 2.4111 -2.183 0.9134, 2.4032 -2.1716 0.9134, 2.446 -2.2014 0.9134, 2.4012 -2.2405 0.9134, 2.4485 -2.202 0.9134, 2.4582 -2.2025 0.9134, 2.5141 -2.2405 0.9134, -2.6314 -2.2405 0.9134, -2.6147 -2.2622 0.9134, -2.6001 -2.2976 0.9134, -2.5951 -2.3356 0.9134, -2.6001 -2.3735 0.9134, -2.6381 -2.2319 0.9134, -2.6684 -2.2086 0.9134, -3.1693 2.7953 0.9134, -2.7418 -2.1889 0.9134, -2.7038 -2.1939 0.9134, -2.6857 -2.2014 0.9134, -2.8455 -2.2319 0.9134, -3.1693 -2.2014 0.9134, -2.8521 -2.2405 0.9134, -3.1693 -2.2405 0.9134, -2.8688 -2.2622 0.9134, -2.8151 -2.2086 0.9134, -2.7979 -2.2014 0.9134, -2.7797 -2.1939 0.9134, -2.8688 -2.4089 0.9134, -2.8834 -2.3735 0.9134, -3.1693 -2.4131 0.9134, -2.8884 -2.3356 0.9134, -2.8834 -2.2976 0.9134, -2.807 -2.466 0.9134, -2.8151 -2.4626 0.9134, -3.1693 -2.466 0.9134, -2.8455 -2.4393 0.9134, -2.8656 -2.4131 0.9134, -2.7797 -2.4773 0.9134, -3.1693 -2.7953 0.9134, -2.7418 -2.4823 0.9134, -2.7038 -2.4773 0.9134, -2.6766 -2.466 0.9134, -2.6684 -2.4626 0.9134, -2.6147 -2.4089 0.9134, -2.618 -2.4131 0.9134, -2.6381 -2.4393 0.9134, 2.7268 -2.1428 0.9134, 2.7231 -2.158 0.9134, 2.716 -2.1716 0.9134, 2.7121 -2.0892 0.9134, 2.7311 2.7953 0.9134, 2.7073 -2.0845 0.9134, 2.6934 -2.075 0.9134, 2.7203 -2.1008 0.9134, 2.7253 -2.1136 0.9134, 2.7274 -2.1319 0.9134, 2.7857 -2.0668 0.9134, 2.7733 2.7953 0.9134, 2.6799 -2.1968 0.9134, 2.6799 -2.2014 0.9134, 2.6933 -2.1917 0.9134, 2.7073 -2.1816 0.9134, 2.6799 -2.0701 0.9134, 2.6799 2.7953 0.9134, 2.6772 -2.0691 0.9134, 2.678 -2.1976 0.9134, 2.6555 -2.2003 0.9134, 2.6188 -2.2003 0.9134, 2.6188 -2.0668 0.9134, 2.6569 -2.0668 0.9134, 2.4528 -2.4108 0.9134, 2.4465 -2.4131 0.9134, 2.467 -2.412 0.9134, 2.4138 -2.3667 0.9134, 2.4164 -2.3396 0.9134, 2.4105 -2.3715 0.9134, 2.4082 -2.3774 0.9134, 2.4586 -2.4069 0.9134, 2.4274 -2.4131 0.9134, 2.4209 -2.4107 0.9134, 2.4012 -2.4131 0.9134, 2.4164 -2.3234 0.9134, 2.42 -2.3213 0.9134, 2.4661 -2.3174 0.9134, 2.5091 -2.331 0.9134, 2.5122 -2.3265 0.9134, 2.4189 -2.3622 0.9134, 2.4259 -2.3586 0.9134, 2.427 -2.3328 0.9134, 2.4388 -2.3554 0.9134, 2.4534 -2.3287 0.9134, 2.4477 -2.3281 0.9134, 2.4375 -2.3292 0.9134, 2.4153 -2.4067 0.9134, 2.4134 -2.4048 0.9134, 2.41 -2.3997 0.9134, 2.467 -2.3973 0.9134, 2.4666 -2.3973 0.9134, 2.4639 -2.4013 0.9134, 2.408 -2.394 0.9134, 2.4071 -2.3865 0.9134, 2.4717 -2.3206 0.9134, 2.4762 -2.3248 0.9134, 2.5071 -2.3364 0.9134, 2.4797 -2.3301 0.9134, 2.4823 -2.3376 0.9134, 2.4324 -2.3165 0.9134, 2.4493 -2.3145 0.9134, 2.459 -2.3153 0.9134, 2.467 -2.3514 0.9134, 2.4664 -2.344 0.9134, 2.4647 -2.3381 0.9134, 2.4627 -2.3346 0.9134, 2.5139 -2.3603 0.9134, 2.5064 -2.3914 0.9134, 2.5141 -2.3604 0.9134, 2.5124 -2.3952 0.9134, 2.5141 -2.3958 0.9134, 2.5112 -2.3575 0.9134, 2.509 -2.354 0.9134, 2.4837 -2.3507 0.9134, 2.5072 -2.3489 0.9134, 2.5065 -2.3424 0.9134, 2.4602 -2.3319 0.9134, 2.4572 -2.33 0.9134, 2.446 -2.4133 0.9134, 2.5141 -2.466 0.9134, 2.4012 -2.466 0.9134, 2.4374 -2.4142 0.9134, 2.4277 -2.4131 0.9134, 2.5064 -2.4086 0.9134, 2.4837 -2.412 0.9134, 2.5141 -2.4114 0.9134, 2.5141 -2.4131 0.9134, 2.5173 -2.4126 0.9134, 2.522 -2.4131 0.9134, 2.5322 -2.4142 0.9134, 2.5662 -2.3187 0.9134, 2.5662 -2.335 0.9134, 2.5172 -2.3221 0.9134, 2.522 -2.3192 0.9134, 2.5699 -2.3928 0.9134, 2.5679 -2.3981 0.9134, 2.5648 -2.4025 0.9134, 2.5141 -2.3248 0.9134, 2.5311 -2.3159 0.9134, 2.5436 -2.3145 0.9134, 2.5751 -2.2405 0.9134, 2.5545 -2.3154 0.9134, 2.5651 -2.3703 0.9134, 2.5683 -2.3749 0.9134, 2.57 -2.3798 0.9134, 2.5707 -2.3861 0.9134, 2.56 -2.4067 0.9134, 2.5549 -2.4097 0.9134, 2.5419 -2.3281 0.9134, 2.537 -2.3284 0.9134, 2.5237 -2.3409 0.9134, 2.5325 -2.3296 0.9134, 2.5288 -2.3316 0.9134, 2.5238 -2.3431 0.9134, 2.5245 -2.3457 0.9134, 2.5257 -2.348 0.9134, 2.5273 -2.3498 0.9134, 2.5332 -2.3535 0.9134, 2.5534 -2.3294 0.9134, 2.5436 -2.358 0.9134, 2.5629 -2.333 0.9134, 2.5501 -2.3606 0.9134, 2.5612 -2.3667 0.9134, 2.5263 -2.3338 0.9134, 2.5248 -2.336 0.9134, 2.524 -2.3382 0.9134, 2.5228 -2.3992 0.9134, 2.5318 -2.3701 0.9134, 2.5218 -2.3655 0.9134, 2.5339 -2.4006 0.9134, 2.5346 -2.4006 0.9134, 2.5428 -2.3747 0.9134, 2.5432 -2.3996 0.9134, 2.5536 -2.3877 0.9134, 2.5534 -2.3856 0.9134, 2.5475 -2.3981 0.9134, 2.549 -2.3971 0.9134, 2.5509 -2.3954 0.9134, 2.5524 -2.3933 0.9134, 2.5532 -2.3909 0.9134, 2.5527 -2.383 0.9134, 2.5514 -2.3808 0.9134, 2.5493 -2.3786 0.9134, 2.6536 -2.3167 0.9134, 2.6709 -2.3167 0.9134, 2.6799 -2.2405 0.9134, 2.623 -2.3883 0.9134, 2.6251 -2.3962 0.9134, 2.6255 -2.3962 0.9134, 2.6062 -2.2405 0.9134, 2.6062 -2.3399 0.9134, 2.6276 -2.3885 0.9134, 2.6263 -2.3929 0.9134, 2.6062 -2.3848 0.9134, 2.5794 -2.3167 0.9134, 2.5981 -2.3167 0.9134, 2.6163 -2.4131 0.9134, 2.6168 -2.4118 0.9134, 2.6062 -2.4351 0.9134, 2.6095 -2.4291 0.9134, 2.5751 -2.466 0.9134, 2.5829 -2.4555 0.9134, 2.5829 -2.4406 0.9134, 2.5863 -2.4418 0.9134, 2.5924 -2.4426 0.9134, 2.6062 -2.4539 0.9134, 2.6004 -2.4561 0.9134, 2.6062 -2.466 0.9134, 2.5937 -2.4569 0.9134, 2.59 -2.4567 0.9134, 2.5964 -2.4421 0.9134, 2.6 -2.4407 0.9134, 2.6277 -2.4264 0.9134, 2.6201 -2.4411 0.9134, 2.6799 -2.466 0.9134, 2.6329 -2.4131 0.9134, 2.614 -2.4485 0.9134, 2.6128 -2.4495 0.9134, 2.607 -2.4536 0.9134, 2.7311 -2.3519 0.9134, 2.7062 -2.3519 0.9134, 2.7311 -2.3968 0.9134, 2.7062 -2.3968 0.9134, 2.7577 -2.2785 0.9134, 2.7577 -2.2939 0.9134, 2.7733 -2.2405 0.9134, 2.7607 -2.3968 0.9134, 2.7733 -2.4131 0.9134, 2.7607 -2.412 0.9134, 2.7311 -2.4131 0.9134, 2.7539 -2.3519 0.9134, 2.7539 -2.3366 0.9134, 2.7311 -2.3366 0.9134, 2.7311 -2.2939 0.9134, 2.7062 -2.2939 0.9134, 2.7062 -2.3366 0.9134, 2.7311 -2.412 0.9134, 2.6889 -2.412 0.9134, 2.6799 -2.4131 0.9134, 2.6889 -2.2785 0.9134, 2.7311 -2.2785 0.9134, 2.7311 -2.2405 0.9134, 2.3932 2.7953 0.9134, 2.3897 -2.1851 0.9134, 2.3897 -2.2003 0.9134, 2.3194 -2.2003 0.9134, 2.3194 -2.0668 0.9134, 2.3366 -2.1851 0.9134, 2.3366 -2.0668 0.9134, 2.3932 -2.2405 0.9134, 2.9894 -2.3755 0.9134, 2.9338 -2.3755 0.9134, 3.003 -2.412 0.9134, 2.921 -2.412 0.9134, 3.1693 -2.4131 0.9134, 3.1693 -2.2405 0.9134, 2.9712 -2.2785 0.9134, 3.022 -2.412 0.9134, 2.902 -2.412 0.9134, 2.9528 -2.2785 0.9134, 2.8902 -2.3697 0.9134, 2.8939 -2.3545 0.9134, 2.8946 -2.3436 0.9134, 2.8924 -2.3253 0.9134, 2.8832 -2.3833 0.9134, 2.8744 -2.3933 0.9134, 2.8604 -2.4034 0.9134, 2.7859 -2.2785 0.9134, 2.7859 -2.412 0.9134, 2.8226 -2.412 0.9134, 2.8451 -2.4093 0.9134, 2.8744 -2.2962 0.9134, 2.8792 -2.3009 0.9134, 2.8875 -2.3125 0.9134, 2.824 -2.2785 0.9134, 2.8444 -2.2808 0.9134, 2.8605 -2.2867 0.9134, 2.3932 -2.4131 0.9134, 2.3194 -2.412 0.9134, 2.3911 -2.412 0.9134, 2.3911 -2.3968 0.9134, 2.3881 -2.2939 0.9134, 2.3194 -2.2785 0.9134, 2.3881 -2.2785 0.9134, 2.3366 -2.3519 0.9134, 2.3366 -2.3968 0.9134, 2.3843 -2.3519 0.9134, 2.3843 -2.3366 0.9134, 2.3366 -2.3366 0.9134, 2.3366 -2.2939 0.9134, 2.7311 -2.466 0.9134, 2.7733 -2.466 0.9134, 3.1693 -2.466 0.9134, 2.3932 -2.466 0.9134, 2.3932 -2.7953 0.9134, 2.4012 -2.7953 0.9134, 2.5141 -2.7953 0.9134, 2.5751 -2.7953 0.9134, 2.6062 -2.7953 0.9134, 2.6799 -2.7953 0.9134, 2.7311 -2.7953 0.9134, 2.7733 -2.7953 0.9134, 3.1693 -2.7953 0.9134
            ]
        }
        coordIndex [
            0,1,2,-1,3,4,5,-1,6,7,8,-1,9,10,11,-1,12,13,14,-1,15,16,17,-1,18,19,11,-1,11,19,20,-1,11,20,21,-1,12,14,17,-1,17,14,22,-1,17,22,15,-1,21,23,11,-1,11,23,24,-1,11,24,9,-1,25,26,17,-1,26,27,17,-1,17,27,28,-1,17,28,11,-1,11,28,29,-1,11,29,18,-1,16,30,17,-1,17,30,31,-1,17,31,25,-1,25,31,32,-1,25,32,33,-1,34,35,12,-1,12,35,36,-1,12,36,13,-1,37,38,39,-1,39,38,40,-1,39,40,41,-1,41,42,39,-1,39,42,43,-1,39,43,34,-1,34,43,44,-1,34,44,35,-1,45,37,46,-1,46,37,39,-1,46,39,47,-1,47,39,48,-1,49,50,51,-1,50,52,51,-1,51,52,53,-1,51,53,54,-1,54,53,55,-1,54,55,56,-1,56,55,57,-1,56,57,39,-1,39,57,58,-1,39,58,48,-1,59,60,61,-1,61,60,62,-1,62,63,61,-1,61,63,64,-1,61,64,49,-1,65,66,67,-1,68,69,70,-1,71,72,73,-1,73,72,74,-1,65,67,75,-1,68,70,76,-1,77,78,72,-1,72,78,79,-1,72,79,80,-1,81,82,83,-1,83,82,84,-1,83,84,70,-1,70,84,85,-1,70,85,76,-1,66,86,67,-1,67,86,87,-1,67,87,88,-1,89,90,91,-1,91,90,92,-1,91,92,93,-1,94,80,95,-1,95,80,96,-1,95,96,91,-1,91,96,97,-1,91,97,89,-1,94,98,80,-1,80,98,99,-1,80,99,72,-1,72,99,100,-1,72,100,74,-1,101,102,103,-1,103,102,104,-1,103,104,67,-1,67,104,105,-1,67,105,75,-1,106,107,67,-1,67,107,108,-1,67,108,72,-1,72,108,109,-1,72,109,77,-1,110,111,59,-1,59,111,112,-1,59,112,113,-1,113,114,59,-1,59,114,115,-1,59,115,116,-1,116,115,101,-1,116,101,117,-1,117,101,103,-1,69,118,70,-1,70,118,119,-1,70,119,59,-1,59,119,120,-1,59,120,110,-1,88,121,67,-1,67,121,122,-1,67,122,123,-1,123,124,67,-1,67,124,125,-1,67,125,106,-1,126,127,128,-1,128,80,126,-1,126,80,79,-1,126,79,129,-1,129,79,130,-1,130,131,129,-1,129,131,132,-1,129,132,133,-1,134,135,136,-1,135,137,136,-1,136,137,138,-1,136,138,139,-1,140,136,141,-1,127,126,140,-1,140,126,142,-1,140,142,136,-1,136,142,143,-1,136,143,134,-1,141,144,140,-1,140,144,145,-1,140,145,146,-1,139,138,147,-1,147,138,148,-1,147,148,149,-1,149,148,150,-1,149,150,151,-1,152,153,146,-1,146,153,154,-1,146,154,140,-1,81,83,155,-1,155,83,156,-1,155,156,157,-1,158,159,160,-1,161,162,163,-1,163,162,164,-1,163,164,165,-1,162,166,164,-1,164,166,167,-1,164,167,168,-1,168,167,169,-1,168,169,170,-1,171,172,173,-1,173,172,174,-1,175,176,177,-1,177,176,178,-1,171,173,179,-1,179,173,175,-1,179,175,180,-1,181,182,183,-1,183,182,184,-1,183,184,185,-1,176,186,178,-1,178,186,187,-1,178,187,8,-1,8,187,188,-1,189,190,191,-1,192,193,194,-1,183,180,181,-1,181,180,175,-1,181,175,195,-1,195,175,196,-1,195,196,197,-1,197,196,198,-1,197,198,188,-1,188,198,191,-1,188,191,8,-1,8,191,190,-1,8,190,199,-1,6,8,200,-1,199,201,202,-1,194,193,191,-1,191,193,203,-1,191,203,189,-1,204,205,199,-1,199,205,206,-1,202,207,199,-1,199,207,208,-1,199,208,8,-1,8,208,209,-1,8,209,200,-1,210,211,194,-1,194,211,212,-1,194,212,192,-1,204,213,214,-1,206,215,199,-1,199,215,216,-1,199,216,217,-1,218,219,220,-1,220,219,221,-1,220,221,222,-1,214,223,204,-1,204,223,224,-1,204,224,205,-1,217,225,199,-1,199,225,226,-1,199,226,201,-1,213,204,220,-1,220,204,227,-1,220,227,218,-1,228,229,230,-1,230,229,231,-1,232,233,194,-1,194,233,234,-1,194,234,210,-1,235,236,237,-1,236,238,237,-1,237,238,239,-1,237,239,240,-1,235,237,241,-1,241,237,242,-1,241,242,243,-1,243,242,244,-1,244,242,245,-1,244,245,7,-1,246,247,34,-1,34,247,248,-1,34,248,39,-1,39,248,249,-1,39,249,250,-1,246,34,251,-1,251,34,12,-1,251,12,252,-1,253,254,17,-1,17,254,255,-1,17,255,12,-1,12,255,256,-1,12,256,252,-1,257,258,259,-1,259,258,260,-1,259,260,261,-1,257,262,258,-1,258,262,263,-1,258,263,253,-1,253,263,264,-1,253,264,254,-1,265,266,267,-1,267,266,268,-1,267,268,260,-1,260,268,269,-1,260,269,261,-1,270,271,272,-1,272,271,273,-1,272,273,267,-1,267,273,274,-1,267,274,265,-1,270,272,275,-1,275,272,276,-1,275,276,277,-1,277,276,278,-1,278,276,54,-1,278,54,279,-1,279,54,56,-1,279,56,280,-1,250,281,39,-1,39,281,282,-1,39,282,56,-1,56,282,283,-1,56,283,280,-1,284,285,168,-1,168,285,286,-1,287,288,289,-1,289,288,290,-1,287,291,288,-1,288,291,292,-1,288,292,293,-1,158,160,294,-1,294,160,295,-1,294,295,170,-1,170,295,288,-1,170,288,168,-1,168,288,293,-1,168,293,284,-1,296,297,298,-1,298,297,168,-1,298,168,299,-1,299,168,286,-1,290,288,300,-1,300,288,301,-1,300,301,302,-1,296,303,297,-1,297,303,304,-1,297,304,177,-1,177,304,305,-1,177,305,306,-1,175,177,196,-1,196,177,306,-1,196,306,301,-1,301,306,307,-1,301,307,302,-1,308,309,310,-1,311,312,313,-1,313,312,314,-1,308,310,315,-1,316,317,318,-1,242,319,320,-1,321,322,323,-1,311,324,312,-1,312,324,325,-1,312,325,326,-1,326,325,327,-1,328,329,327,-1,327,329,330,-1,327,330,326,-1,317,331,318,-1,318,331,332,-1,318,332,333,-1,334,335,310,-1,310,335,336,-1,310,336,315,-1,333,337,318,-1,318,337,338,-1,318,338,242,-1,242,338,314,-1,242,314,319,-1,319,314,312,-1,321,339,322,-1,322,339,340,-1,322,340,341,-1,341,340,342,-1,341,342,343,-1,320,344,242,-1,242,344,345,-1,242,345,346,-1,347,348,327,-1,327,348,349,-1,327,349,350,-1,351,352,353,-1,353,352,354,-1,353,354,355,-1,356,357,358,-1,358,357,359,-1,358,359,343,-1,343,359,360,-1,343,360,341,-1,350,361,327,-1,327,361,362,-1,327,362,328,-1,309,363,364,-1,364,363,365,-1,365,363,366,-1,365,366,367,-1,351,356,352,-1,352,356,358,-1,352,358,368,-1,368,358,369,-1,368,369,370,-1,370,369,371,-1,370,371,372,-1,372,371,373,-1,374,373,364,-1,364,373,371,-1,364,371,309,-1,309,371,369,-1,309,369,310,-1,375,376,5,-1,377,378,245,-1,379,380,5,-1,5,380,381,-1,346,321,242,-1,242,321,323,-1,242,323,245,-1,245,323,382,-1,245,382,377,-1,378,383,245,-1,245,383,384,-1,245,384,385,-1,385,384,386,-1,385,386,375,-1,387,388,376,-1,376,388,389,-1,376,389,5,-1,5,389,390,-1,5,390,379,-1,381,391,5,-1,5,391,392,-1,5,392,3,-1,393,394,395,-1,395,394,396,-1,395,396,397,-1,395,398,393,-1,393,398,399,-1,393,399,400,-1,400,401,393,-1,393,401,402,-1,393,402,403,-1,403,402,404,-1,403,404,405,-1,405,404,406,-1,405,406,376,-1,376,406,407,-1,376,407,387,-1,408,409,397,-1,397,409,410,-1,397,410,395,-1,411,412,355,-1,355,412,413,-1,355,413,353,-1,411,414,412,-1,412,414,415,-1,412,415,416,-1,416,415,417,-1,416,418,419,-1,417,420,416,-1,416,420,421,-1,416,421,422,-1,422,423,416,-1,416,423,424,-1,416,424,418,-1,419,425,416,-1,416,425,426,-1,416,426,427,-1,428,429,430,-1,431,432,433,-1,430,434,428,-1,428,434,435,-1,428,435,436,-1,436,435,431,-1,436,431,437,-1,437,431,433,-1,438,439,5,-1,375,5,385,-1,385,5,439,-1,385,439,434,-1,434,439,440,-1,434,440,435,-1,5,2,438,-1,438,2,441,-1,438,441,442,-1,1,443,2,-1,2,443,444,-1,2,444,441,-1,445,446,447,-1,374,364,4,-1,4,364,445,-1,4,445,5,-1,5,445,447,-1,5,447,2,-1,2,447,448,-1,2,448,449,-1,450,451,452,-1,452,451,453,-1,452,453,445,-1,445,453,454,-1,445,454,446,-1,449,455,2,-1,2,455,456,-1,2,456,0,-1,457,458,459,-1,457,459,460,-1,458,461,459,-1,459,461,462,-1,459,462,452,-1,452,462,463,-1,452,463,450,-1,464,465,466,-1,466,465,467,-1,468,469,470,-1,470,469,471,-1,470,471,472,-1,472,471,473,-1,472,473,474,-1,464,466,475,-1,475,466,471,-1,475,471,476,-1,476,471,469,-1,476,469,477,-1,469,478,477,-1,477,478,479,-1,477,479,480,-1,473,481,474,-1,474,481,482,-1,474,482,483,-1,483,482,484,-1,468,470,485,-1,485,470,486,-1,485,486,484,-1,484,486,430,-1,484,430,483,-1,483,430,429,-1,483,429,460,-1,232,194,231,-1,231,194,487,-1,231,487,230,-1,230,487,488,-1,230,488,489,-1,156,490,491,-1,492,488,493,-1,493,488,487,-1,493,487,491,-1,491,487,11,-1,491,11,156,-1,156,11,10,-1,156,10,157,-1,7,245,8,-1,8,245,385,-1,8,385,178,-1,178,385,434,-1,178,434,177,-1,177,434,430,-1,177,430,297,-1,297,430,486,-1,297,486,168,-1,168,486,470,-1,168,470,164,-1,489,490,230,-1,230,490,156,-1,230,156,494,-1,494,156,83,-1,495,496,497,-1,497,496,498,-1,499,500,501,-1,501,502,499,-1,499,502,497,-1,499,497,472,-1,472,497,498,-1,472,498,503,-1,158,165,159,-1,159,165,164,-1,159,164,500,-1,500,164,470,-1,500,470,501,-1,501,470,504,-1,505,503,506,-1,506,503,504,-1,506,504,507,-1,507,504,508,-1,505,509,503,-1,503,509,510,-1,503,510,511,-1,512,470,513,-1,513,470,472,-1,513,472,514,-1,514,472,503,-1,514,503,515,-1,515,503,511,-1,516,517,504,-1,504,517,518,-1,504,518,508,-1,512,519,470,-1,470,519,520,-1,470,520,504,-1,504,520,521,-1,504,521,516,-1,240,228,237,-1,237,228,230,-1,237,230,242,-1,242,230,494,-1,242,494,318,-1,318,494,522,-1,70,522,523,-1,523,522,524,-1,524,522,525,-1,525,522,494,-1,525,494,526,-1,70,523,83,-1,83,523,527,-1,83,527,494,-1,494,527,528,-1,494,528,526,-1,529,530,531,-1,531,530,525,-1,531,525,532,-1,532,525,526,-1,532,526,533,-1,533,526,534,-1,460,459,483,-1,483,459,535,-1,483,535,474,-1,474,535,536,-1,474,536,472,-1,472,536,537,-1,472,537,499,-1,59,61,70,-1,70,61,538,-1,70,538,522,-1,522,538,365,-1,522,365,318,-1,318,365,367,-1,318,367,316,-1,49,51,61,-1,61,51,539,-1,61,539,538,-1,538,539,540,-1,538,540,365,-1,365,540,541,-1,365,541,364,-1,364,541,542,-1,364,542,445,-1,445,542,543,-1,445,543,452,-1,452,543,544,-1,452,544,459,-1,459,544,545,-1,459,545,535,-1,535,545,546,-1,535,546,536,-1,536,546,547,-1,536,547,537,-1,
        ]
    }
}
Shape{
    appearance Appearance {
        material  Material 	{
            diffuseColor 0.0 0.5019607843137255 0.0
            specularColor 0.0 0.25098039215686274 0.0
            ambientIntensity 0.2947
            transparency 0.0
            shininess 0.5
        }
    }
    geometry IndexedFaceSet {
        ccw TRUE
        solid FALSE
        coord DEF co Coordinate {
            point [
                -1.0236 2.4016 0.0079, -1.122 2.4016 0.0079, -1.122 3.1102 0.0079, 1.122 2.4016 0.0079, 1.0236 2.4016 0.0079, 1.0236 3.1102 0.0079, 1.5748 2.4016 0.0079, 1.4764 2.4016 0.0079, 1.4764 3.1102 0.0079, -2.0866 0.6152 0.0079, -2.3819 0.6152 0.0079, -2.3819 0.7677 0.0079, 2.874 -2.4016 0.0079, 2.3819 -2.4016 0.0079, 2.3819 -1.5256 0.0079, -2.7362 -2.6378 0.0079, -2.7362 -3.0315 0.0079, -2.874 -3.0709 0.0079, -3.4449 -3.1102 0.0079, -3.4843 -3.1102 0.0079, -3.4843 -3.0709 0.0079, 0.0 -3.1102 0.0079, -0.6693 -3.1102 0.0079, -0.6693 -3.0709 0.0079, 1.5748 -3.1102 0.0079, 1.4764 -3.1102 0.0079, 1.4764 -3.0709 0.0079, 3.4843 -3.1102 0.0079, 2.874 -3.1102 0.0079, 2.874 -3.0709 0.0079, -0.9744 0.6201 0.0079, -0.9744 0.6152 0.0079, -1.0236 0.6152 0.0079, -0.1378 2.6378 0.0079, 0.0 2.6378 0.0079, 0.0 2.4016 0.0079, -1.5551 1.7717 0.0079, -1.4764 1.7717 0.0079, -1.4764 1.5256 0.0079, 2.1457 -0.8071 0.0079, 2.1457 -1.0335 0.0079, 1.9488 -1.0335 0.0079, -3.0118 -0.1378 0.0079, -3.0118 0.0 0.0079, -2.874 0.0 0.0079, -0.9744 -0.6201 0.0079, -0.6693 -0.6201 0.0079, -0.6693 -0.6742 0.0079, -0.4429 -0.6201 0.0079, 0.0 -0.6742 0.0079, -1.0236 -0.6742 0.0079, -1.0236 -0.6152 0.0079, -0.9744 -0.6152 0.0079, -0.6693 -0.0886 0.0079, -0.9744 -0.0886 0.0079, -1.0236 0.0 0.0079, -0.6693 0.0 0.0079, 0.0 0.0 0.0079, -0.2657 -0.0886 0.0079, 0.0 -0.0886 0.0079, -0.4429 -0.0886 0.0079, -0.4429 -0.6152 0.0079, -0.2657 -0.6152 0.0079, -0.2657 -0.6201 0.0079, 0.0 -0.6201 0.0079, 0.2805 -0.6742 0.0079, 0.2657 -0.6201 0.0079, 0.2805 -0.6152 0.0079, 0.2657 -0.6152 0.0079, 0.2657 -0.0886 0.0079, 0.2805 0.0 0.0079, 0.6693 0.0 0.0079, 0.6693 -0.0886 0.0079, 0.4429 -0.0886 0.0079, 0.4429 -0.6152 0.0079, 0.4429 -0.6201 0.0079, 0.6693 -0.6742 0.0079, 0.6693 -0.6201 0.0079, 1.0236 -0.6742 0.0079, 0.9744 -0.6152 0.0079, 0.9744 -0.0886 0.0079, 1.0236 0.0 0.0079, 1.4764 1.5256 0.0079, 1.5157 1.4567 0.0079, 1.5157 1.063 0.0079, 1.5748 1.4567 0.0079, 1.5748 1.5256 0.0079, 1.7913 1.4567 0.0079, 1.9488 1.5256 0.0079, 1.7913 1.063 0.0079, 1.9488 0.7677 0.0079, 1.5748 1.063 0.0079, 1.5748 0.7677 0.0079, 1.4764 0.7677 0.0079, -2.0866 2.6378 0.0079, -2.0276 2.6378 0.0079, -1.4764 2.4016 0.0079, -1.8701 3.0315 0.0079, -2.0866 3.1102 0.0079, -1.5945 3.0315 0.0079, -1.4764 3.1102 0.0079, -1.5945 2.6378 0.0079, -1.8701 2.6378 0.0079, -2.0276 3.0315 0.0079, -2.0866 3.0315 0.0079, -2.3819 3.1102 0.0079, -2.3031 3.0315 0.0079, -2.3819 2.4016 0.0079, 1.0236 1.5256 0.0079, 1.0236 1.7717 0.0079, 1.122 1.5256 0.0079, 1.0827 1.7717 0.0079, 1.0827 2.1654 0.0079, 1.0236 2.1654 0.0079, 0.6693 2.4016 0.0079, 0.8071 2.1654 0.0079, 0.6693 1.5256 0.0079, 0.8071 1.7717 0.0079, 0.1378 1.7717 0.0079, 0.2805 1.5256 0.0079, 0.0 1.7717 0.0079, 0.0 1.5256 0.0079, -0.1378 1.7717 0.0079, 0.1378 2.1654 0.0079, 0.0 2.1654 0.0079, -0.1378 2.1654 0.0079, -0.3346 2.1654 0.0079, -0.6102 2.1654 0.0079, -0.6693 2.4016 0.0079, -0.6102 1.7717 0.0079, -0.6693 1.5256 0.0079, -0.3346 1.7717 0.0079, -1.0827 2.1654 0.0079, -1.0827 1.7717 0.0079, -1.0236 2.1654 0.0079, -0.8071 2.1654 0.0079, -0.8071 1.7717 0.0079, -1.0236 1.7717 0.0079, -1.0236 1.5256 0.0079, -1.122 1.5256 0.0079, 2.3819 1.5256 0.0079, 1.9488 1.7717 0.0079, 1.752 1.7717 0.0079, 1.752 2.1654 0.0079, 1.9488 2.1654 0.0079, 1.9488 2.4016 0.0079, 2.0276 2.1654 0.0079, 2.3819 2.4016 0.0079, 2.0276 1.7717 0.0079, 0.8465 1.063 0.0079, 1.0236 0.7677 0.0079, 0.6693 1.063 0.0079, 0.6693 0.7677 0.0079, 0.5709 1.063 0.0079, 0.8465 1.4567 0.0079, 0.6693 1.4567 0.0079, 0.5709 1.4567 0.0079, -1.3189 1.063 0.0079, -1.4764 0.7677 0.0079, -1.3189 1.4567 0.0079, -1.122 1.4567 0.0079, -1.0433 1.4567 0.0079, -1.0433 1.063 0.0079, -1.0236 0.7677 0.0079, -1.122 1.063 0.0079, -1.122 0.7677 0.0079, 0.5709 -1.4567 0.0079, 0.374 -1.4567 0.0079, 0.5709 -1.063 0.0079, 0.374 -1.063 0.0079, 0.2805 -1.4567 0.0079, 0.2805 -1.5256 0.0079, 0.6693 -1.5256 0.0079, 0.6693 -1.4567 0.0079, 1.0236 -1.5256 0.0079, 0.8465 -1.4567 0.0079, 0.6693 -1.063 0.0079, 0.6693 -1.0335 0.0079, 0.8465 -1.063 0.0079, 1.0236 -1.0335 0.0079, -2.0276 -1.7717 0.0079, -2.0276 -2.1654 0.0079, -2.0866 -2.4016 0.0079, -1.5551 -2.1654 0.0079, -1.752 -2.1654 0.0079, -1.5551 -1.7717 0.0079, -1.752 -1.7717 0.0079, -1.4764 -1.5256 0.0079, -2.0866 -1.5256 0.0079, -1.4764 -2.4016 0.0079, -1.4764 -2.1654 0.0079, -1.122 -2.4016 0.0079, -1.2795 -2.1654 0.0079, -1.122 -1.5256 0.0079, -1.2795 -1.7717 0.0079, -1.4764 -1.7717 0.0079, 1.4764 -2.4016 0.0079, 1.122 -2.4016 0.0079, 1.2795 -2.1654 0.0079, 1.4764 -2.1654 0.0079, 1.5551 -2.1654 0.0079, 1.5748 -2.4016 0.0079, 1.5551 -1.7717 0.0079, 1.2795 -1.7717 0.0079, 1.122 -1.5256 0.0079, 1.4764 -1.7717 0.0079, 1.4764 -1.5256 0.0079, 1.5748 -1.5256 0.0079, -0.5709 -3.0315 0.0079, -0.2953 -3.0315 0.0079, -0.2953 -2.6378 0.0079, -0.5709 -2.6378 0.0079, -0.6693 -2.4016 0.0079, -0.1378 -3.0315 0.0079, 0.0 -3.0315 0.0079, 0.0 -3.0709 0.0079, 0.1378 -3.0315 0.0079, 2.0276 -1.7717 0.0079, 2.0276 -2.1654 0.0079, 1.9488 -2.1654 0.0079, 1.9488 -2.4016 0.0079, 1.752 -2.1654 0.0079, 1.752 -1.7717 0.0079, 1.9488 -1.7717 0.0079, 1.9488 -1.5256 0.0079, -3.4449 0.7677 0.0079, -3.4449 1.5256 0.0079, -3.4055 1.1614 0.0079, -3.4055 1.437 0.0079, -2.874 0.7677 0.0079, -3.0118 0.7677 0.0079, -3.0118 1.0039 0.0079, -3.0118 1.437 0.0079, -2.874 1.5256 0.0079, -3.0118 1.1614 0.0079, -3.0118 0.7283 0.0079, -2.874 0.6152 0.0079, -3.4055 0.7283 0.0079, -3.4449 0.6152 0.0079, -3.4055 0.7677 0.0079, -3.4055 1.0039 0.0079, -2.874 0.2165 0.0079, -3.0118 0.1378 0.0079, -3.4449 0.2165 0.0079, -3.4055 0.1378 0.0079, -3.4449 0.0 0.0079, -3.4055 -0.2953 0.0079, -3.4449 -0.6152 0.0079, -3.4055 -0.5709 0.0079, -3.0118 -0.5709 0.0079, -3.4055 0.0 0.0079, -3.4055 -0.1378 0.0079, -3.0118 -0.2953 0.0079, -2.5394 -0.3346 0.0079, -2.5394 -0.6102 0.0079, -2.874 -0.6152 0.0079, -2.3819 -0.6102 0.0079, -2.3819 -0.6152 0.0079, -2.1457 -0.6102 0.0079, -2.1457 -0.1378 0.0079, -2.1457 -0.3346 0.0079, -2.3819 -0.1378 0.0079, -2.3819 -0.3346 0.0079, -2.5394 -0.1378 0.0079, 2.1457 -1.0827 0.0079, 1.9488 -0.6742 0.0079, 2.3819 -0.6742 0.0079, 2.3819 -0.8071 0.0079, 2.5394 -0.8071 0.0079, 2.874 -0.6742 0.0079, 2.5394 -1.0335 0.0079, 2.874 -1.0335 0.0079, 2.5394 -1.0827 0.0079, 2.874 -1.5256 0.0079, 2.3819 -1.0827 0.0079, 2.1457 0.0 0.0079, 2.1457 -0.1378 0.0079, 1.9488 -0.6152 0.0079, 1.9488 0.2165 0.0079, 2.3819 0.2165 0.0079, 2.3819 0.1378 0.0079, 2.5394 -0.3346 0.0079, 2.874 0.0 0.0079, 2.5394 -0.6102 0.0079, 2.874 -0.6152 0.0079, 2.3819 -0.6152 0.0079, 2.5394 0.1378 0.0079, 2.874 0.2165 0.0079, 2.5394 0.0 0.0079, 2.5394 -0.1378 0.0079, 2.3819 -0.1378 0.0079, 2.3819 -0.3346 0.0079, 2.1457 -0.3346 0.0079, 2.1457 -0.6102 0.0079, 2.3819 -0.6102 0.0079, 3.0118 -0.2953 0.0079, 3.0118 -0.1378 0.0079, 3.4055 -0.2953 0.0079, 3.4055 -0.1378 0.0079, 3.4055 -0.5709 0.0079, 3.4843 -0.6152 0.0079, 3.0118 -0.5709 0.0079, 3.4843 0.0 0.0079, 3.4055 0.0 0.0079, 3.4843 0.2165 0.0079, 3.4055 0.1378 0.0079, 3.0118 0.1378 0.0079, 3.0118 0.0 0.0079, 3.0118 0.7677 0.0079, 3.0118 0.7283 0.0079, 2.874 0.6152 0.0079, 3.4843 0.7677 0.0079, 3.4843 0.6152 0.0079, 3.4055 0.7283 0.0079, 3.4055 0.7677 0.0079, 3.4055 1.0039 0.0079, 3.4843 1.5256 0.0079, 3.0118 1.0039 0.0079, 3.0118 1.1614 0.0079, 2.874 0.7677 0.0079, 3.0118 1.437 0.0079, 2.874 1.5256 0.0079, 3.4055 1.437 0.0079, 3.4055 1.1614 0.0079, 2.3819 0.7677 0.0079, 2.3819 0.8071 0.0079, 2.5394 0.8071 0.0079, 2.1457 0.8071 0.0079, 2.1457 1.0827 0.0079, 2.3819 1.0827 0.0079, 2.5394 1.0827 0.0079, -2.3819 1.0827 0.0079, -2.5394 1.0827 0.0079, -2.5394 0.8071 0.0079, 2.1457 0.6102 0.0079, 2.1457 0.3346 0.0079, 2.3819 0.3346 0.0079, 2.5394 0.3346 0.0079, 2.5394 0.6102 0.0079, 2.3819 0.6152 0.0079, -2.1457 -0.8071 0.0079, -2.0866 -0.6742 0.0079, -2.1457 -1.0335 0.0079, -2.0866 -1.0335 0.0079, -2.1457 -1.0827 0.0079, -2.3819 -1.0827 0.0079, -2.3819 -1.5256 0.0079, -2.5394 -1.0827 0.0079, -2.874 -1.5256 0.0079, -2.5394 -1.0335 0.0079, -2.874 -1.0335 0.0079, -2.5394 -0.8071 0.0079, -2.874 -0.6742 0.0079, -2.5394 0.0 0.0079, -2.5394 0.1378 0.0079, -2.3819 0.2165 0.0079, -2.0866 -0.6152 0.0079, -2.0866 0.0 0.0079, -2.1457 0.0 0.0079, -2.0866 0.2165 0.0079, -2.1457 0.1378 0.0079, -2.3819 0.1378 0.0079, -1.8701 -3.0315 0.0079, -2.0276 -3.0315 0.0079, -1.8701 -2.6378 0.0079, -2.0276 -2.6378 0.0079, -1.5945 -2.6378 0.0079, -1.5945 -3.0315 0.0079, -1.4764 -3.0709 0.0079, -2.0866 -3.0709 0.0079, -2.0866 -2.6378 0.0079, -2.3819 -2.4016 0.0079, -2.3031 -2.6378 0.0079, -2.3819 -3.0709 0.0079, -2.3031 -3.0315 0.0079, -2.0866 -3.0315 0.0079, 1.7913 -1.063 0.0079, 1.7913 -1.4567 0.0079, 1.5748 -1.4567 0.0079, 1.5157 -1.4567 0.0079, 1.5157 -1.063 0.0079, 1.4764 -1.0335 0.0079, 1.5748 -1.063 0.0079, 1.5748 -1.0335 0.0079, 1.0236 -2.4016 0.0079, 0.6693 -2.4016 0.0079, 0.8071 -2.1654 0.0079, 1.0236 -2.1654 0.0079, 1.0827 -2.1654 0.0079, 1.0827 -1.7717 0.0079, 0.8071 -1.7717 0.0079, 1.0236 -1.7717 0.0079, -0.6102 -2.1654 0.0079, -0.3346 -2.1654 0.0079, 0.0 -1.5256 0.0079, 0.0 -1.7717 0.0079, -0.1378 -1.7717 0.0079, -0.6102 -1.7717 0.0079, -0.6693 -1.5256 0.0079, -0.3346 -1.7717 0.0079, 0.1378 -1.7717 0.0079, 0.1378 -2.1654 0.0079, 0.2805 -2.4016 0.0079, 0.0 -2.1654 0.0079, 0.0 -2.4016 0.0079, -0.1378 -2.1654 0.0079, -1.0827 -1.7717 0.0079, -1.0236 -1.7717 0.0079, -1.0236 -1.5256 0.0079, -0.8071 -1.7717 0.0079, -0.8071 -2.1654 0.0079, -1.0236 -2.1654 0.0079, -1.0236 -2.4016 0.0079, -1.0827 -2.1654 0.0079, 1.0433 -1.063 0.0079, 1.0433 -1.4567 0.0079, 1.122 -1.063 0.0079, 1.122 -1.0335 0.0079, 1.3189 -1.063 0.0079, 1.3189 -1.4567 0.0079, 1.122 -1.4567 0.0079, 0.2805 -1.0335 0.0079, 0.2805 -1.063 0.0079, 0.0984 -1.063 0.0079, 0.0984 -1.4567 0.0079, 0.0 -1.0335 0.0079, -0.5709 -1.063 0.0079, -0.6693 -1.063 0.0079, -0.6693 -1.0335 0.0079, -0.8465 -1.063 0.0079, -1.0236 -1.0335 0.0079, -0.8465 -1.4567 0.0079, -0.6693 -1.4567 0.0079, -0.5709 -1.4567 0.0079, -0.374 -1.4567 0.0079, -0.0984 -1.4567 0.0079, -0.0984 -1.063 0.0079, -0.374 -1.063 0.0079, -0.0984 1.4567 0.0079, -0.0984 1.063 0.0079, 0.0 0.7677 0.0079, -0.374 1.063 0.0079, -0.374 1.4567 0.0079, -0.5709 1.063 0.0079, -0.6693 1.063 0.0079, -0.6693 0.7677 0.0079, -0.8465 1.063 0.0079, -0.8465 1.4567 0.0079, -0.6693 1.4567 0.0079, -0.5709 1.4567 0.0079, 0.374 1.063 0.0079, 0.2805 1.063 0.0079, 0.2805 0.7677 0.0079, 0.0984 1.063 0.0079, 0.0984 1.4567 0.0079, 0.2805 1.4567 0.0079, 0.374 1.4567 0.0079, 1.0433 1.4567 0.0079, 1.0433 1.063 0.0079, 1.122 1.4567 0.0079, 1.3189 1.4567 0.0079, 1.3189 1.063 0.0079, 1.122 1.063 0.0079, 1.122 0.7677 0.0079, 1.2795 1.7717 0.0079, 1.2795 2.1654 0.0079, 1.4764 2.1654 0.0079, 1.5551 2.1654 0.0079, 1.5551 1.7717 0.0079, 1.4764 1.7717 0.0079, -1.2795 1.7717 0.0079, -1.2795 2.1654 0.0079, -1.4764 2.1654 0.0079, -1.5551 2.1654 0.0079, -1.752 2.1654 0.0079, -2.0276 2.1654 0.0079, -2.0866 2.4016 0.0079, -2.0276 1.7717 0.0079, 0.2805 2.4016 0.0079, 0.1378 2.6378 0.0079, 0.0 3.0315 0.0079, 0.0 3.1102 0.0079, 0.1378 3.0315 0.0079, 0.2805 3.1102 0.0079, -0.2953 2.6378 0.0079, -0.1378 3.0315 0.0079, -0.2953 3.0315 0.0079, -0.6693 3.1102 0.0079, -0.5709 3.0315 0.0079, -0.5709 2.6378 0.0079, 0.4429 0.6201 0.0079, 0.6693 0.6201 0.0079, 0.9744 0.6201 0.0079, 0.9744 0.6152 0.0079, 0.6693 0.0886 0.0079, 0.2805 0.6152 0.0079, 0.4429 0.6152 0.0079, 0.4429 0.2165 0.0079, -0.2657 0.0886 0.0079, -0.4429 0.0886 0.0079, -0.2657 0.2165 0.0079, -0.4429 0.2165 0.0079, -0.4429 0.6152 0.0079, -0.4429 0.6201 0.0079, -0.2657 0.6201 0.0079, -0.2657 0.6152 0.0079, 0.0 0.6201 0.0079, 0.2657 0.6201 0.0079, 0.4429 0.0886 0.0079, 0.2805 0.2165 0.0079, 0.2657 0.6152 0.0079, -0.6693 0.0886 0.0079, 0.0 0.0886 0.0079, 0.2657 0.0886 0.0079, 0.2657 0.2165 0.0079, -0.9744 0.0886 0.0079, -0.6693 0.6201 0.0079, 2.3819 -3.0709 0.0079, 2.3819 -3.1102 0.0079, 1.9488 -3.0709 0.0079, 1.9488 -3.1102 0.0079, 1.5748 -3.0709 0.0079, 1.122 -3.0709 0.0079, 0.2805 -3.1102 0.0079, 0.2805 -3.0709 0.0079, 0.6693 -3.1102 0.0079, 0.6693 -3.0709 0.0079, 1.0236 -3.1102 0.0079, 1.0236 -3.0709 0.0079, 1.122 -3.1102 0.0079, 0.1378 -2.6378 0.0079, 0.0 -2.6378 0.0079, -0.1378 -2.6378 0.0079, -1.0236 -3.0709 0.0079, -3.4449 -3.0709 0.0079, -2.874 -3.1102 0.0079, -2.3819 -3.1102 0.0079, -2.0866 -3.1102 0.0079, -1.4764 -3.1102 0.0079, -1.122 -3.1102 0.0079, -1.122 -3.0709 0.0079, -1.0236 -3.1102 0.0079, 3.4843 -3.0709 0.0079, 3.4843 -2.4016 0.0079, 2.4606 -3.0315 0.0079, 2.7362 -3.0315 0.0079, 2.4606 -2.6378 0.0079, 2.7362 -2.6378 0.0079, 2.0276 -2.6378 0.0079, 2.3031 -2.6378 0.0079, 2.3031 -3.0315 0.0079, 2.0276 -3.0315 0.0079, 1.5945 -3.0315 0.0079, 1.8701 -3.0315 0.0079, 1.8701 -2.6378 0.0079, 1.5945 -2.6378 0.0079, 1.1614 -3.0315 0.0079, 1.437 -3.0315 0.0079, 1.437 -2.6378 0.0079, 1.1614 -2.6378 0.0079, 1.0039 -2.6378 0.0079, 0.7283 -2.6378 0.0079, 0.7283 -3.0315 0.0079, 1.0039 -3.0315 0.0079, 0.2953 -2.6378 0.0079, 0.5709 -2.6378 0.0079, 0.5709 -3.0315 0.0079, 0.2953 -3.0315 0.0079, -1.0039 -3.0315 0.0079, -0.7283 -3.0315 0.0079, -0.7283 -2.6378 0.0079, -1.0039 -2.6378 0.0079, -1.1614 -2.6378 0.0079, -1.437 -2.6378 0.0079, -1.437 -3.0315 0.0079, -1.1614 -3.0315 0.0079, -2.4606 -3.0315 0.0079, -2.4606 -2.6378 0.0079, -2.874 -2.4016 0.0079, -3.4449 -2.4016 0.0079, 3.0118 -1.8701 0.0079, 3.4055 -1.8701 0.0079, 3.4843 -1.5256 0.0079, 3.4055 -1.5945 0.0079, 3.0118 -1.5945 0.0079, 0.6102 -2.1654 0.0079, 0.6102 -1.7717 0.0079, 0.3346 -2.1654 0.0079, 0.3346 -1.7717 0.0079, -3.4449 -1.5256 0.0079, -3.4055 -1.5945 0.0079, -3.4055 -1.8701 0.0079, -3.0118 -1.5945 0.0079, -3.0118 -1.8701 0.0079, 3.0118 -1.1614 0.0079, 3.4055 -1.1614 0.0079, 3.4843 -1.0335 0.0079, 3.4055 -1.437 0.0079, 3.0118 -1.437 0.0079, -3.4449 -1.0335 0.0079, -3.4055 -1.1614 0.0079, -3.4055 -1.437 0.0079, -3.0118 -1.437 0.0079, -3.0118 -1.1614 0.0079, 3.0118 -0.7283 0.0079, 3.4055 -0.7283 0.0079, 3.4843 -0.6742 0.0079, 3.4055 -1.0039 0.0079, 3.0118 -1.0039 0.0079, 1.5748 -0.6742 0.0079, 1.4764 -0.6742 0.0079, 1.122 -0.6742 0.0079, -3.4449 -0.6742 0.0079, -3.4055 -0.7283 0.0079, -3.4055 -1.0039 0.0079, -3.0118 -1.0039 0.0079, -3.0118 -0.7283 0.0079, 0.9744 -0.6201 0.0079, 1.0236 -0.6152 0.0079, 1.122 -0.6152 0.0079, 1.4764 -0.6152 0.0079, 1.5748 -0.6152 0.0079, -1.122 0.0 0.0079, -1.122 -0.6152 0.0079, -1.122 -0.6742 0.0079, -1.122 -1.0335 0.0079, -2.3819 -0.6742 0.0079, -2.3819 -0.8071 0.0079, 1.122 0.0 0.0079, 1.4764 0.0 0.0079, 1.5748 0.0 0.0079, 1.9488 0.0 0.0079, 2.1457 0.1378 0.0079, -1.4764 0.2165 0.0079, -1.4764 0.0 0.0079, -1.4764 -0.6152 0.0079, -1.4764 -0.6742 0.0079, -1.4764 -1.0335 0.0079, -1.3189 -1.063 0.0079, -1.3189 -1.4567 0.0079, -1.122 -1.4567 0.0079, -1.0433 -1.4567 0.0079, -1.0433 -1.063 0.0079, -1.122 -1.063 0.0079, 0.9744 0.0886 0.0079, 1.0236 0.2165 0.0079, 1.122 0.2165 0.0079, 1.4764 0.2165 0.0079, 1.5748 0.2165 0.0079, -1.122 0.2165 0.0079, -1.0236 0.2165 0.0079, -0.9744 0.2165 0.0079, -1.7913 -1.063 0.0079, -1.7913 -1.4567 0.0079, -1.5157 -1.4567 0.0079, -1.5157 -1.063 0.0079, 3.4055 0.5709 0.0079, 3.0118 0.5709 0.0079, 3.4055 0.2953 0.0079, 3.0118 0.2953 0.0079, 1.0236 0.6152 0.0079, 1.122 0.6152 0.0079, 1.4764 0.6152 0.0079, 1.5748 0.6152 0.0079, 1.9488 0.6152 0.0079, 2.3819 0.6102 0.0079, -1.122 0.6152 0.0079, -1.4764 0.6152 0.0079, -3.0118 0.5709 0.0079, -3.0118 0.2953 0.0079, -3.4055 0.2953 0.0079, -3.4055 0.5709 0.0079, 0.9744 0.2165 0.0079, -2.0866 0.7677 0.0079, -2.3819 0.8071 0.0079, -2.5394 0.6102 0.0079, -2.5394 0.3346 0.0079, -2.3819 0.3346 0.0079, -2.1457 0.3346 0.0079, -2.1457 0.6102 0.0079, -2.3819 0.6102 0.0079, -1.5157 1.4567 0.0079, -1.5157 1.063 0.0079, -1.7913 1.063 0.0079, -1.7913 1.4567 0.0079, -2.0866 1.5256 0.0079, -2.3031 2.6378 0.0079, -1.752 1.7717 0.0079, 3.0118 1.8701 0.0079, 3.0118 1.5945 0.0079, 3.4055 1.8701 0.0079, 3.4843 2.4016 0.0079, 3.4055 1.5945 0.0079, 2.874 2.4016 0.0079, 0.3346 2.1654 0.0079, 0.3346 1.7717 0.0079, 0.6102 2.1654 0.0079, 0.6102 1.7717 0.0079, -2.1457 0.8071 0.0079, -2.1457 1.0827 0.0079, -2.3819 1.5256 0.0079, -2.874 2.4016 0.0079, -3.0118 1.8701 0.0079, -3.4449 2.4016 0.0079, -3.4055 1.8701 0.0079, -3.4055 1.5945 0.0079, -3.0118 1.5945 0.0079, 2.874 3.1102 0.0079, 3.4843 3.1102 0.0079, 2.4606 3.0315 0.0079, 2.3819 3.1102 0.0079, 2.7362 3.0315 0.0079, 2.7362 2.6378 0.0079, 2.4606 2.6378 0.0079, 2.3031 3.0315 0.0079, 2.3031 2.6378 0.0079, 2.0276 2.6378 0.0079, 2.0276 3.0315 0.0079, 1.9488 3.1102 0.0079, 1.5748 3.1102 0.0079, 1.5945 2.6378 0.0079, 1.8701 2.6378 0.0079, 1.8701 3.0315 0.0079, 1.5945 3.0315 0.0079, 1.122 3.1102 0.0079, 1.1614 2.6378 0.0079, 1.437 2.6378 0.0079, 1.437 3.0315 0.0079, 1.1614 3.0315 0.0079, 0.6693 3.1102 0.0079, 0.7283 3.0315 0.0079, 0.7283 2.6378 0.0079, 1.0039 3.0315 0.0079, 1.0039 2.6378 0.0079, 0.2953 3.0315 0.0079, 0.2953 2.6378 0.0079, 0.5709 3.0315 0.0079, 0.5709 2.6378 0.0079, -1.0236 3.1102 0.0079, -1.0039 2.6378 0.0079, -0.7283 2.6378 0.0079, -0.7283 3.0315 0.0079, -1.0039 3.0315 0.0079, -1.437 3.0315 0.0079, -1.437 2.6378 0.0079, -1.1614 3.0315 0.0079, -1.1614 2.6378 0.0079, -2.7362 3.0315 0.0079, -2.7362 2.6378 0.0079, -2.4606 2.6378 0.0079, -2.4606 3.0315 0.0079, -2.874 3.1102 0.0079, -3.4449 3.1102 0.0079, -3.4843 -2.4016 0.0079, -3.4843 -1.5256 0.0079, -3.4843 -1.0335 0.0079, -3.4843 -0.6742 0.0079, -3.4843 -0.6152 0.0079, -3.4843 0.0 0.0079, -3.4843 0.2165 0.0079, -3.4843 0.6152 0.0079, -3.4843 0.7677 0.0079, -3.4843 1.5256 0.0079, -3.4843 2.4016 0.0079, -3.4843 3.1102 0.0079, 3.4843 3.1102 0.3228, 3.4843 -3.1102 0.3228, -3.4843 3.1102 0.3228, -3.4843 -3.1102 0.3228, -3.1999 -2.9094 0.3228, -3.2283 -2.8976 0.3228, -3.2528 -2.8788 0.3228, -3.2716 -2.8543 0.3228, 3.1999 2.9094 0.3228, 3.2283 2.8976 0.3228, 3.2528 2.8788 0.3228, 3.2716 2.8543 0.3228, 3.2844 -2.8216 0.3228, 3.2757 -2.8465 0.3228, -3.2844 2.8216 0.3228, -3.2757 2.8465 0.3228, 3.2834 2.8258 0.3228, 3.2874 2.7953 0.3228, 3.2874 -2.7953 0.3228, 3.2616 -2.8689 0.3228, 3.2429 -2.8876 0.3228, 3.2205 -2.9017 0.3228, -3.2616 2.8689 0.3228, -3.2429 2.8876 0.3228, -3.2205 2.9017 0.3228, 3.1956 -2.9104 0.3228, 3.1693 -2.9134 0.3228, -3.1693 -2.9134 0.3228, -3.2834 -2.8258 0.3228, -3.2874 -2.7953 0.3228, -3.2874 2.7953 0.3228, -3.1956 2.9104 0.3228, -3.1693 2.9134 0.3228, 3.1693 2.9134 0.3228
            ]
        }
        coordIndex [
            0,1,2,-1,3,4,5,-1,6,7,8,-1,9,10,11,-1,12,13,14,-1,15,16,17,-1,18,19,20,-1,21,22,23,-1,24,25,26,-1,27,28,29,-1,30,31,32,-1,33,34,35,-1,36,37,38,-1,39,40,41,-1,42,43,44,-1,45,46,47,-1,47,46,48,-1,47,48,49,-1,50,51,52,-1,53,54,55,-1,56,57,58,-1,58,57,59,-1,53,56,60,-1,60,56,58,-1,60,58,61,-1,61,58,62,-1,61,62,48,-1,48,62,63,-1,48,63,49,-1,49,63,64,-1,49,64,65,-1,65,64,66,-1,65,66,67,-1,67,66,68,-1,67,68,69,-1,59,57,69,-1,69,57,70,-1,69,70,67,-1,71,72,70,-1,70,72,73,-1,70,73,67,-1,67,73,74,-1,67,74,65,-1,65,74,75,-1,65,75,76,-1,76,75,77,-1,76,77,78,-1,79,80,81,-1,82,83,84,-1,83,82,85,-1,85,82,86,-1,85,86,87,-1,87,86,88,-1,87,88,89,-1,89,88,90,-1,89,90,91,-1,91,90,92,-1,91,92,84,-1,84,92,93,-1,84,93,82,-1,94,95,96,-1,97,98,99,-1,99,98,100,-1,101,96,102,-1,102,96,95,-1,102,95,97,-1,97,95,103,-1,97,103,98,-1,98,103,104,-1,98,104,105,-1,105,104,106,-1,105,106,107,-1,108,109,110,-1,110,109,111,-1,110,111,3,-1,3,111,112,-1,3,112,4,-1,4,112,113,-1,4,113,114,-1,114,113,115,-1,114,115,116,-1,116,115,117,-1,118,119,120,-1,120,119,121,-1,120,121,122,-1,123,124,35,-1,35,124,125,-1,126,127,128,-1,128,127,129,-1,128,129,130,-1,130,129,131,-1,1,132,133,-1,132,1,134,-1,134,1,0,-1,134,0,135,-1,135,0,128,-1,135,128,136,-1,136,128,130,-1,136,130,137,-1,137,130,138,-1,137,138,133,-1,133,138,139,-1,133,139,1,-1,140,88,141,-1,141,88,142,-1,142,88,86,-1,142,86,143,-1,143,86,6,-1,143,6,144,-1,144,6,145,-1,144,145,146,-1,146,145,147,-1,146,147,148,-1,149,150,151,-1,151,150,152,-1,151,152,153,-1,154,116,108,-1,108,116,117,-1,108,117,109,-1,154,155,116,-1,116,155,156,-1,116,156,119,-1,157,158,159,-1,159,158,38,-1,159,38,160,-1,160,38,139,-1,160,139,161,-1,161,139,138,-1,161,138,162,-1,162,138,163,-1,162,163,164,-1,164,163,165,-1,164,165,157,-1,157,165,158,-1,166,167,168,-1,168,167,169,-1,170,167,171,-1,171,167,166,-1,171,166,172,-1,172,166,173,-1,172,173,174,-1,174,173,175,-1,176,177,178,-1,178,177,179,-1,180,181,182,-1,183,184,185,-1,185,184,186,-1,185,186,187,-1,187,186,188,-1,181,184,182,-1,182,184,183,-1,182,183,189,-1,189,183,190,-1,189,190,191,-1,191,190,192,-1,193,194,187,-1,187,194,195,-1,187,195,185,-1,196,197,198,-1,199,200,201,-1,201,200,202,-1,203,204,205,-1,205,204,206,-1,205,206,202,-1,202,206,207,-1,202,207,201,-1,23,208,209,-1,210,211,212,-1,213,214,215,-1,215,214,216,-1,217,14,218,-1,218,14,13,-1,218,13,219,-1,219,13,220,-1,219,220,221,-1,221,220,201,-1,221,201,222,-1,222,201,207,-1,222,207,223,-1,223,207,224,-1,223,224,217,-1,217,224,14,-1,225,226,227,-1,227,226,228,-1,229,230,231,-1,228,226,232,-1,232,226,233,-1,232,233,234,-1,230,229,235,-1,235,229,236,-1,235,236,237,-1,237,236,238,-1,237,238,239,-1,239,238,225,-1,239,225,240,-1,240,225,227,-1,240,227,231,-1,231,227,234,-1,231,234,229,-1,44,43,241,-1,241,43,242,-1,241,242,243,-1,243,242,244,-1,243,244,245,-1,245,246,247,-1,247,246,248,-1,247,248,249,-1,244,250,245,-1,245,250,251,-1,245,251,246,-1,246,251,252,-1,253,254,255,-1,254,256,257,-1,257,256,258,-1,259,260,261,-1,261,260,262,-1,261,262,263,-1,41,40,224,-1,224,40,264,-1,224,264,14,-1,265,266,267,-1,267,266,268,-1,268,266,269,-1,268,269,270,-1,270,269,271,-1,270,271,272,-1,272,271,273,-1,272,273,274,-1,275,276,277,-1,278,279,280,-1,281,282,283,-1,283,282,284,-1,283,284,285,-1,280,279,286,-1,286,279,287,-1,286,287,288,-1,288,287,282,-1,288,282,289,-1,289,282,281,-1,289,281,290,-1,290,281,291,-1,290,291,276,-1,276,291,292,-1,276,292,277,-1,277,292,293,-1,277,293,285,-1,285,293,294,-1,285,294,283,-1,295,296,297,-1,297,296,298,-1,299,300,301,-1,301,300,284,-1,301,284,295,-1,295,284,282,-1,295,282,296,-1,299,297,300,-1,300,297,298,-1,300,298,302,-1,302,298,303,-1,302,303,304,-1,304,303,305,-1,304,305,287,-1,287,305,306,-1,287,306,282,-1,282,306,307,-1,282,307,296,-1,308,309,310,-1,311,312,313,-1,313,314,311,-1,311,314,315,-1,311,315,316,-1,315,317,318,-1,318,317,319,-1,318,319,320,-1,320,319,321,-1,320,321,322,-1,322,321,316,-1,322,316,323,-1,323,316,315,-1,323,315,318,-1,324,325,326,-1,325,324,327,-1,327,324,90,-1,327,90,328,-1,328,90,88,-1,328,88,329,-1,329,88,140,-1,329,140,330,-1,330,140,321,-1,330,321,326,-1,326,321,319,-1,326,319,324,-1,331,332,233,-1,234,233,229,-1,229,233,332,-1,229,332,333,-1,334,335,278,-1,278,335,279,-1,279,335,336,-1,279,336,287,-1,287,336,337,-1,287,337,310,-1,310,337,338,-1,310,338,339,-1,340,341,342,-1,342,341,343,-1,342,343,344,-1,344,343,188,-1,344,188,345,-1,345,188,346,-1,345,346,347,-1,347,346,348,-1,347,348,349,-1,349,348,350,-1,349,350,351,-1,351,350,352,-1,262,253,263,-1,263,253,255,-1,263,255,353,-1,353,255,44,-1,353,44,354,-1,354,44,241,-1,354,241,355,-1,258,260,356,-1,356,260,259,-1,356,259,357,-1,357,259,358,-1,357,358,359,-1,359,358,360,-1,359,360,355,-1,355,360,361,-1,355,361,354,-1,362,363,364,-1,364,363,365,-1,366,189,367,-1,367,189,368,-1,367,368,362,-1,362,368,369,-1,362,369,363,-1,366,364,189,-1,189,364,365,-1,189,365,182,-1,182,365,370,-1,182,370,371,-1,371,370,372,-1,371,372,373,-1,373,372,374,-1,373,374,369,-1,369,374,375,-1,369,375,363,-1,376,41,377,-1,377,41,224,-1,377,224,378,-1,378,224,207,-1,378,207,379,-1,379,207,206,-1,379,206,380,-1,380,206,381,-1,380,381,382,-1,382,381,383,-1,382,383,376,-1,376,383,41,-1,384,385,386,-1,387,388,197,-1,197,388,389,-1,390,172,391,-1,391,172,174,-1,391,174,389,-1,389,174,204,-1,389,204,197,-1,197,204,203,-1,197,203,198,-1,212,392,393,-1,394,395,396,-1,392,212,397,-1,397,212,398,-1,397,398,399,-1,395,394,400,-1,400,394,171,-1,400,171,401,-1,401,171,402,-1,401,402,403,-1,403,402,404,-1,403,404,405,-1,406,191,193,-1,193,191,192,-1,193,192,194,-1,406,193,407,-1,407,193,408,-1,407,408,409,-1,409,408,398,-1,409,398,410,-1,410,398,212,-1,410,212,411,-1,411,212,412,-1,411,412,413,-1,179,414,415,-1,414,179,416,-1,416,179,417,-1,416,417,418,-1,418,417,381,-1,418,381,419,-1,419,381,206,-1,419,206,420,-1,420,206,204,-1,420,204,415,-1,415,204,174,-1,415,174,179,-1,179,174,175,-1,179,175,178,-1,176,168,177,-1,177,168,169,-1,177,169,421,-1,421,169,422,-1,421,422,423,-1,170,171,424,-1,424,171,394,-1,424,394,423,-1,423,394,425,-1,423,425,421,-1,426,427,428,-1,428,427,429,-1,50,428,430,-1,430,428,429,-1,430,429,408,-1,408,429,431,-1,408,431,398,-1,398,431,432,-1,398,432,433,-1,434,435,394,-1,394,435,425,-1,425,435,436,-1,425,436,437,-1,438,121,439,-1,439,121,440,-1,439,440,441,-1,442,441,443,-1,443,441,440,-1,443,440,444,-1,444,440,445,-1,444,445,446,-1,446,445,163,-1,446,163,447,-1,447,163,138,-1,447,138,448,-1,448,138,130,-1,448,130,449,-1,449,130,442,-1,449,442,443,-1,156,153,450,-1,450,153,152,-1,450,152,451,-1,451,152,452,-1,451,452,453,-1,453,452,440,-1,453,440,454,-1,454,440,121,-1,454,121,455,-1,455,121,119,-1,455,119,456,-1,456,119,156,-1,456,156,450,-1,108,457,458,-1,457,108,459,-1,459,108,110,-1,459,110,460,-1,460,110,82,-1,460,82,461,-1,461,82,93,-1,461,93,462,-1,462,93,463,-1,462,463,458,-1,458,463,150,-1,458,150,108,-1,108,150,149,-1,108,149,154,-1,464,110,465,-1,465,110,3,-1,465,3,466,-1,466,3,7,-1,466,7,467,-1,467,7,6,-1,467,6,468,-1,468,6,86,-1,468,86,469,-1,469,86,82,-1,469,82,464,-1,464,82,110,-1,38,37,139,-1,139,37,470,-1,139,470,1,-1,1,470,471,-1,1,471,96,-1,96,471,472,-1,96,472,473,-1,474,475,476,-1,476,475,477,-1,123,35,478,-1,478,35,34,-1,478,34,479,-1,480,481,482,-1,482,481,483,-1,438,442,121,-1,121,442,130,-1,121,130,122,-1,122,130,131,-1,122,131,125,-1,125,131,126,-1,125,126,35,-1,35,126,128,-1,35,128,33,-1,33,128,484,-1,33,484,485,-1,485,484,486,-1,480,485,481,-1,481,485,486,-1,481,486,487,-1,487,486,488,-1,487,488,128,-1,128,488,489,-1,128,489,484,-1,490,452,491,-1,491,452,152,-1,491,152,492,-1,492,152,150,-1,492,150,493,-1,494,81,71,-1,71,81,80,-1,71,80,72,-1,495,496,497,-1,498,499,500,-1,500,499,501,-1,500,501,502,-1,503,504,502,-1,502,504,505,-1,502,505,500,-1,506,440,507,-1,507,440,452,-1,507,452,495,-1,495,452,490,-1,495,490,496,-1,494,71,508,-1,508,71,70,-1,508,70,497,-1,497,70,509,-1,497,509,495,-1,495,509,510,-1,495,510,507,-1,511,499,56,-1,56,499,498,-1,56,498,57,-1,57,498,512,-1,57,512,70,-1,70,512,513,-1,70,513,509,-1,509,513,514,-1,509,514,510,-1,53,55,56,-1,56,55,515,-1,56,515,511,-1,506,504,440,-1,440,504,503,-1,440,503,445,-1,445,503,516,-1,445,516,163,-1,517,518,519,-1,519,518,520,-1,519,520,521,-1,26,25,522,-1,523,524,525,-1,525,524,526,-1,525,526,527,-1,527,526,528,-1,527,528,529,-1,523,215,524,-1,524,215,216,-1,524,216,402,-1,402,216,530,-1,402,530,404,-1,404,530,531,-1,404,531,532,-1,23,22,533,-1,18,534,535,-1,535,534,17,-1,535,17,536,-1,536,17,373,-1,536,373,537,-1,537,373,369,-1,537,369,538,-1,538,369,368,-1,538,368,539,-1,539,368,540,-1,539,540,541,-1,27,29,542,-1,542,29,12,-1,542,12,543,-1,517,544,545,-1,544,517,546,-1,546,517,13,-1,546,13,547,-1,547,13,12,-1,547,12,545,-1,545,12,29,-1,545,29,517,-1,517,29,28,-1,517,28,518,-1,548,220,549,-1,549,220,13,-1,549,13,550,-1,550,13,517,-1,550,517,551,-1,551,517,519,-1,551,519,548,-1,548,519,220,-1,521,552,519,-1,519,552,553,-1,519,553,220,-1,220,553,554,-1,220,554,201,-1,201,554,555,-1,198,199,196,-1,196,199,201,-1,196,201,521,-1,521,201,555,-1,521,555,552,-1,522,556,26,-1,26,556,557,-1,26,557,558,-1,520,24,521,-1,521,24,26,-1,521,26,196,-1,196,26,558,-1,196,558,197,-1,197,558,559,-1,386,387,384,-1,384,387,197,-1,384,197,522,-1,522,197,559,-1,522,559,556,-1,25,529,522,-1,522,529,528,-1,522,528,384,-1,384,528,560,-1,384,560,385,-1,385,560,561,-1,385,561,526,-1,526,561,562,-1,526,562,528,-1,528,562,563,-1,528,563,560,-1,564,402,565,-1,565,402,385,-1,565,385,566,-1,566,385,526,-1,566,526,567,-1,567,526,524,-1,567,524,564,-1,564,524,402,-1,533,568,23,-1,23,568,569,-1,23,569,570,-1,571,412,570,-1,570,412,212,-1,570,212,23,-1,23,212,211,-1,23,211,208,-1,406,413,191,-1,191,413,412,-1,191,412,533,-1,533,412,571,-1,533,571,568,-1,22,541,533,-1,533,541,540,-1,533,540,191,-1,191,540,572,-1,191,572,189,-1,189,572,573,-1,189,573,368,-1,368,573,574,-1,368,574,540,-1,540,574,575,-1,540,575,572,-1,17,16,373,-1,373,16,576,-1,373,576,371,-1,371,576,577,-1,371,577,578,-1,534,579,17,-1,17,579,578,-1,17,578,15,-1,15,578,577,-1,264,274,14,-1,14,274,273,-1,14,273,12,-1,12,273,580,-1,12,580,543,-1,543,580,581,-1,543,581,582,-1,582,581,583,-1,582,583,273,-1,273,583,584,-1,273,584,580,-1,385,585,586,-1,585,385,587,-1,587,385,402,-1,587,402,588,-1,588,402,171,-1,588,171,586,-1,586,171,172,-1,586,172,385,-1,385,172,390,-1,385,390,386,-1,578,348,371,-1,371,348,346,-1,371,346,182,-1,182,346,188,-1,182,188,180,-1,180,188,186,-1,589,590,591,-1,590,589,592,-1,592,589,348,-1,592,348,593,-1,593,348,578,-1,593,578,591,-1,591,578,579,-1,591,579,589,-1,594,271,595,-1,595,271,596,-1,595,596,597,-1,597,596,582,-1,597,582,598,-1,598,582,273,-1,598,273,594,-1,594,273,271,-1,599,600,589,-1,589,600,601,-1,589,601,348,-1,348,601,602,-1,348,602,350,-1,350,602,603,-1,604,269,605,-1,605,269,606,-1,605,606,607,-1,607,606,596,-1,607,596,608,-1,608,596,271,-1,608,271,604,-1,604,271,269,-1,267,39,265,-1,265,39,41,-1,265,41,609,-1,609,41,383,-1,609,383,610,-1,610,383,381,-1,610,381,611,-1,611,381,417,-1,611,417,78,-1,78,417,179,-1,78,179,76,-1,76,179,177,-1,76,177,65,-1,65,177,421,-1,65,421,49,-1,49,421,425,-1,49,425,47,-1,523,21,215,-1,215,21,23,-1,215,23,213,-1,213,23,209,-1,213,209,532,-1,532,209,210,-1,532,210,404,-1,404,210,212,-1,404,212,405,-1,405,212,393,-1,405,393,396,-1,396,393,399,-1,396,399,394,-1,394,399,398,-1,394,398,434,-1,434,398,433,-1,434,433,437,-1,437,433,426,-1,437,426,425,-1,425,426,428,-1,425,428,47,-1,47,428,50,-1,47,50,45,-1,45,50,52,-1,612,613,599,-1,599,613,614,-1,599,614,615,-1,616,352,615,-1,615,352,350,-1,615,350,599,-1,599,350,603,-1,599,603,600,-1,77,617,78,-1,78,617,618,-1,78,618,611,-1,611,618,619,-1,611,619,610,-1,610,619,620,-1,610,620,609,-1,609,620,621,-1,609,621,265,-1,265,621,277,-1,265,277,266,-1,266,277,285,-1,266,285,269,-1,269,285,284,-1,269,284,606,-1,606,284,300,-1,622,51,623,-1,623,51,50,-1,623,50,624,-1,624,50,430,-1,624,430,625,-1,258,356,257,-1,257,356,341,-1,257,341,626,-1,626,341,340,-1,626,340,627,-1,254,257,255,-1,255,257,626,-1,255,626,352,-1,352,626,627,-1,352,627,351,-1,251,42,252,-1,252,42,44,-1,252,44,249,-1,249,44,255,-1,249,255,247,-1,247,255,352,-1,247,352,612,-1,612,352,616,-1,612,616,613,-1,617,79,618,-1,618,79,81,-1,618,81,619,-1,619,81,628,-1,619,628,620,-1,620,628,629,-1,620,629,621,-1,621,629,630,-1,621,630,277,-1,277,630,631,-1,277,631,275,-1,275,631,632,-1,633,622,634,-1,634,622,623,-1,634,623,635,-1,635,623,624,-1,635,624,636,-1,636,624,625,-1,636,625,637,-1,637,625,638,-1,637,638,187,-1,187,638,639,-1,187,639,193,-1,193,639,640,-1,193,640,408,-1,408,640,641,-1,408,641,430,-1,430,641,642,-1,430,642,625,-1,625,642,643,-1,625,643,638,-1,494,644,81,-1,81,644,645,-1,81,645,628,-1,628,645,646,-1,628,646,629,-1,629,646,647,-1,629,647,630,-1,630,647,648,-1,630,648,631,-1,631,648,278,-1,631,278,632,-1,632,278,280,-1,649,650,55,-1,55,650,651,-1,55,651,515,-1,9,633,359,-1,359,633,634,-1,359,634,357,-1,357,634,635,-1,357,635,356,-1,356,635,636,-1,356,636,341,-1,341,636,637,-1,341,637,343,-1,343,637,652,-1,343,652,188,-1,188,652,653,-1,188,653,187,-1,187,653,654,-1,187,654,637,-1,637,654,655,-1,637,655,652,-1,312,656,657,-1,656,312,658,-1,658,312,304,-1,658,304,659,-1,659,304,287,-1,659,287,657,-1,657,287,310,-1,657,310,312,-1,312,310,309,-1,312,309,313,-1,645,660,646,-1,646,660,661,-1,646,661,647,-1,647,661,662,-1,647,662,648,-1,648,662,663,-1,648,663,278,-1,278,663,664,-1,278,664,334,-1,334,664,339,-1,334,339,665,-1,665,339,338,-1,31,651,32,-1,32,651,650,-1,32,650,666,-1,666,650,649,-1,666,649,667,-1,668,236,669,-1,669,236,241,-1,669,241,670,-1,670,241,243,-1,670,243,671,-1,671,243,238,-1,671,238,668,-1,668,238,236,-1,644,672,645,-1,645,672,493,-1,645,493,660,-1,660,493,150,-1,660,150,661,-1,661,150,463,-1,661,463,662,-1,662,463,93,-1,662,93,663,-1,663,93,92,-1,663,92,664,-1,664,92,90,-1,664,90,339,-1,339,90,324,-1,339,324,310,-1,310,324,319,-1,310,319,308,-1,308,319,317,-1,516,30,163,-1,163,30,32,-1,163,32,165,-1,165,32,666,-1,165,666,158,-1,158,666,667,-1,158,667,673,-1,333,674,11,-1,11,674,673,-1,11,673,9,-1,9,673,667,-1,9,667,633,-1,633,667,649,-1,633,649,622,-1,622,649,55,-1,622,55,51,-1,51,55,54,-1,51,54,52,-1,333,11,229,-1,229,11,10,-1,229,10,236,-1,236,10,675,-1,236,675,241,-1,241,675,676,-1,241,676,355,-1,355,676,677,-1,355,677,359,-1,359,677,678,-1,359,678,9,-1,9,678,679,-1,9,679,10,-1,10,679,680,-1,10,680,675,-1,681,38,682,-1,682,38,158,-1,682,158,683,-1,683,158,673,-1,683,673,684,-1,684,673,685,-1,686,94,476,-1,476,94,96,-1,476,96,474,-1,474,96,473,-1,474,473,687,-1,687,473,36,-1,687,36,685,-1,685,36,38,-1,685,38,684,-1,684,38,681,-1,688,689,321,-1,690,691,316,-1,321,689,316,-1,316,689,692,-1,316,692,690,-1,141,148,140,-1,140,148,147,-1,140,147,321,-1,321,147,693,-1,321,693,688,-1,688,693,690,-1,478,694,695,-1,694,478,696,-1,696,478,114,-1,696,114,697,-1,697,114,116,-1,697,116,695,-1,695,116,119,-1,695,119,478,-1,478,119,118,-1,478,118,123,-1,106,686,107,-1,107,686,476,-1,107,476,685,-1,685,476,477,-1,685,477,687,-1,674,698,673,-1,673,698,699,-1,673,699,685,-1,685,699,700,-1,685,700,107,-1,107,700,701,-1,699,331,700,-1,700,331,233,-1,700,233,701,-1,701,233,702,-1,701,702,703,-1,703,702,704,-1,703,704,226,-1,226,704,705,-1,226,705,233,-1,233,705,706,-1,233,706,702,-1,690,693,691,-1,691,693,707,-1,691,707,708,-1,709,710,711,-1,711,710,707,-1,711,707,712,-1,712,707,693,-1,712,693,713,-1,713,693,147,-1,713,147,709,-1,709,147,710,-1,714,710,715,-1,715,710,147,-1,715,147,716,-1,716,147,145,-1,716,145,717,-1,717,145,718,-1,717,718,714,-1,714,718,710,-1,8,719,6,-1,6,719,720,-1,6,720,145,-1,145,720,721,-1,145,721,718,-1,718,721,722,-1,718,722,719,-1,719,722,723,-1,719,723,720,-1,5,724,3,-1,3,724,725,-1,3,725,7,-1,7,725,726,-1,7,726,8,-1,8,726,727,-1,8,727,724,-1,724,727,728,-1,724,728,725,-1,729,730,731,-1,730,729,732,-1,732,729,5,-1,732,5,733,-1,733,5,4,-1,733,4,731,-1,731,4,114,-1,731,114,729,-1,483,734,735,-1,734,483,736,-1,736,483,729,-1,736,729,737,-1,737,729,114,-1,737,114,735,-1,735,114,478,-1,735,478,483,-1,483,478,479,-1,483,479,482,-1,2,738,0,-1,0,738,739,-1,0,739,128,-1,128,739,740,-1,128,740,487,-1,487,740,741,-1,487,741,738,-1,738,741,742,-1,738,742,739,-1,100,743,744,-1,743,100,745,-1,745,100,2,-1,745,2,746,-1,746,2,1,-1,746,1,744,-1,744,1,96,-1,744,96,100,-1,100,96,101,-1,100,101,99,-1,747,748,701,-1,701,748,107,-1,107,748,749,-1,107,749,105,-1,105,749,750,-1,105,750,751,-1,703,752,701,-1,701,752,751,-1,701,751,747,-1,747,751,750,-1,18,20,534,-1,534,20,753,-1,534,753,579,-1,579,753,754,-1,579,754,589,-1,589,754,755,-1,589,755,599,-1,599,755,756,-1,599,756,612,-1,612,756,757,-1,612,757,247,-1,247,757,758,-1,247,758,245,-1,245,758,759,-1,245,759,243,-1,243,759,760,-1,243,760,238,-1,238,760,761,-1,238,761,225,-1,225,761,762,-1,225,762,226,-1,226,762,763,-1,226,763,703,-1,703,763,764,-1,703,764,752,-1,765,766,708,-1,708,766,27,-1,767,765,764,-1,764,765,708,-1,768,767,19,-1,19,767,764,-1,766,768,27,-1,27,768,19,-1,769,770,768,-1,768,770,771,-1,768,771,772,-1,773,774,765,-1,765,774,775,-1,765,775,776,-1,777,778,766,-1,779,780,767,-1,776,781,765,-1,765,781,782,-1,765,782,766,-1,766,782,783,-1,766,783,777,-1,778,784,766,-1,766,784,785,-1,766,785,786,-1,780,787,767,-1,767,787,788,-1,767,788,789,-1,786,790,766,-1,766,790,791,-1,766,791,768,-1,768,791,792,-1,768,792,769,-1,772,793,768,-1,768,793,794,-1,768,794,767,-1,767,794,795,-1,767,795,779,-1,789,796,767,-1,767,796,797,-1,767,797,765,-1,765,797,798,-1,765,798,773,-1,
        ]
    }
}
Shape{
    appearance Appearance {
        material  Material 	{
            diffuseColor 0.7529411764705882 0.7529411764705882 0.7529411764705882
            specularColor 0.3764705882352941 0.3764705882352941 0.3764705882352941
            ambientIntensity 0.7529
            transparency 0.0
            shininess 0.5
        }
    }
    geometry IndexedFaceSet {
        ccw TRUE
        solid FALSE
        coord DEF co Coordinate {
            point [
                3.1693 -2.9134 0.7953, -3.1693 -2.9134 0.7953, 3.1693 -2.9134 0.3228, -3.1693 -2.9134 0.3228, 3.2874 2.7953 0.7953, 3.2874 -2.7953 0.7953, 3.2874 2.7953 0.3228, 3.2874 -2.7953 0.3228, -3.1693 2.9134 0.7953, 3.1693 2.9134 0.7953, -3.1693 2.9134 0.3228, 3.1693 2.9134 0.3228, -3.2874 2.7953 0.3228, -3.2874 -2.7953 0.3228, -3.2874 2.7953 0.7953, -3.2874 -2.7953 0.7953, 3.2834 2.8258 0.3228, 3.2834 2.8258 0.7953, 3.2716 2.8543 0.3228, 3.2716 2.8543 0.7953, 3.2528 2.8788 0.3228, 3.2528 2.8788 0.7953, 3.2283 2.8976 0.3228, 3.2283 2.8976 0.7953, 3.1999 2.9094 0.3228, 3.1999 2.9094 0.7953, 3.1693 2.7953 0.9134, 3.1693 -2.7953 0.9134, 3.1999 -2.7953 0.9094, 3.1999 2.7953 0.9094, 3.2283 -2.7953 0.8976, 3.2283 2.7953 0.8976, 3.2528 -2.7953 0.8788, 3.2528 2.7953 0.8788, 3.2716 -2.7953 0.8543, 3.2716 2.7953 0.8543, 3.2834 -2.7953 0.8258, 3.2834 2.7953 0.8258, 3.1956 -2.9104 0.3228, 3.1955 -2.9099 0.7953, 3.1999 -2.9094 0.7953, 3.2205 -2.9017 0.3228, 3.2202 -2.9009 0.7953, 3.2283 -2.8976 0.7953, 3.2429 -2.8876 0.3228, 3.2423 -2.8868 0.7953, 3.2528 -2.8788 0.7953, 3.2616 -2.8689 0.3228, 3.2608 -2.8683 0.7953, 3.2716 -2.8543 0.7953, 3.2757 -2.8465 0.3228, 3.2749 -2.8462 0.7953, 3.2834 -2.8258 0.7953, 3.2844 -2.8216 0.3228, 3.284 -2.8215 0.7953, 3.1693 2.9094 0.8258, 3.1988 2.9055 0.8258, 3.1988 2.8464 0.8976, 3.1846 2.8217 0.9094, 3.1909 2.8169 0.9094, 3.1988 2.8032 0.9094, 3.1772 2.8248 0.9094, 3.1846 2.8523 0.8976, 3.1909 2.8759 0.8788, 3.1693 2.8258 0.9094, 3.211 2.837 0.8976, 3.1958 2.8106 0.9094, 3.2204 2.8248 0.8976, 3.2263 2.8106 0.8976, 3.1693 2.8543 0.8976, 3.1693 2.8788 0.8788, 3.1693 2.8976 0.8543, 3.211 2.8676 0.8788, 3.2283 2.8543 0.8788, 3.2416 2.837 0.8788, 3.25 2.8169 0.8788, 3.1958 2.8941 0.8543, 3.2204 2.8839 0.8543, 3.2416 2.8676 0.8543, 3.2579 2.8464 0.8543, 3.2681 2.8217 0.8543, 3.2263 2.8941 0.8258, 3.25 2.8759 0.8258, 3.2681 2.8523 0.8258, 3.2795 2.8248 0.8258, 3.1988 -2.9055 0.8258, 3.2263 -2.8941 0.8258, 3.25 -2.8759 0.8258, 3.2681 -2.8523 0.8258, 3.2795 -2.8248 0.8258, 3.2681 -2.8217 0.8543, 3.25 -2.8169 0.8788, 3.2263 -2.8106 0.8976, 3.1988 -2.8032 0.9094, 3.2579 -2.8464 0.8543, 3.2416 -2.837 0.8788, 3.2204 -2.8248 0.8976, 3.1958 -2.8106 0.9094, 3.2416 -2.8676 0.8543, 3.2283 -2.8543 0.8788, 3.211 -2.837 0.8976, 3.1909 -2.8169 0.9094, 3.2204 -2.8839 0.8543, 3.211 -2.8676 0.8788, 3.1988 -2.8464 0.8976, 3.1846 -2.8217 0.9094, 3.1958 -2.8941 0.8543, 3.1909 -2.8759 0.8788, 3.1846 -2.8523 0.8976, 3.1772 -2.8248 0.9094, 3.1693 -2.9094 0.8258, 3.1693 -2.8976 0.8543, 3.1693 -2.8788 0.8788, 3.1693 -2.8543 0.8976, 3.1693 -2.8258 0.9094, -3.1956 2.9104 0.3228, -3.1955 2.9099 0.7953, -3.1999 2.9094 0.7953, -3.2205 2.9017 0.3228, -3.2202 2.9009 0.7953, -3.2283 2.8976 0.7953, -3.2429 2.8876 0.3228, -3.2423 2.8868 0.7953, -3.2528 2.8788 0.7953, -3.2616 2.8689 0.3228, -3.2608 2.8683 0.7953, -3.2716 2.8543 0.7953, -3.2757 2.8465 0.3228, -3.2749 2.8462 0.7953, -3.2834 2.8258 0.7953, -3.2844 2.8216 0.3228, -3.284 2.8215 0.7953, -3.1693 2.7953 0.9134, -3.1693 2.8258 0.9094, -3.1693 2.8543 0.8976, -3.1693 2.8788 0.8788, -3.1693 2.8976 0.8543, -3.1693 2.9094 0.8258, -3.1693 -2.7953 0.9134, -3.1693 -2.8258 0.9094, -3.1693 -2.8543 0.8976, -3.1693 -2.8788 0.8788, -3.1693 -2.8976 0.8543, -3.1693 -2.9094 0.8258, -3.2834 -2.8258 0.3228, -3.2834 -2.8258 0.7953, -3.2716 -2.8543 0.3228, -3.2716 -2.8543 0.7953, -3.2528 -2.8788 0.3228, -3.2528 -2.8788 0.7953, -3.2283 -2.8976 0.3228, -3.2283 -2.8976 0.7953, -3.1999 -2.9094 0.3228, -3.1999 -2.9094 0.7953, -3.1988 2.9055 0.8258, -3.2263 2.8941 0.8258, -3.25 2.8759 0.8258, -3.2681 2.8523 0.8258, -3.2795 2.8248 0.8258, -3.2834 2.7953 0.8258, -3.2681 2.8217 0.8543, -3.2716 2.7953 0.8543, -3.25 2.8169 0.8788, -3.2528 2.7953 0.8788, -3.2263 2.8106 0.8976, -3.2283 2.7953 0.8976, -3.1988 2.8032 0.9094, -3.1999 2.7953 0.9094, -3.2579 2.8464 0.8543, -3.2416 2.837 0.8788, -3.2204 2.8248 0.8976, -3.1958 2.8106 0.9094, -3.2416 2.8676 0.8543, -3.2283 2.8543 0.8788, -3.211 2.837 0.8976, -3.1909 2.8169 0.9094, -3.2204 2.8839 0.8543, -3.211 2.8676 0.8788, -3.1988 2.8464 0.8976, -3.1846 2.8217 0.9094, -3.1958 2.8941 0.8543, -3.1909 2.8759 0.8788, -3.1846 2.8523 0.8976, -3.1772 2.8248 0.9094, -3.1988 -2.9055 0.8258, -3.1988 -2.8464 0.8976, -3.1846 -2.8217 0.9094, -3.1909 -2.8169 0.9094, -3.1999 -2.7953 0.9094, -3.1988 -2.8032 0.9094, -3.1772 -2.8248 0.9094, -3.1846 -2.8523 0.8976, -3.1909 -2.8759 0.8788, -3.211 -2.837 0.8976, -3.1958 -2.8106 0.9094, -3.2204 -2.8248 0.8976, -3.2263 -2.8106 0.8976, -3.2283 -2.7953 0.8976, -3.211 -2.8676 0.8788, -3.2283 -2.8543 0.8788, -3.2416 -2.837 0.8788, -3.25 -2.8169 0.8788, -3.2528 -2.7953 0.8788, -3.1958 -2.8941 0.8543, -3.2204 -2.8839 0.8543, -3.2416 -2.8676 0.8543, -3.2579 -2.8464 0.8543, -3.2681 -2.8217 0.8543, -3.2716 -2.7953 0.8543, -3.2263 -2.8941 0.8258, -3.25 -2.8759 0.8258, -3.2681 -2.8523 0.8258, -3.2795 -2.8248 0.8258, -3.2834 -2.7953 0.8258
            ]
        }
        coordIndex [
            0,1,2,-1,2,1,3,-1,4,5,6,-1,6,5,7,-1,8,9,10,-1,10,9,11,-1,12,13,14,-1,14,13,15,-1,4,6,16,-1,4,16,17,-1,17,16,18,-1,17,18,19,-1,19,18,20,-1,19,20,21,-1,21,20,22,-1,21,22,23,-1,23,22,24,-1,23,24,25,-1,25,24,11,-1,25,11,9,-1,26,27,28,-1,26,28,29,-1,29,28,30,-1,29,30,31,-1,31,30,32,-1,31,32,33,-1,33,32,34,-1,33,34,35,-1,35,34,36,-1,35,36,37,-1,37,36,5,-1,37,5,4,-1,2,38,0,-1,0,38,39,-1,39,38,40,-1,40,38,41,-1,40,41,42,-1,42,41,43,-1,43,41,44,-1,43,44,45,-1,45,44,46,-1,46,44,47,-1,46,47,48,-1,48,47,49,-1,49,47,50,-1,49,50,51,-1,51,50,52,-1,52,50,53,-1,52,53,54,-1,54,53,7,-1,54,7,5,-1,9,55,56,-1,57,58,59,-1,26,29,60,-1,59,58,26,-1,61,26,58,-1,61,58,62,-1,62,58,57,-1,62,57,63,-1,64,26,61,-1,65,66,67,-1,67,66,60,-1,67,60,68,-1,68,60,29,-1,68,29,31,-1,64,61,69,-1,69,61,62,-1,69,62,70,-1,70,62,63,-1,70,63,71,-1,72,65,73,-1,73,65,67,-1,73,67,74,-1,74,67,68,-1,74,68,75,-1,75,68,31,-1,75,31,33,-1,76,72,77,-1,77,72,73,-1,77,73,78,-1,78,73,74,-1,78,74,79,-1,79,74,75,-1,79,75,80,-1,80,75,33,-1,80,33,35,-1,55,76,56,-1,56,76,77,-1,56,77,81,-1,81,77,78,-1,81,78,82,-1,82,78,79,-1,82,79,83,-1,83,79,80,-1,83,80,84,-1,84,80,35,-1,84,35,37,-1,9,56,25,-1,25,56,81,-1,25,81,23,-1,23,81,82,-1,23,82,21,-1,21,82,83,-1,21,83,19,-1,19,83,84,-1,19,84,17,-1,17,84,37,-1,17,37,4,-1,66,26,60,-1,55,71,76,-1,76,71,63,-1,76,63,72,-1,72,63,57,-1,72,57,65,-1,65,57,59,-1,65,59,66,-1,66,59,26,-1,39,40,85,-1,42,43,86,-1,45,46,87,-1,48,49,88,-1,51,52,89,-1,54,5,36,-1,52,54,89,-1,89,54,36,-1,89,36,90,-1,90,36,34,-1,90,34,91,-1,91,34,32,-1,91,32,92,-1,92,32,30,-1,92,30,93,-1,93,30,28,-1,93,28,27,-1,49,51,88,-1,88,51,89,-1,88,89,94,-1,94,89,90,-1,94,90,95,-1,95,90,91,-1,95,91,96,-1,96,91,92,-1,96,92,97,-1,97,92,93,-1,97,93,27,-1,46,48,87,-1,87,48,88,-1,87,88,98,-1,98,88,94,-1,98,94,99,-1,99,94,95,-1,99,95,100,-1,100,95,96,-1,100,96,101,-1,101,96,97,-1,101,97,27,-1,43,45,86,-1,86,45,87,-1,86,87,102,-1,102,87,98,-1,102,98,103,-1,103,98,99,-1,103,99,104,-1,104,99,100,-1,104,100,105,-1,105,100,101,-1,105,101,27,-1,40,42,85,-1,85,42,86,-1,85,86,106,-1,106,86,102,-1,106,102,107,-1,107,102,103,-1,107,103,108,-1,108,103,104,-1,108,104,109,-1,109,104,105,-1,109,105,27,-1,0,39,110,-1,110,39,85,-1,110,85,111,-1,111,85,106,-1,111,106,112,-1,112,106,107,-1,112,107,113,-1,113,107,108,-1,113,108,114,-1,114,108,109,-1,114,109,27,-1,10,115,8,-1,8,115,116,-1,116,115,117,-1,117,115,118,-1,117,118,119,-1,119,118,120,-1,120,118,121,-1,120,121,122,-1,122,121,123,-1,123,121,124,-1,123,124,125,-1,125,124,126,-1,126,124,127,-1,126,127,128,-1,128,127,129,-1,129,127,130,-1,129,130,131,-1,131,130,12,-1,131,12,14,-1,132,26,64,-1,132,64,133,-1,133,64,69,-1,133,69,134,-1,134,69,70,-1,134,70,135,-1,135,70,71,-1,135,71,136,-1,136,71,55,-1,136,55,137,-1,137,55,9,-1,137,9,8,-1,27,138,139,-1,27,139,114,-1,114,139,140,-1,114,140,113,-1,113,140,141,-1,113,141,112,-1,112,141,142,-1,112,142,111,-1,111,142,143,-1,111,143,110,-1,110,143,1,-1,110,1,0,-1,15,13,144,-1,15,144,145,-1,145,144,146,-1,145,146,147,-1,147,146,148,-1,147,148,149,-1,149,148,150,-1,149,150,151,-1,151,150,152,-1,151,152,153,-1,153,152,3,-1,153,3,1,-1,116,117,154,-1,119,120,155,-1,122,123,156,-1,125,126,157,-1,128,129,158,-1,131,14,159,-1,129,131,158,-1,158,131,159,-1,158,159,160,-1,160,159,161,-1,160,161,162,-1,162,161,163,-1,162,163,164,-1,164,163,165,-1,164,165,166,-1,166,165,167,-1,166,167,132,-1,126,128,157,-1,157,128,158,-1,157,158,168,-1,168,158,160,-1,168,160,169,-1,169,160,162,-1,169,162,170,-1,170,162,164,-1,170,164,171,-1,171,164,166,-1,171,166,132,-1,123,125,156,-1,156,125,157,-1,156,157,172,-1,172,157,168,-1,172,168,173,-1,173,168,169,-1,173,169,174,-1,174,169,170,-1,174,170,175,-1,175,170,171,-1,175,171,132,-1,120,122,155,-1,155,122,156,-1,155,156,176,-1,176,156,172,-1,176,172,177,-1,177,172,173,-1,177,173,178,-1,178,173,174,-1,178,174,179,-1,179,174,175,-1,179,175,132,-1,117,119,154,-1,154,119,155,-1,154,155,180,-1,180,155,176,-1,180,176,181,-1,181,176,177,-1,181,177,182,-1,182,177,178,-1,182,178,183,-1,183,178,179,-1,183,179,132,-1,8,116,137,-1,137,116,154,-1,137,154,136,-1,136,154,180,-1,136,180,135,-1,135,180,181,-1,135,181,134,-1,134,181,182,-1,134,182,133,-1,133,182,183,-1,133,183,132,-1,1,143,184,-1,185,186,187,-1,138,188,189,-1,187,186,138,-1,190,138,186,-1,190,186,191,-1,191,186,185,-1,191,185,192,-1,139,138,190,-1,193,194,195,-1,195,194,189,-1,195,189,196,-1,196,189,188,-1,196,188,197,-1,139,190,140,-1,140,190,191,-1,140,191,141,-1,141,191,192,-1,141,192,142,-1,198,193,199,-1,199,193,195,-1,199,195,200,-1,200,195,196,-1,200,196,201,-1,201,196,197,-1,201,197,202,-1,203,198,204,-1,204,198,199,-1,204,199,205,-1,205,199,200,-1,205,200,206,-1,206,200,201,-1,206,201,207,-1,207,201,202,-1,207,202,208,-1,143,203,184,-1,184,203,204,-1,184,204,209,-1,209,204,205,-1,209,205,210,-1,210,205,206,-1,210,206,211,-1,211,206,207,-1,211,207,212,-1,212,207,208,-1,212,208,213,-1,1,184,153,-1,153,184,209,-1,153,209,151,-1,151,209,210,-1,151,210,149,-1,149,210,211,-1,149,211,147,-1,147,211,212,-1,147,212,145,-1,145,212,213,-1,145,213,15,-1,194,138,189,-1,143,142,203,-1,203,142,192,-1,203,192,198,-1,198,192,185,-1,198,185,193,-1,193,185,187,-1,193,187,194,-1,194,187,138,-1,138,132,167,-1,138,167,188,-1,188,167,165,-1,188,165,197,-1,197,165,163,-1,197,163,202,-1,202,163,161,-1,202,161,208,-1,208,161,159,-1,208,159,213,-1,213,159,14,-1,213,14,15,-1,
        ]
    }
}
Shape{
    appearance Appearance {
        material  Material 	{
            diffuseColor 0.25098039215686274 0.25098039215686274 0.25098039215686274
            specularColor 0.12549019607843137 0.12549019607843137 0.12549019607843137
            ambientIntensity 0.251
            transparency 0.0
            shininess 0.5
        }
    }
    geometry IndexedFaceSet {
        ccw TRUE
        solid FALSE
        coord DEF co Coordinate {
            point [
                -2.5951 -2.3356 0.9094, -2.5951 -2.3356 0.9134, -2.6001 -2.2976 0.9094, -2.6001 -2.2976 0.9134, -2.6147 -2.2622 0.9094, -2.6147 -2.2622 0.9134, -2.6381 -2.2319 0.9094, -2.6381 -2.2319 0.9134, -2.6684 -2.2086 0.9094, -2.6684 -2.2086 0.9134, -2.7038 -2.1939 0.9094, -2.7038 -2.1939 0.9134, -2.7418 -2.1889 0.9094, -2.7418 -2.1889 0.9134, -2.7797 -2.1939 0.9094, -2.7797 -2.1939 0.9134, -2.8151 -2.2086 0.9094, -2.8151 -2.2086 0.9134, -2.8455 -2.2319 0.9094, -2.8455 -2.2319 0.9134, -2.8688 -2.2622 0.9094, -2.8688 -2.2622 0.9134, -2.8834 -2.2976 0.9094, -2.8834 -2.2976 0.9134, -2.8884 -2.3356 0.9094, -2.8884 -2.3356 0.9134, -2.8834 -2.3735 0.9094, -2.8834 -2.3735 0.9134, -2.8688 -2.4089 0.9094, -2.8688 -2.4089 0.9134, -2.8455 -2.4393 0.9094, -2.8455 -2.4393 0.9134, -2.8151 -2.4626 0.9094, -2.8151 -2.4626 0.9134, -2.7797 -2.4773 0.9094, -2.7797 -2.4773 0.9134, -2.7418 -2.4823 0.9094, -2.7418 -2.4823 0.9134, -2.7038 -2.4773 0.9094, -2.7038 -2.4773 0.9134, -2.6684 -2.4626 0.9094, -2.6684 -2.4626 0.9134, -2.6381 -2.4393 0.9094, -2.6381 -2.4393 0.9134, -2.6147 -2.4089 0.9094, -2.6147 -2.4089 0.9134, -2.6001 -2.3735 0.9094, -2.6001 -2.3735 0.9134, -2.7418 -2.3356 0.9094
            ]
        }
        coordIndex [
            0,1,2,-1,2,1,3,-1,2,3,4,-1,4,3,5,-1,4,5,6,-1,6,5,7,-1,6,7,8,-1,8,7,9,-1,8,9,10,-1,10,9,11,-1,10,11,12,-1,12,11,13,-1,12,13,14,-1,14,13,15,-1,14,15,16,-1,16,15,17,-1,16,17,18,-1,18,17,19,-1,18,19,20,-1,20,19,21,-1,20,21,22,-1,22,21,23,-1,22,23,24,-1,24,23,25,-1,24,25,26,-1,26,25,27,-1,26,27,28,-1,28,27,29,-1,28,29,30,-1,30,29,31,-1,30,31,32,-1,32,31,33,-1,32,33,34,-1,34,33,35,-1,34,35,36,-1,36,35,37,-1,36,37,38,-1,38,37,39,-1,38,39,40,-1,40,39,41,-1,40,41,42,-1,42,41,43,-1,42,43,44,-1,44,43,45,-1,44,45,46,-1,46,45,47,-1,46,47,0,-1,0,47,1,-1,44,46,48,-1,48,46,0,-1,48,0,2,-1,38,40,48,-1,48,40,42,-1,48,42,44,-1,32,34,48,-1,48,34,36,-1,48,36,38,-1,26,28,48,-1,48,28,30,-1,48,30,32,-1,20,22,48,-1,48,22,24,-1,48,24,26,-1,14,16,48,-1,48,16,18,-1,48,18,20,-1,8,10,48,-1,48,10,12,-1,48,12,14,-1,2,4,48,-1,48,4,6,-1,48,6,8,-1,
        ]
    }
}
Shape{
    appearance Appearance {
        material  Material 	{
            diffuseColor 1.0 1.0 0.0
            specularColor 0.5019607843137255 0.5019607843137255 0.0
            ambientIntensity 0.886
            transparency 0.0
            shininess 0.5
        }
    }
    geometry IndexedFaceSet {
        ccw TRUE
        solid FALSE
        coord DEF co Coordinate {
            point [
                3.0118 1.8701 0.0, 3.0118 1.5945 0.0, 3.0118 1.8701 0.0079, 3.0118 1.5945 0.0079, 3.4055 1.8701 0.0, 3.4055 1.8701 0.0079, 3.4055 1.5945 0.0, 3.4055 1.5945 0.0079, 2.1457 1.0827 0.0, 2.1457 0.8071 0.0, 2.1457 1.0827 0.0079, 2.1457 0.8071 0.0079, 2.5394 1.0827 0.0079, 2.5394 1.0827 0.0, 2.3819 1.0827 0.0079, 2.5394 0.8071 0.0, 2.5394 0.8071 0.0079, 2.3819 0.8071 0.0079, 3.0118 1.1614 0.0, 3.4055 1.1614 0.0, 3.0118 1.1614 0.0079, 3.4055 1.1614 0.0079, 3.0118 1.437 0.0, 3.0118 1.437 0.0079, 3.4055 1.437 0.0, 3.4055 1.437 0.0079, 3.0118 0.7283 0.0, 3.4055 0.7283 0.0, 3.0118 0.7283 0.0079, 3.4055 0.7283 0.0079, 3.0118 1.0039 0.0079, 3.0118 1.0039 0.0, 3.0118 0.7677 0.0079, 3.4055 1.0039 0.0, 3.4055 1.0039 0.0079, 3.4055 0.7677 0.0079, 3.0118 0.2953 0.0, 3.4055 0.2953 0.0, 3.0118 0.2953 0.0079, 3.4055 0.2953 0.0079, 3.0118 0.5709 0.0, 3.0118 0.5709 0.0079, 3.4055 0.5709 0.0, 3.4055 0.5709 0.0079, 3.0118 -0.1378 0.0, 3.4055 -0.1378 0.0, 3.0118 -0.1378 0.0079, 3.4055 -0.1378 0.0079, 3.0118 0.1378 0.0079, 3.0118 0.1378 0.0, 3.0118 0.0 0.0079, 3.4055 0.1378 0.0, 3.4055 0.1378 0.0079, 3.4055 0.0 0.0079, 3.0118 -0.5709 0.0, 3.4055 -0.5709 0.0, 3.0118 -0.5709 0.0079, 3.4055 -0.5709 0.0079, 3.0118 -0.2953 0.0, 3.0118 -0.2953 0.0079, 3.4055 -0.2953 0.0, 3.4055 -0.2953 0.0079, 3.0118 -1.0039 0.0, 3.4055 -1.0039 0.0, 3.0118 -1.0039 0.0079, 3.4055 -1.0039 0.0079, 3.0118 -0.7283 0.0, 3.0118 -0.7283 0.0079, 3.4055 -0.7283 0.0, 3.4055 -0.7283 0.0079, 3.0118 -1.437 0.0, 3.4055 -1.437 0.0, 3.0118 -1.437 0.0079, 3.4055 -1.437 0.0079, 3.0118 -1.1614 0.0, 3.0118 -1.1614 0.0079, 3.4055 -1.1614 0.0, 3.4055 -1.1614 0.0079, 3.0118 -1.8701 0.0, 3.4055 -1.8701 0.0, 3.0118 -1.8701 0.0079, 3.4055 -1.8701 0.0079, 3.0118 -1.5945 0.0, 3.0118 -1.5945 0.0079, 3.4055 -1.5945 0.0, 3.4055 -1.5945 0.0079, -2.1457 1.0827 0.0079, -2.1457 1.0827 0.0, -2.3819 1.0827 0.0079, -2.5394 1.0827 0.0, -2.5394 1.0827 0.0079, -2.1457 0.8071 0.0, -2.1457 0.8071 0.0079, -2.5394 0.8071 0.0079, -2.5394 0.8071 0.0, -2.3819 0.8071 0.0079, -2.5394 0.6102 0.0, -2.5394 0.3346 0.0, -2.5394 0.6102 0.0079, -2.5394 0.3346 0.0079, -2.1457 0.6102 0.0079, -2.1457 0.6102 0.0, -2.3819 0.6102 0.0079, -2.1457 0.3346 0.0, -2.1457 0.3346 0.0079, -2.3819 0.3346 0.0079, 2.1457 0.3346 0.0079, 2.1457 0.3346 0.0, 2.3819 0.3346 0.0079, 2.5394 0.3346 0.0, 2.5394 0.3346 0.0079, 2.1457 0.6102 0.0, 2.1457 0.6102 0.0079, 2.5394 0.6102 0.0079, 2.5394 0.6102 0.0, 2.3819 0.6102 0.0079, 2.1457 -0.1378 0.0079, 2.1457 -0.1378 0.0, 2.3819 -0.1378 0.0079, 2.5394 -0.1378 0.0, 2.5394 -0.1378 0.0079, 2.1457 0.1378 0.0079, 2.1457 0.1378 0.0, 2.1457 0.0 0.0079, 2.5394 0.1378 0.0079, 2.5394 0.1378 0.0, 2.3819 0.1378 0.0079, 2.5394 0.0 0.0079, 2.1457 -0.6102 0.0079, 2.1457 -0.6102 0.0, 2.3819 -0.6102 0.0079, 2.5394 -0.6102 0.0, 2.5394 -0.6102 0.0079, 2.1457 -0.3346 0.0, 2.1457 -0.3346 0.0079, 2.5394 -0.3346 0.0079, 2.5394 -0.3346 0.0, 2.3819 -0.3346 0.0079, 2.1457 -1.0827 0.0079, 2.1457 -1.0827 0.0, 2.3819 -1.0827 0.0079, 2.5394 -1.0827 0.0, 2.5394 -1.0827 0.0079, 2.1457 -0.8071 0.0079, 2.1457 -0.8071 0.0, 2.1457 -1.0335 0.0079, 2.5394 -0.8071 0.0079, 2.5394 -0.8071 0.0, 2.3819 -0.8071 0.0079, 2.5394 -1.0335 0.0079, -3.0118 1.8701 0.0, -3.4055 1.8701 0.0, -3.0118 1.8701 0.0079, -3.4055 1.8701 0.0079, -3.0118 1.5945 0.0, -3.0118 1.5945 0.0079, -3.4055 1.5945 0.0, -3.4055 1.5945 0.0079, -3.4055 1.437 0.0, -3.4055 1.1614 0.0, -3.4055 1.437 0.0079, -3.4055 1.1614 0.0079, -3.0118 1.437 0.0, -3.0118 1.437 0.0079, -3.0118 1.1614 0.0, -3.0118 1.1614 0.0079, -2.5394 -0.8071 0.0079, -2.5394 -0.8071 0.0, -2.5394 -1.0335 0.0079, -2.5394 -1.0827 0.0, -2.5394 -1.0827 0.0079, -2.1457 -0.8071 0.0079, -2.1457 -0.8071 0.0, -2.3819 -0.8071 0.0079, -2.1457 -1.0827 0.0079, -2.1457 -1.0827 0.0, -2.1457 -1.0335 0.0079, -2.3819 -1.0827 0.0079, -2.5394 -0.3346 0.0, -2.5394 -0.6102 0.0, -2.5394 -0.3346 0.0079, -2.5394 -0.6102 0.0079, -2.1457 -0.3346 0.0079, -2.1457 -0.3346 0.0, -2.3819 -0.3346 0.0079, -2.1457 -0.6102 0.0, -2.1457 -0.6102 0.0079, -2.3819 -0.6102 0.0079, -2.5394 0.1378 0.0079, -2.5394 0.1378 0.0, -2.5394 0.0 0.0079, -2.5394 -0.1378 0.0, -2.5394 -0.1378 0.0079, -2.1457 0.1378 0.0079, -2.1457 0.1378 0.0, -2.3819 0.1378 0.0079, -2.1457 -0.1378 0.0079, -2.1457 -0.1378 0.0, -2.1457 0.0 0.0079, -2.3819 -0.1378 0.0079, -3.4055 -1.5945 0.0, -3.4055 -1.8701 0.0, -3.4055 -1.5945 0.0079, -3.4055 -1.8701 0.0079, -3.0118 -1.5945 0.0, -3.0118 -1.5945 0.0079, -3.0118 -1.8701 0.0, -3.0118 -1.8701 0.0079, -3.4055 -1.1614 0.0, -3.4055 -1.437 0.0, -3.4055 -1.1614 0.0079, -3.4055 -1.437 0.0079, -3.0118 -1.1614 0.0, -3.0118 -1.1614 0.0079, -3.0118 -1.437 0.0, -3.0118 -1.437 0.0079, -3.4055 -0.7283 0.0, -3.4055 -1.0039 0.0, -3.4055 -0.7283 0.0079, -3.4055 -1.0039 0.0079, -3.0118 -0.7283 0.0, -3.0118 -0.7283 0.0079, -3.0118 -1.0039 0.0, -3.0118 -1.0039 0.0079, -3.4055 -0.2953 0.0, -3.4055 -0.5709 0.0, -3.4055 -0.2953 0.0079, -3.4055 -0.5709 0.0079, -3.0118 -0.2953 0.0, -3.0118 -0.2953 0.0079, -3.0118 -0.5709 0.0, -3.0118 -0.5709 0.0079, -3.4055 0.1378 0.0079, -3.4055 0.1378 0.0, -3.4055 0.0 0.0079, -3.4055 -0.1378 0.0, -3.4055 -0.1378 0.0079, -3.0118 0.1378 0.0, -3.0118 0.1378 0.0079, -3.0118 -0.1378 0.0079, -3.0118 -0.1378 0.0, -3.0118 0.0 0.0079, -3.4055 0.5709 0.0, -3.4055 0.2953 0.0, -3.4055 0.5709 0.0079, -3.4055 0.2953 0.0079, -3.0118 0.5709 0.0, -3.0118 0.5709 0.0079, -3.0118 0.2953 0.0, -3.0118 0.2953 0.0079, -3.4055 1.0039 0.0079, -3.4055 1.0039 0.0, -3.4055 0.7677 0.0079, -3.4055 0.7283 0.0, -3.4055 0.7283 0.0079, -3.0118 1.0039 0.0, -3.0118 1.0039 0.0079, -3.0118 0.7283 0.0079, -3.0118 0.7283 0.0, -3.0118 0.7677 0.0079, 2.4606 -2.6378 0.0, 2.4606 -3.0315 0.0, 2.4606 -2.6378 0.0079, 2.4606 -3.0315 0.0079, 2.7362 -2.6378 0.0, 2.7362 -2.6378 0.0079, 2.7362 -3.0315 0.0, 2.7362 -3.0315 0.0079, 1.752 -1.7717 0.0, 1.752 -2.1654 0.0, 1.752 -1.7717 0.0079, 1.752 -2.1654 0.0079, 2.0276 -1.7717 0.0079, 2.0276 -1.7717 0.0, 1.9488 -1.7717 0.0079, 2.0276 -2.1654 0.0, 2.0276 -2.1654 0.0079, 1.9488 -2.1654 0.0079, 2.0276 -3.0315 0.0, 2.3031 -3.0315 0.0, 2.0276 -3.0315 0.0079, 2.3031 -3.0315 0.0079, 2.0276 -2.6378 0.0, 2.0276 -2.6378 0.0079, 2.3031 -2.6378 0.0, 2.3031 -2.6378 0.0079, 1.5945 -3.0315 0.0, 1.8701 -3.0315 0.0, 1.5945 -3.0315 0.0079, 1.8701 -3.0315 0.0079, 1.5945 -2.6378 0.0, 1.5945 -2.6378 0.0079, 1.8701 -2.6378 0.0, 1.8701 -2.6378 0.0079, 1.1614 -3.0315 0.0, 1.437 -3.0315 0.0, 1.1614 -3.0315 0.0079, 1.437 -3.0315 0.0079, 1.1614 -2.6378 0.0, 1.1614 -2.6378 0.0079, 1.437 -2.6378 0.0, 1.437 -2.6378 0.0079, 0.7283 -3.0315 0.0, 1.0039 -3.0315 0.0, 0.7283 -3.0315 0.0079, 1.0039 -3.0315 0.0079, 0.7283 -2.6378 0.0, 0.7283 -2.6378 0.0079, 1.0039 -2.6378 0.0, 1.0039 -2.6378 0.0079, 0.2953 -3.0315 0.0, 0.5709 -3.0315 0.0, 0.2953 -3.0315 0.0079, 0.5709 -3.0315 0.0079, 0.2953 -2.6378 0.0, 0.2953 -2.6378 0.0079, 0.5709 -2.6378 0.0, 0.5709 -2.6378 0.0079, -0.1378 -3.0315 0.0079, -0.1378 -3.0315 0.0, 0.0 -3.0315 0.0079, 0.1378 -3.0315 0.0, 0.1378 -3.0315 0.0079, -0.1378 -2.6378 0.0, -0.1378 -2.6378 0.0079, 0.1378 -2.6378 0.0079, 0.1378 -2.6378 0.0, 0.0 -2.6378 0.0079, -0.5709 -3.0315 0.0, -0.2953 -3.0315 0.0, -0.5709 -3.0315 0.0079, -0.2953 -3.0315 0.0079, -0.5709 -2.6378 0.0, -0.5709 -2.6378 0.0079, -0.2953 -2.6378 0.0, -0.2953 -2.6378 0.0079, -1.0039 -3.0315 0.0, -0.7283 -3.0315 0.0, -1.0039 -3.0315 0.0079, -0.7283 -3.0315 0.0079, -1.0039 -2.6378 0.0, -1.0039 -2.6378 0.0079, -0.7283 -2.6378 0.0, -0.7283 -2.6378 0.0079, -1.437 -3.0315 0.0, -1.1614 -3.0315 0.0, -1.437 -3.0315 0.0079, -1.1614 -3.0315 0.0079, -1.437 -2.6378 0.0, -1.437 -2.6378 0.0079, -1.1614 -2.6378 0.0, -1.1614 -2.6378 0.0079, -1.8701 -3.0315 0.0, -1.5945 -3.0315 0.0, -1.8701 -3.0315 0.0079, -1.5945 -3.0315 0.0079, -1.8701 -2.6378 0.0, -1.8701 -2.6378 0.0079, -1.5945 -2.6378 0.0, -1.5945 -2.6378 0.0079, -2.3031 -3.0315 0.0079, -2.3031 -3.0315 0.0, -2.0866 -3.0315 0.0079, -2.0276 -3.0315 0.0, -2.0276 -3.0315 0.0079, -2.3031 -2.6378 0.0, -2.3031 -2.6378 0.0079, -2.0276 -2.6378 0.0079, -2.0276 -2.6378 0.0, -2.0866 -2.6378 0.0079, -2.7362 -3.0315 0.0, -2.4606 -3.0315 0.0, -2.7362 -3.0315 0.0079, -2.4606 -3.0315 0.0079, -2.7362 -2.6378 0.0, -2.7362 -2.6378 0.0079, -2.4606 -2.6378 0.0, -2.4606 -2.6378 0.0079, 1.5157 -1.063 0.0, 1.5157 -1.4567 0.0, 1.5157 -1.063 0.0079, 1.5157 -1.4567 0.0079, 1.7913 -1.063 0.0079, 1.7913 -1.063 0.0, 1.5748 -1.063 0.0079, 1.7913 -1.4567 0.0, 1.7913 -1.4567 0.0079, 1.5748 -1.4567 0.0079, 1.2795 -2.1654 0.0079, 1.2795 -2.1654 0.0, 1.4764 -2.1654 0.0079, 1.5551 -2.1654 0.0, 1.5551 -2.1654 0.0079, 1.2795 -1.7717 0.0, 1.2795 -1.7717 0.0079, 1.5551 -1.7717 0.0079, 1.5551 -1.7717 0.0, 1.4764 -1.7717 0.0079, 0.8071 -2.1654 0.0079, 0.8071 -2.1654 0.0, 1.0236 -2.1654 0.0079, 1.0827 -2.1654 0.0, 1.0827 -2.1654 0.0079, 0.8071 -1.7717 0.0, 0.8071 -1.7717 0.0079, 1.0827 -1.7717 0.0079, 1.0827 -1.7717 0.0, 1.0236 -1.7717 0.0079, 0.3346 -2.1654 0.0, 0.6102 -2.1654 0.0, 0.3346 -2.1654 0.0079, 0.6102 -2.1654 0.0079, 0.3346 -1.7717 0.0, 0.3346 -1.7717 0.0079, 0.6102 -1.7717 0.0, 0.6102 -1.7717 0.0079, -0.1378 -2.1654 0.0079, -0.1378 -2.1654 0.0, 0.0 -2.1654 0.0079, 0.1378 -2.1654 0.0, 0.1378 -2.1654 0.0079, -0.1378 -1.7717 0.0, -0.1378 -1.7717 0.0079, 0.1378 -1.7717 0.0079, 0.1378 -1.7717 0.0, 0.0 -1.7717 0.0079, -0.6102 -2.1654 0.0, -0.3346 -2.1654 0.0, -0.6102 -2.1654 0.0079, -0.3346 -2.1654 0.0079, -0.6102 -1.7717 0.0, -0.6102 -1.7717 0.0079, -0.3346 -1.7717 0.0, -0.3346 -1.7717 0.0079, -1.0827 -2.1654 0.0079, -1.0827 -2.1654 0.0, -1.0236 -2.1654 0.0079, -0.8071 -2.1654 0.0, -0.8071 -2.1654 0.0079, -1.0827 -1.7717 0.0, -1.0827 -1.7717 0.0079, -0.8071 -1.7717 0.0079, -0.8071 -1.7717 0.0, -1.0236 -1.7717 0.0079, -1.5551 -2.1654 0.0079, -1.5551 -2.1654 0.0, -1.4764 -2.1654 0.0079, -1.2795 -2.1654 0.0, -1.2795 -2.1654 0.0079, -1.5551 -1.7717 0.0, -1.5551 -1.7717 0.0079, -1.2795 -1.7717 0.0079, -1.2795 -1.7717 0.0, -1.4764 -1.7717 0.0079, -2.0276 -2.1654 0.0, -1.752 -2.1654 0.0, -2.0276 -2.1654 0.0079, -1.752 -2.1654 0.0079, -2.0276 -1.7717 0.0, -2.0276 -1.7717 0.0079, -1.752 -1.7717 0.0, -1.752 -1.7717 0.0079, -1.5157 1.063 0.0, -1.5157 1.4567 0.0, -1.5157 1.063 0.0079, -1.5157 1.4567 0.0079, -1.7913 1.063 0.0, -1.7913 1.063 0.0079, -1.7913 1.4567 0.0, -1.7913 1.4567 0.0079, 1.0433 -1.4567 0.0079, 1.0433 -1.4567 0.0, 1.122 -1.4567 0.0079, 1.3189 -1.4567 0.0, 1.3189 -1.4567 0.0079, 1.0433 -1.063 0.0, 1.0433 -1.063 0.0079, 1.3189 -1.063 0.0079, 1.3189 -1.063 0.0, 1.122 -1.063 0.0079, 0.5709 -1.4567 0.0079, 0.5709 -1.4567 0.0, 0.6693 -1.4567 0.0079, 0.8465 -1.4567 0.0, 0.8465 -1.4567 0.0079, 0.5709 -1.063 0.0, 0.5709 -1.063 0.0079, 0.8465 -1.063 0.0079, 0.8465 -1.063 0.0, 0.6693 -1.063 0.0079, 0.0984 -1.4567 0.0079, 0.0984 -1.4567 0.0, 0.2805 -1.4567 0.0079, 0.374 -1.4567 0.0, 0.374 -1.4567 0.0079, 0.0984 -1.063 0.0, 0.0984 -1.063 0.0079, 0.374 -1.063 0.0079, 0.374 -1.063 0.0, 0.2805 -1.063 0.0079, -0.374 -1.4567 0.0, -0.0984 -1.4567 0.0, -0.374 -1.4567 0.0079, -0.0984 -1.4567 0.0079, -0.374 -1.063 0.0, -0.374 -1.063 0.0079, -0.0984 -1.063 0.0, -0.0984 -1.063 0.0079, -0.8465 -1.4567 0.0079, -0.8465 -1.4567 0.0, -0.6693 -1.4567 0.0079, -0.5709 -1.4567 0.0, -0.5709 -1.4567 0.0079, -0.8465 -1.063 0.0, -0.8465 -1.063 0.0079, -0.5709 -1.063 0.0079, -0.5709 -1.063 0.0, -0.6693 -1.063 0.0079, -1.3189 -1.4567 0.0079, -1.3189 -1.4567 0.0, -1.122 -1.4567 0.0079, -1.0433 -1.4567 0.0, -1.0433 -1.4567 0.0079, -1.3189 -1.063 0.0, -1.3189 -1.063 0.0079, -1.0433 -1.063 0.0079, -1.0433 -1.063 0.0, -1.122 -1.063 0.0079, -1.7913 -1.4567 0.0, -1.5157 -1.4567 0.0, -1.7913 -1.4567 0.0079, -1.5157 -1.4567 0.0079, -1.7913 -1.063 0.0, -1.7913 -1.063 0.0079, -1.5157 -1.063 0.0, -1.5157 -1.063 0.0079, -1.0433 1.063 0.0, -1.0433 1.4567 0.0, -1.0433 1.063 0.0079, -1.0433 1.4567 0.0079, -1.3189 1.063 0.0079, -1.3189 1.063 0.0, -1.122 1.063 0.0079, -1.3189 1.4567 0.0, -1.3189 1.4567 0.0079, -1.122 1.4567 0.0079, -0.5709 1.063 0.0, -0.5709 1.4567 0.0, -0.5709 1.063 0.0079, -0.5709 1.4567 0.0079, -0.8465 1.063 0.0079, -0.8465 1.063 0.0, -0.6693 1.063 0.0079, -0.8465 1.4567 0.0, -0.8465 1.4567 0.0079, -0.6693 1.4567 0.0079, -0.0984 1.063 0.0, -0.0984 1.4567 0.0, -0.0984 1.063 0.0079, -0.0984 1.4567 0.0079, -0.374 1.063 0.0, -0.374 1.063 0.0079, -0.374 1.4567 0.0, -0.374 1.4567 0.0079, 0.374 1.063 0.0, 0.374 1.4567 0.0, 0.374 1.063 0.0079, 0.374 1.4567 0.0079, 0.0984 1.063 0.0079, 0.0984 1.063 0.0, 0.2805 1.063 0.0079, 0.0984 1.4567 0.0, 0.0984 1.4567 0.0079, 0.2805 1.4567 0.0079, 0.8465 1.063 0.0, 0.8465 1.4567 0.0, 0.8465 1.063 0.0079, 0.8465 1.4567 0.0079, 0.5709 1.063 0.0079, 0.5709 1.063 0.0, 0.6693 1.063 0.0079, 0.5709 1.4567 0.0, 0.5709 1.4567 0.0079, 0.6693 1.4567 0.0079, 1.3189 1.063 0.0, 1.3189 1.4567 0.0, 1.3189 1.063 0.0079, 1.3189 1.4567 0.0079, 1.0433 1.063 0.0079, 1.0433 1.063 0.0, 1.122 1.063 0.0079, 1.0433 1.4567 0.0, 1.0433 1.4567 0.0079, 1.122 1.4567 0.0079, 1.752 1.7717 0.0079, 1.752 1.7717 0.0, 1.9488 1.7717 0.0079, 2.0276 1.7717 0.0, 2.0276 1.7717 0.0079, 1.752 2.1654 0.0, 1.752 2.1654 0.0079, 2.0276 2.1654 0.0079, 2.0276 2.1654 0.0, 1.9488 2.1654 0.0079, 1.5551 1.7717 0.0, 1.5551 2.1654 0.0, 1.5551 1.7717 0.0079, 1.5551 2.1654 0.0079, 1.2795 1.7717 0.0079, 1.2795 1.7717 0.0, 1.4764 1.7717 0.0079, 1.2795 2.1654 0.0, 1.2795 2.1654 0.0079, 1.4764 2.1654 0.0079, -1.752 1.7717 0.0, -1.752 2.1654 0.0, -1.752 1.7717 0.0079, -1.752 2.1654 0.0079, -2.0276 1.7717 0.0, -2.0276 1.7717 0.0079, -2.0276 2.1654 0.0, -2.0276 2.1654 0.0079, -1.2795 1.7717 0.0, -1.2795 2.1654 0.0, -1.2795 1.7717 0.0079, -1.2795 2.1654 0.0079, -1.5551 1.7717 0.0079, -1.5551 1.7717 0.0, -1.4764 1.7717 0.0079, -1.5551 2.1654 0.0, -1.5551 2.1654 0.0079, -1.4764 2.1654 0.0079, -0.8071 1.7717 0.0, -0.8071 2.1654 0.0, -0.8071 1.7717 0.0079, -0.8071 2.1654 0.0079, -1.0827 1.7717 0.0079, -1.0827 1.7717 0.0, -1.0236 1.7717 0.0079, -1.0827 2.1654 0.0, -1.0827 2.1654 0.0079, -1.0236 2.1654 0.0079, -0.3346 1.7717 0.0, -0.3346 2.1654 0.0, -0.3346 1.7717 0.0079, -0.3346 2.1654 0.0079, -0.6102 1.7717 0.0, -0.6102 1.7717 0.0079, -0.6102 2.1654 0.0, -0.6102 2.1654 0.0079, 0.1378 1.7717 0.0, 0.1378 2.1654 0.0, 0.1378 1.7717 0.0079, 0.1378 2.1654 0.0079, -0.1378 1.7717 0.0079, -0.1378 1.7717 0.0, 0.0 1.7717 0.0079, -0.1378 2.1654 0.0, -0.1378 2.1654 0.0079, 0.0 2.1654 0.0079, 0.6102 1.7717 0.0, 0.6102 2.1654 0.0, 0.6102 1.7717 0.0079, 0.6102 2.1654 0.0079, 0.3346 1.7717 0.0, 0.3346 1.7717 0.0079, 0.3346 2.1654 0.0, 0.3346 2.1654 0.0079, 1.0827 1.7717 0.0, 1.0827 2.1654 0.0, 1.0827 1.7717 0.0079, 1.0827 2.1654 0.0079, 0.8071 1.7717 0.0079, 0.8071 1.7717 0.0, 1.0236 1.7717 0.0079, 0.8071 2.1654 0.0, 0.8071 2.1654 0.0079, 1.0236 2.1654 0.0079, 2.4606 2.6378 0.0, 2.7362 2.6378 0.0, 2.4606 2.6378 0.0079, 2.7362 2.6378 0.0079, 2.4606 3.0315 0.0, 2.4606 3.0315 0.0079, 2.7362 3.0315 0.0, 2.7362 3.0315 0.0079, 2.3031 2.6378 0.0, 2.3031 3.0315 0.0, 2.3031 2.6378 0.0079, 2.3031 3.0315 0.0079, 2.0276 2.6378 0.0, 2.0276 2.6378 0.0079, 2.0276 3.0315 0.0, 2.0276 3.0315 0.0079, -2.4606 2.6378 0.0, -2.4606 3.0315 0.0, -2.4606 2.6378 0.0079, -2.4606 3.0315 0.0079, -2.7362 2.6378 0.0, -2.7362 2.6378 0.0079, -2.7362 3.0315 0.0, -2.7362 3.0315 0.0079, -2.0276 2.6378 0.0, -2.0276 3.0315 0.0, -2.0276 2.6378 0.0079, -2.0276 3.0315 0.0079, -2.3031 2.6378 0.0079, -2.3031 2.6378 0.0, -2.0866 2.6378 0.0079, -2.3031 3.0315 0.0, -2.3031 3.0315 0.0079, -2.0866 3.0315 0.0079, -1.5945 2.6378 0.0, -1.5945 3.0315 0.0, -1.5945 2.6378 0.0079, -1.5945 3.0315 0.0079, -1.8701 2.6378 0.0, -1.8701 2.6378 0.0079, -1.8701 3.0315 0.0, -1.8701 3.0315 0.0079, -1.1614 2.6378 0.0, -1.1614 3.0315 0.0, -1.1614 2.6378 0.0079, -1.1614 3.0315 0.0079, -1.437 2.6378 0.0, -1.437 2.6378 0.0079, -1.437 3.0315 0.0, -1.437 3.0315 0.0079, -0.7283 2.6378 0.0, -0.7283 3.0315 0.0, -0.7283 2.6378 0.0079, -0.7283 3.0315 0.0079, -1.0039 2.6378 0.0, -1.0039 2.6378 0.0079, -1.0039 3.0315 0.0, -1.0039 3.0315 0.0079, -0.2953 2.6378 0.0, -0.2953 3.0315 0.0, -0.2953 2.6378 0.0079, -0.2953 3.0315 0.0079, -0.5709 2.6378 0.0, -0.5709 2.6378 0.0079, -0.5709 3.0315 0.0, -0.5709 3.0315 0.0079, 0.1378 2.6378 0.0, 0.1378 3.0315 0.0, 0.1378 2.6378 0.0079, 0.1378 3.0315 0.0079, -0.1378 2.6378 0.0079, -0.1378 2.6378 0.0, 0.0 2.6378 0.0079, -0.1378 3.0315 0.0, -0.1378 3.0315 0.0079, 0.0 3.0315 0.0079, 0.5709 2.6378 0.0, 0.5709 3.0315 0.0, 0.5709 2.6378 0.0079, 0.5709 3.0315 0.0079, 0.2953 2.6378 0.0, 0.2953 2.6378 0.0079, 0.2953 3.0315 0.0, 0.2953 3.0315 0.0079, 1.0039 2.6378 0.0, 1.0039 3.0315 0.0, 1.0039 2.6378 0.0079, 1.0039 3.0315 0.0079, 0.7283 2.6378 0.0, 0.7283 2.6378 0.0079, 0.7283 3.0315 0.0, 0.7283 3.0315 0.0079, 1.437 2.6378 0.0, 1.437 3.0315 0.0, 1.437 2.6378 0.0079, 1.437 3.0315 0.0079, 1.1614 2.6378 0.0, 1.1614 2.6378 0.0079, 1.1614 3.0315 0.0, 1.1614 3.0315 0.0079, 1.8701 2.6378 0.0, 1.8701 3.0315 0.0, 1.8701 2.6378 0.0079, 1.8701 3.0315 0.0079, 1.5945 2.6378 0.0, 1.5945 2.6378 0.0079, 1.5945 3.0315 0.0, 1.5945 3.0315 0.0079, 1.7913 1.063 0.0, 1.7913 1.4567 0.0, 1.7913 1.063 0.0079, 1.7913 1.4567 0.0079, 1.5157 1.063 0.0079, 1.5157 1.063 0.0, 1.5748 1.063 0.0079, 1.5157 1.4567 0.0, 1.5157 1.4567 0.0079, 1.5748 1.4567 0.0079, 0.4429 0.6152 0.0079, 0.4429 0.6201 0.0079, 0.4429 0.6201 0.0, 0.4429 0.2165 0.0079, 0.4429 0.0886 0.0, 0.4429 0.0886 0.0079, 0.9744 0.6201 0.0079, 0.9744 0.6201 0.0, 0.6693 0.6201 0.0079, 0.9744 0.6152 0.0079, 0.9744 0.2165 0.0079, 0.9744 0.0886 0.0, 0.9744 0.0886 0.0079, 0.6693 0.0886 0.0079, 0.9744 -0.0886 0.0, 0.9744 -0.0886 0.0079, 0.9744 -0.6201 0.0, 0.9744 -0.6152 0.0079, 0.9744 -0.6201 0.0079, 0.4429 -0.6201 0.0079, 0.4429 -0.6201 0.0, 0.6693 -0.6201 0.0079, 0.4429 -0.0886 0.0079, 0.4429 -0.0886 0.0, 0.4429 -0.6152 0.0079, 0.6693 -0.0886 0.0079, -0.2657 0.0886 0.0079, -0.2657 0.0886 0.0, 0.0 0.0886 0.0079, 0.2657 0.0886 0.0, 0.2657 0.0886 0.0079, -0.2657 0.6152 0.0079, -0.2657 0.6201 0.0079, -0.2657 0.6201 0.0, -0.2657 0.2165 0.0079, 0.2657 0.6201 0.0079, 0.2657 0.6201 0.0, 0.0 0.6201 0.0079, 0.2657 0.6152 0.0079, 0.2657 0.2165 0.0079, 0.2657 -0.0886 0.0, 0.2657 -0.0886 0.0079, 0.2657 -0.6201 0.0, 0.2657 -0.6152 0.0079, 0.2657 -0.6201 0.0079, -0.2657 -0.6201 0.0079, -0.2657 -0.6201 0.0, 0.0 -0.6201 0.0079, -0.2657 -0.0886 0.0079, -0.2657 -0.0886 0.0, -0.2657 -0.6152 0.0079, 0.0 -0.0886 0.0079, -0.9744 0.0886 0.0079, -0.9744 0.0886 0.0, -0.6693 0.0886 0.0079, -0.4429 0.0886 0.0, -0.4429 0.0886 0.0079, -0.9744 0.6152 0.0079, -0.9744 0.6201 0.0079, -0.9744 0.6201 0.0, -0.9744 0.2165 0.0079, -0.4429 0.6201 0.0079, -0.4429 0.6201 0.0, -0.6693 0.6201 0.0079, -0.4429 0.6152 0.0079, -0.4429 0.2165 0.0079, -0.4429 -0.0886 0.0, -0.4429 -0.0886 0.0079, -0.4429 -0.6201 0.0, -0.4429 -0.6152 0.0079, -0.4429 -0.6201 0.0079, -0.9744 -0.6201 0.0079, -0.9744 -0.6201 0.0, -0.6693 -0.6201 0.0079, -0.9744 -0.0886 0.0079, -0.9744 -0.0886 0.0, -0.9744 -0.6152 0.0079, -0.6693 -0.0886 0.0079
            ]
        }
        coordIndex [
            0,1,2,-1,2,1,3,-1,4,0,5,-1,5,0,2,-1,6,4,7,-1,7,4,5,-1,1,6,3,-1,3,6,7,-1,4,6,0,-1,0,6,1,-1,8,9,10,-1,10,9,11,-1,12,13,14,-1,14,13,8,-1,14,8,10,-1,15,13,16,-1,16,13,12,-1,11,9,17,-1,17,9,15,-1,17,15,16,-1,13,15,8,-1,8,15,9,-1,18,19,20,-1,20,19,21,-1,22,18,23,-1,23,18,20,-1,24,22,25,-1,25,22,23,-1,19,24,21,-1,21,24,25,-1,22,24,18,-1,18,24,19,-1,26,27,28,-1,28,27,29,-1,30,31,32,-1,32,31,26,-1,32,26,28,-1,33,31,34,-1,34,31,30,-1,29,27,35,-1,35,27,33,-1,35,33,34,-1,31,33,26,-1,26,33,27,-1,36,37,38,-1,38,37,39,-1,40,36,41,-1,41,36,38,-1,42,40,43,-1,43,40,41,-1,37,42,39,-1,39,42,43,-1,40,42,36,-1,36,42,37,-1,44,45,46,-1,46,45,47,-1,48,49,50,-1,50,49,44,-1,50,44,46,-1,51,49,52,-1,52,49,48,-1,47,45,53,-1,53,45,51,-1,53,51,52,-1,49,51,44,-1,44,51,45,-1,54,55,56,-1,56,55,57,-1,58,54,59,-1,59,54,56,-1,60,58,61,-1,61,58,59,-1,55,60,57,-1,57,60,61,-1,58,60,54,-1,54,60,55,-1,62,63,64,-1,64,63,65,-1,66,62,67,-1,67,62,64,-1,68,66,69,-1,69,66,67,-1,63,68,65,-1,65,68,69,-1,66,68,62,-1,62,68,63,-1,70,71,72,-1,72,71,73,-1,74,70,75,-1,75,70,72,-1,76,74,77,-1,77,74,75,-1,71,76,73,-1,73,76,77,-1,74,76,70,-1,70,76,71,-1,78,79,80,-1,80,79,81,-1,82,78,83,-1,83,78,80,-1,84,82,85,-1,85,82,83,-1,79,84,81,-1,81,84,85,-1,82,84,78,-1,78,84,79,-1,86,87,88,-1,88,87,89,-1,88,89,90,-1,91,87,92,-1,92,87,86,-1,93,94,95,-1,95,94,91,-1,95,91,92,-1,89,94,90,-1,90,94,93,-1,91,94,87,-1,87,94,89,-1,96,97,98,-1,98,97,99,-1,100,101,102,-1,102,101,96,-1,102,96,98,-1,103,101,104,-1,104,101,100,-1,99,97,105,-1,105,97,103,-1,105,103,104,-1,101,103,96,-1,96,103,97,-1,106,107,108,-1,108,107,109,-1,108,109,110,-1,111,107,112,-1,112,107,106,-1,113,114,115,-1,115,114,111,-1,115,111,112,-1,109,114,110,-1,110,114,113,-1,111,114,107,-1,107,114,109,-1,116,117,118,-1,118,117,119,-1,118,119,120,-1,121,122,123,-1,123,122,117,-1,123,117,116,-1,124,125,126,-1,126,125,122,-1,126,122,121,-1,120,119,127,-1,127,119,125,-1,127,125,124,-1,122,125,117,-1,117,125,119,-1,128,129,130,-1,130,129,131,-1,130,131,132,-1,133,129,134,-1,134,129,128,-1,135,136,137,-1,137,136,133,-1,137,133,134,-1,131,136,132,-1,132,136,135,-1,133,136,129,-1,129,136,131,-1,138,139,140,-1,140,139,141,-1,140,141,142,-1,143,144,145,-1,145,144,139,-1,145,139,138,-1,146,147,148,-1,148,147,144,-1,148,144,143,-1,142,141,149,-1,149,141,147,-1,149,147,146,-1,144,147,139,-1,139,147,141,-1,150,151,152,-1,152,151,153,-1,154,150,155,-1,155,150,152,-1,156,154,157,-1,157,154,155,-1,151,156,153,-1,153,156,157,-1,154,156,150,-1,150,156,151,-1,158,159,160,-1,160,159,161,-1,162,158,163,-1,163,158,160,-1,164,162,165,-1,165,162,163,-1,159,164,161,-1,161,164,165,-1,162,164,158,-1,158,164,159,-1,166,167,168,-1,168,167,169,-1,168,169,170,-1,171,172,173,-1,173,172,167,-1,173,167,166,-1,174,175,176,-1,176,175,172,-1,176,172,171,-1,170,169,177,-1,177,169,175,-1,177,175,174,-1,172,175,167,-1,167,175,169,-1,178,179,180,-1,180,179,181,-1,182,183,184,-1,184,183,178,-1,184,178,180,-1,185,183,186,-1,186,183,182,-1,181,179,187,-1,187,179,185,-1,187,185,186,-1,183,185,178,-1,178,185,179,-1,188,189,190,-1,190,189,191,-1,190,191,192,-1,193,194,195,-1,195,194,189,-1,195,189,188,-1,196,197,198,-1,198,197,194,-1,198,194,193,-1,192,191,199,-1,199,191,197,-1,199,197,196,-1,194,197,189,-1,189,197,191,-1,200,201,202,-1,202,201,203,-1,204,200,205,-1,205,200,202,-1,206,204,207,-1,207,204,205,-1,201,206,203,-1,203,206,207,-1,204,206,200,-1,200,206,201,-1,208,209,210,-1,210,209,211,-1,212,208,213,-1,213,208,210,-1,214,212,215,-1,215,212,213,-1,209,214,211,-1,211,214,215,-1,212,214,208,-1,208,214,209,-1,216,217,218,-1,218,217,219,-1,220,216,221,-1,221,216,218,-1,222,220,223,-1,223,220,221,-1,217,222,219,-1,219,222,223,-1,220,222,216,-1,216,222,217,-1,224,225,226,-1,226,225,227,-1,228,224,229,-1,229,224,226,-1,230,228,231,-1,231,228,229,-1,225,230,227,-1,227,230,231,-1,228,230,224,-1,224,230,225,-1,232,233,234,-1,234,233,235,-1,234,235,236,-1,237,233,238,-1,238,233,232,-1,239,240,241,-1,241,240,237,-1,241,237,238,-1,235,240,236,-1,236,240,239,-1,237,240,233,-1,233,240,235,-1,242,243,244,-1,244,243,245,-1,246,242,247,-1,247,242,244,-1,248,246,249,-1,249,246,247,-1,243,248,245,-1,245,248,249,-1,246,248,242,-1,242,248,243,-1,250,251,252,-1,252,251,253,-1,252,253,254,-1,255,251,256,-1,256,251,250,-1,257,258,259,-1,259,258,255,-1,259,255,256,-1,253,258,254,-1,254,258,257,-1,255,258,251,-1,251,258,253,-1,260,261,262,-1,262,261,263,-1,264,260,265,-1,265,260,262,-1,266,264,267,-1,267,264,265,-1,261,266,263,-1,263,266,267,-1,264,266,260,-1,260,266,261,-1,268,269,270,-1,270,269,271,-1,272,273,274,-1,274,273,268,-1,274,268,270,-1,275,273,276,-1,276,273,272,-1,271,269,277,-1,277,269,275,-1,277,275,276,-1,273,275,268,-1,268,275,269,-1,278,279,280,-1,280,279,281,-1,282,278,283,-1,283,278,280,-1,284,282,285,-1,285,282,283,-1,279,284,281,-1,281,284,285,-1,282,284,278,-1,278,284,279,-1,286,287,288,-1,288,287,289,-1,290,286,291,-1,291,286,288,-1,292,290,293,-1,293,290,291,-1,287,292,289,-1,289,292,293,-1,290,292,286,-1,286,292,287,-1,294,295,296,-1,296,295,297,-1,298,294,299,-1,299,294,296,-1,300,298,301,-1,301,298,299,-1,295,300,297,-1,297,300,301,-1,298,300,294,-1,294,300,295,-1,302,303,304,-1,304,303,305,-1,306,302,307,-1,307,302,304,-1,308,306,309,-1,309,306,307,-1,303,308,305,-1,305,308,309,-1,306,308,302,-1,302,308,303,-1,310,311,312,-1,312,311,313,-1,314,310,315,-1,315,310,312,-1,316,314,317,-1,317,314,315,-1,311,316,313,-1,313,316,317,-1,314,316,310,-1,310,316,311,-1,318,319,320,-1,320,319,321,-1,320,321,322,-1,323,319,324,-1,324,319,318,-1,325,326,327,-1,327,326,323,-1,327,323,324,-1,321,326,322,-1,322,326,325,-1,323,326,319,-1,319,326,321,-1,328,329,330,-1,330,329,331,-1,332,328,333,-1,333,328,330,-1,334,332,335,-1,335,332,333,-1,329,334,331,-1,331,334,335,-1,332,334,328,-1,328,334,329,-1,336,337,338,-1,338,337,339,-1,340,336,341,-1,341,336,338,-1,342,340,343,-1,343,340,341,-1,337,342,339,-1,339,342,343,-1,340,342,336,-1,336,342,337,-1,344,345,346,-1,346,345,347,-1,348,344,349,-1,349,344,346,-1,350,348,351,-1,351,348,349,-1,345,350,347,-1,347,350,351,-1,348,350,344,-1,344,350,345,-1,352,353,354,-1,354,353,355,-1,356,352,357,-1,357,352,354,-1,358,356,359,-1,359,356,357,-1,353,358,355,-1,355,358,359,-1,356,358,352,-1,352,358,353,-1,360,361,362,-1,362,361,363,-1,362,363,364,-1,365,361,366,-1,366,361,360,-1,367,368,369,-1,369,368,365,-1,369,365,366,-1,363,368,364,-1,364,368,367,-1,365,368,361,-1,361,368,363,-1,370,371,372,-1,372,371,373,-1,374,370,375,-1,375,370,372,-1,376,374,377,-1,377,374,375,-1,371,376,373,-1,373,376,377,-1,374,376,370,-1,370,376,371,-1,378,379,380,-1,380,379,381,-1,382,383,384,-1,384,383,378,-1,384,378,380,-1,385,383,386,-1,386,383,382,-1,381,379,387,-1,387,379,385,-1,387,385,386,-1,383,385,378,-1,378,385,379,-1,388,389,390,-1,390,389,391,-1,390,391,392,-1,393,389,394,-1,394,389,388,-1,395,396,397,-1,397,396,393,-1,397,393,394,-1,391,396,392,-1,392,396,395,-1,393,396,389,-1,389,396,391,-1,398,399,400,-1,400,399,401,-1,400,401,402,-1,403,399,404,-1,404,399,398,-1,405,406,407,-1,407,406,403,-1,407,403,404,-1,401,406,402,-1,402,406,405,-1,403,406,399,-1,399,406,401,-1,408,409,410,-1,410,409,411,-1,412,408,413,-1,413,408,410,-1,414,412,415,-1,415,412,413,-1,409,414,411,-1,411,414,415,-1,412,414,408,-1,408,414,409,-1,416,417,418,-1,418,417,419,-1,418,419,420,-1,421,417,422,-1,422,417,416,-1,423,424,425,-1,425,424,421,-1,425,421,422,-1,419,424,420,-1,420,424,423,-1,421,424,417,-1,417,424,419,-1,426,427,428,-1,428,427,429,-1,430,426,431,-1,431,426,428,-1,432,430,433,-1,433,430,431,-1,427,432,429,-1,429,432,433,-1,430,432,426,-1,426,432,427,-1,434,435,436,-1,436,435,437,-1,436,437,438,-1,439,435,440,-1,440,435,434,-1,441,442,443,-1,443,442,439,-1,443,439,440,-1,437,442,438,-1,438,442,441,-1,439,442,435,-1,435,442,437,-1,444,445,446,-1,446,445,447,-1,446,447,448,-1,449,445,450,-1,450,445,444,-1,451,452,453,-1,453,452,449,-1,453,449,450,-1,447,452,448,-1,448,452,451,-1,449,452,445,-1,445,452,447,-1,454,455,456,-1,456,455,457,-1,458,454,459,-1,459,454,456,-1,460,458,461,-1,461,458,459,-1,455,460,457,-1,457,460,461,-1,458,460,454,-1,454,460,455,-1,462,463,464,-1,464,463,465,-1,466,462,467,-1,467,462,464,-1,468,466,469,-1,469,466,467,-1,463,468,465,-1,465,468,469,-1,466,468,462,-1,462,468,463,-1,470,471,472,-1,472,471,473,-1,472,473,474,-1,475,471,476,-1,476,471,470,-1,477,478,479,-1,479,478,475,-1,479,475,476,-1,473,478,474,-1,474,478,477,-1,475,478,471,-1,471,478,473,-1,480,481,482,-1,482,481,483,-1,482,483,484,-1,485,481,486,-1,486,481,480,-1,487,488,489,-1,489,488,485,-1,489,485,486,-1,483,488,484,-1,484,488,487,-1,485,488,481,-1,481,488,483,-1,490,491,492,-1,492,491,493,-1,492,493,494,-1,495,491,496,-1,496,491,490,-1,497,498,499,-1,499,498,495,-1,499,495,496,-1,493,498,494,-1,494,498,497,-1,495,498,491,-1,491,498,493,-1,500,501,502,-1,502,501,503,-1,504,500,505,-1,505,500,502,-1,506,504,507,-1,507,504,505,-1,501,506,503,-1,503,506,507,-1,504,506,500,-1,500,506,501,-1,508,509,510,-1,510,509,511,-1,510,511,512,-1,513,509,514,-1,514,509,508,-1,515,516,517,-1,517,516,513,-1,517,513,514,-1,511,516,512,-1,512,516,515,-1,513,516,509,-1,509,516,511,-1,518,519,520,-1,520,519,521,-1,520,521,522,-1,523,519,524,-1,524,519,518,-1,525,526,527,-1,527,526,523,-1,527,523,524,-1,521,526,522,-1,522,526,525,-1,523,526,519,-1,519,526,521,-1,528,529,530,-1,530,529,531,-1,532,528,533,-1,533,528,530,-1,534,532,535,-1,535,532,533,-1,529,534,531,-1,531,534,535,-1,532,534,528,-1,528,534,529,-1,536,537,538,-1,538,537,539,-1,540,541,542,-1,542,541,536,-1,542,536,538,-1,543,541,544,-1,544,541,540,-1,539,537,545,-1,545,537,543,-1,545,543,544,-1,541,543,536,-1,536,543,537,-1,546,547,548,-1,548,547,549,-1,550,551,552,-1,552,551,546,-1,552,546,548,-1,553,551,554,-1,554,551,550,-1,549,547,555,-1,555,547,553,-1,555,553,554,-1,551,553,546,-1,546,553,547,-1,556,557,558,-1,558,557,559,-1,560,556,561,-1,561,556,558,-1,562,560,563,-1,563,560,561,-1,557,562,559,-1,559,562,563,-1,560,562,556,-1,556,562,557,-1,564,565,566,-1,566,565,567,-1,568,569,570,-1,570,569,564,-1,570,564,566,-1,571,569,572,-1,572,569,568,-1,567,565,573,-1,573,565,571,-1,573,571,572,-1,569,571,564,-1,564,571,565,-1,574,575,576,-1,576,575,577,-1,578,579,580,-1,580,579,574,-1,580,574,576,-1,581,579,582,-1,582,579,578,-1,577,575,583,-1,583,575,581,-1,583,581,582,-1,579,581,574,-1,574,581,575,-1,584,585,586,-1,586,585,587,-1,588,589,590,-1,590,589,584,-1,590,584,586,-1,591,589,592,-1,592,589,588,-1,587,585,593,-1,593,585,591,-1,593,591,592,-1,589,591,584,-1,584,591,585,-1,594,595,596,-1,596,595,597,-1,596,597,598,-1,599,595,600,-1,600,595,594,-1,601,602,603,-1,603,602,599,-1,603,599,600,-1,597,602,598,-1,598,602,601,-1,599,602,595,-1,595,602,597,-1,604,605,606,-1,606,605,607,-1,608,609,610,-1,610,609,604,-1,610,604,606,-1,611,609,612,-1,612,609,608,-1,607,605,613,-1,613,605,611,-1,613,611,612,-1,609,611,604,-1,604,611,605,-1,614,615,616,-1,616,615,617,-1,618,614,619,-1,619,614,616,-1,620,618,621,-1,621,618,619,-1,615,620,617,-1,617,620,621,-1,618,620,614,-1,614,620,615,-1,622,623,624,-1,624,623,625,-1,626,627,628,-1,628,627,622,-1,628,622,624,-1,629,627,630,-1,630,627,626,-1,625,623,631,-1,631,623,629,-1,631,629,630,-1,627,629,622,-1,622,629,623,-1,632,633,634,-1,634,633,635,-1,636,637,638,-1,638,637,632,-1,638,632,634,-1,639,637,640,-1,640,637,636,-1,635,633,641,-1,641,633,639,-1,641,639,640,-1,637,639,632,-1,632,639,633,-1,642,643,644,-1,644,643,645,-1,646,642,647,-1,647,642,644,-1,648,646,649,-1,649,646,647,-1,643,648,645,-1,645,648,649,-1,646,648,642,-1,642,648,643,-1,650,651,652,-1,652,651,653,-1,654,655,656,-1,656,655,650,-1,656,650,652,-1,657,655,658,-1,658,655,654,-1,653,651,659,-1,659,651,657,-1,659,657,658,-1,655,657,650,-1,650,657,651,-1,660,661,662,-1,662,661,663,-1,664,660,665,-1,665,660,662,-1,666,664,667,-1,667,664,665,-1,661,666,663,-1,663,666,667,-1,664,666,660,-1,660,666,661,-1,668,669,670,-1,670,669,671,-1,672,673,674,-1,674,673,668,-1,674,668,670,-1,675,673,676,-1,676,673,672,-1,671,669,677,-1,677,669,675,-1,677,675,676,-1,673,675,668,-1,668,675,669,-1,678,679,680,-1,680,679,681,-1,682,678,683,-1,683,678,680,-1,684,682,685,-1,685,682,683,-1,679,684,681,-1,681,684,685,-1,682,684,678,-1,678,684,679,-1,686,687,688,-1,688,687,689,-1,690,686,691,-1,691,686,688,-1,692,690,693,-1,693,690,691,-1,687,692,689,-1,689,692,693,-1,690,692,686,-1,686,692,687,-1,694,695,696,-1,696,695,697,-1,698,694,699,-1,699,694,696,-1,700,698,701,-1,701,698,699,-1,695,700,697,-1,697,700,701,-1,698,700,694,-1,694,700,695,-1,702,703,704,-1,704,703,705,-1,706,707,708,-1,708,707,702,-1,708,702,704,-1,709,707,710,-1,710,707,706,-1,705,703,711,-1,711,703,709,-1,711,709,710,-1,707,709,702,-1,702,709,703,-1,712,713,714,-1,714,713,715,-1,716,712,717,-1,717,712,714,-1,718,716,719,-1,719,716,717,-1,713,718,715,-1,715,718,719,-1,716,718,712,-1,712,718,713,-1,720,721,722,-1,722,721,723,-1,724,720,725,-1,725,720,722,-1,726,724,727,-1,727,724,725,-1,721,726,723,-1,723,726,727,-1,724,726,720,-1,720,726,721,-1,728,729,730,-1,730,729,731,-1,732,728,733,-1,733,728,730,-1,734,732,735,-1,735,732,733,-1,729,734,731,-1,731,734,735,-1,732,734,728,-1,728,734,729,-1,736,737,738,-1,738,737,739,-1,740,736,741,-1,741,736,738,-1,742,740,743,-1,743,740,741,-1,737,742,739,-1,739,742,743,-1,740,742,736,-1,736,742,737,-1,744,745,746,-1,746,745,747,-1,748,749,750,-1,750,749,744,-1,750,744,746,-1,751,749,752,-1,752,749,748,-1,747,745,753,-1,753,745,751,-1,753,751,752,-1,749,751,744,-1,744,751,745,-1,754,755,756,-1,756,755,757,-1,758,754,759,-1,759,754,756,-1,760,758,761,-1,761,758,759,-1,755,760,757,-1,757,760,761,-1,758,760,754,-1,754,760,755,-1,762,763,764,-1,764,763,765,-1,766,762,767,-1,767,762,764,-1,768,766,769,-1,769,766,767,-1,763,768,765,-1,765,768,769,-1,766,768,762,-1,762,768,763,-1,770,771,772,-1,772,771,773,-1,774,770,775,-1,775,770,772,-1,776,774,777,-1,777,774,775,-1,771,776,773,-1,773,776,777,-1,774,776,770,-1,770,776,771,-1,778,779,780,-1,780,779,781,-1,782,778,783,-1,783,778,780,-1,784,782,785,-1,785,782,783,-1,779,784,781,-1,781,784,785,-1,782,784,778,-1,778,784,779,-1,786,787,788,-1,788,787,789,-1,790,791,792,-1,792,791,786,-1,792,786,788,-1,793,791,794,-1,794,791,790,-1,789,787,795,-1,795,787,793,-1,795,793,794,-1,791,793,786,-1,786,793,787,-1,796,797,798,-1,796,798,799,-1,799,798,800,-1,799,800,801,-1,802,803,804,-1,804,803,798,-1,804,798,797,-1,802,805,803,-1,803,805,806,-1,803,806,807,-1,807,806,808,-1,801,800,809,-1,809,800,807,-1,809,807,808,-1,803,807,798,-1,798,807,800,-1,810,811,812,-1,812,811,813,-1,812,813,814,-1,815,816,817,-1,817,816,812,-1,817,812,814,-1,818,819,820,-1,820,819,816,-1,820,816,815,-1,811,810,821,-1,821,810,819,-1,821,819,818,-1,816,819,812,-1,812,819,810,-1,822,823,824,-1,824,823,825,-1,824,825,826,-1,827,828,829,-1,827,829,830,-1,830,829,823,-1,830,823,822,-1,831,832,833,-1,833,832,829,-1,833,829,828,-1,831,834,832,-1,832,834,835,-1,832,835,825,-1,825,835,826,-1,829,832,823,-1,823,832,825,-1,836,837,838,-1,838,837,839,-1,838,839,840,-1,841,842,843,-1,843,842,838,-1,843,838,840,-1,844,845,846,-1,846,845,842,-1,846,842,841,-1,837,836,847,-1,847,836,845,-1,847,845,844,-1,842,845,838,-1,838,845,836,-1,848,849,850,-1,850,849,851,-1,850,851,852,-1,853,854,855,-1,853,855,856,-1,856,855,849,-1,856,849,848,-1,857,858,859,-1,859,858,855,-1,859,855,854,-1,857,860,858,-1,858,860,861,-1,858,861,851,-1,851,861,852,-1,855,858,849,-1,849,858,851,-1,862,863,864,-1,864,863,865,-1,864,865,866,-1,867,868,869,-1,869,868,864,-1,869,864,866,-1,870,871,872,-1,872,871,868,-1,872,868,867,-1,863,862,873,-1,873,862,871,-1,873,871,870,-1,868,871,864,-1,864,871,862,-1,
        ]
    }
}
Shape{
    appearance Appearance {
        material  Material 	{
            diffuseColor 0.0 0.0 0.0
            specularColor 0.0 0.0 0.0
            ambientIntensity 0.0
            transparency 0.0
            shininess 0.5
        }
    }
    geometry IndexedFaceSet {
        ccw TRUE
        solid FALSE
        coord DEF co Coordinate {
            point [
                2.3897 -2.1851 0.9173, 2.3897 -2.2003 0.9173, 2.3897 -2.1851 0.9134, 2.3897 -2.2003 0.9134, 2.3366 -2.1851 0.9173, 2.3366 -2.1851 0.9134, 2.3366 -2.0668 0.9173, 2.3366 -2.0668 0.9134, 2.3194 -2.0668 0.9173, 2.3194 -2.0668 0.9134, 2.3194 -2.2003 0.9173, 2.3194 -2.2003 0.9134, 2.4582 -2.2025 0.9173, 2.4582 -2.2025 0.9134, 2.4785 -2.2006 0.9173, 2.4699 -2.2014 0.9134, 2.4785 -2.2006 0.9134, 2.4928 -2.1959 0.9134, 2.4928 -2.1959 0.9173, 2.4951 -2.1948 0.9134, 2.4951 -2.1948 0.9173, 2.4951 -2.1782 0.9173, 2.4951 -2.1782 0.9134, 2.4837 -2.1836 0.9134, 2.4837 -2.1836 0.9173, 2.4689 -2.1868 0.9134, 2.4689 -2.1868 0.9173, 2.4607 -2.1872 0.9134, 2.4607 -2.1872 0.9173, 2.4482 -2.1858 0.9134, 2.4482 -2.1858 0.9173, 2.4385 -2.1823 0.9134, 2.4385 -2.1823 0.9173, 2.4296 -2.1763 0.9134, 2.4296 -2.1763 0.9173, 2.4264 -2.1731 0.9134, 2.4264 -2.1731 0.9173, 2.4199 -2.1642 0.9134, 2.4199 -2.1642 0.9173, 2.4156 -2.1534 0.9134, 2.4156 -2.1534 0.9173, 2.4134 -2.1401 0.9134, 2.4134 -2.1401 0.9173, 2.4133 -2.1351 0.9134, 2.4133 -2.1351 0.9173, 2.4154 -2.1169 0.9134, 2.4154 -2.1169 0.9173, 2.4199 -2.1053 0.9134, 2.4199 -2.1053 0.9173, 2.4263 -2.096 0.9134, 2.4263 -2.096 0.9173, 2.4273 -2.0949 0.9134, 2.4273 -2.0949 0.9173, 2.4362 -2.0876 0.9134, 2.4362 -2.0876 0.9173, 2.4466 -2.0827 0.9134, 2.4466 -2.0827 0.9173, 2.4582 -2.0804 0.9134, 2.4582 -2.0804 0.9173, 2.4637 -2.0801 0.9134, 2.4637 -2.0801 0.9173, 2.4801 -2.0821 0.9134, 2.4801 -2.0821 0.9173, 2.4936 -2.0873 0.9134, 2.4936 -2.0873 0.9173, 2.4951 -2.0881 0.9134, 2.4951 -2.0881 0.9173, 2.4951 -2.07 0.9173, 2.4951 -2.07 0.9134, 2.481 -2.066 0.9134, 2.481 -2.066 0.9173, 2.4635 -2.0646 0.9134, 2.4635 -2.0646 0.9173, 2.4443 -2.0669 0.9134, 2.4443 -2.0669 0.9173, 2.4303 -2.0723 0.9134, 2.4303 -2.0723 0.9173, 2.4174 -2.0814 0.9134, 2.4174 -2.0814 0.9173, 2.4145 -2.0842 0.9134, 2.4145 -2.0842 0.9173, 2.4061 -2.0947 0.9134, 2.4012 -2.1051 0.9134, 2.3992 -2.1092 0.9173, 2.4061 -2.0947 0.9173, 2.3992 -2.1092 0.9134, 2.3957 -2.1261 0.9134, 2.3957 -2.1261 0.9173, 2.3952 -2.1361 0.9134, 2.3952 -2.1361 0.9173, 2.3978 -2.1577 0.9134, 2.4012 -2.1664 0.9134, 2.4032 -2.1716 0.9173, 2.3978 -2.1577 0.9173, 2.4032 -2.1716 0.9134, 2.4111 -2.183 0.9134, 2.4111 -2.183 0.9173, 2.4123 -2.1843 0.9134, 2.4123 -2.1843 0.9173, 2.4343 -2.1987 0.9134, 2.4219 -2.1925 0.9173, 2.4219 -2.1925 0.9134, 2.446 -2.2014 0.9134, 2.4485 -2.202 0.9173, 2.4343 -2.1987 0.9173, 2.4485 -2.202 0.9134, 2.5936 -2.1851 0.9173, 2.5936 -2.2003 0.9173, 2.5936 -2.1851 0.9134, 2.5936 -2.2003 0.9134, 2.539 -2.1851 0.9134, 2.539 -2.1851 0.9173, 2.5751 -2.1851 0.9134, 2.539 -2.1402 0.9173, 2.539 -2.1402 0.9134, 2.5868 -2.1402 0.9173, 2.5751 -2.1402 0.9134, 2.5868 -2.1402 0.9134, 2.5868 -2.1249 0.9173, 2.5868 -2.1249 0.9134, 2.539 -2.1249 0.9134, 2.539 -2.1249 0.9173, 2.5751 -2.1249 0.9134, 2.539 -2.0822 0.9173, 2.539 -2.0822 0.9134, 2.5906 -2.0822 0.9134, 2.5906 -2.0822 0.9173, 2.5751 -2.0822 0.9134, 2.5906 -2.0668 0.9173, 2.5906 -2.0668 0.9134, 2.5218 -2.0668 0.9134, 2.5218 -2.0668 0.9173, 2.5751 -2.0668 0.9134, 2.5218 -2.2003 0.9173, 2.5218 -2.2003 0.9134, 2.5751 -2.2003 0.9134, 2.7018 -2.1627 0.9173, 2.6951 -2.1712 0.9173, 2.7073 -2.1816 0.9173, 2.6934 -2.1727 0.9173, 2.6933 -2.1917 0.9173, 2.6848 -2.1787 0.9173, 2.678 -2.1976 0.9173, 2.6737 -2.1829 0.9173, 2.6555 -2.2003 0.9173, 2.6554 -2.1851 0.9173, 2.6188 -2.2003 0.9173, 2.636 -2.1851 0.9173, 2.6188 -2.0668 0.9173, 2.636 -2.0822 0.9173, 2.6569 -2.0668 0.9173, 2.6562 -2.0822 0.9173, 2.6772 -2.0691 0.9173, 2.6738 -2.0842 0.9173, 2.6934 -2.075 0.9173, 2.6853 -2.0884 0.9173, 2.7073 -2.0845 0.9173, 2.6947 -2.0947 0.9173, 2.7121 -2.0892 0.9173, 2.6996 -2.0998 0.9173, 2.7203 -2.1008 0.9173, 2.7045 -2.1077 0.9173, 2.7253 -2.1136 0.9173, 2.7079 -2.1181 0.9173, 2.7274 -2.1319 0.9173, 2.7093 -2.1323 0.9173, 2.7268 -2.1428 0.9173, 2.7089 -2.1405 0.9173, 2.7231 -2.158 0.9173, 2.7064 -2.1528 0.9173, 2.716 -2.1716 0.9173, 2.6555 -2.2003 0.9134, 2.6188 -2.2003 0.9134, 2.7073 -2.1816 0.9134, 2.678 -2.1976 0.9134, 2.6799 -2.1968 0.9134, 2.6933 -2.1917 0.9134, 2.716 -2.1716 0.9134, 2.7231 -2.158 0.9134, 2.7268 -2.1428 0.9134, 2.7274 -2.1319 0.9134, 2.7253 -2.1136 0.9134, 2.7203 -2.1008 0.9134, 2.7121 -2.0892 0.9134, 2.7073 -2.0845 0.9134, 2.6934 -2.075 0.9134, 2.6799 -2.0701 0.9134, 2.6772 -2.0691 0.9134, 2.6569 -2.0668 0.9134, 2.6188 -2.0668 0.9134, 2.6562 -2.0822 0.9134, 2.636 -2.0822 0.9134, 2.636 -2.1851 0.9134, 2.6554 -2.1851 0.9134, 2.6951 -2.1712 0.9134, 2.6934 -2.1727 0.9134, 2.6848 -2.1787 0.9134, 2.6737 -2.1829 0.9134, 2.7093 -2.1323 0.9134, 2.7089 -2.1405 0.9134, 2.7064 -2.1528 0.9134, 2.7018 -2.1627 0.9134, 2.6947 -2.0947 0.9134, 2.6996 -2.0998 0.9134, 2.7045 -2.1077 0.9134, 2.7079 -2.1181 0.9134, 2.6738 -2.0842 0.9134, 2.6853 -2.0884 0.9134
            ]
        }
        coordIndex [
            0,1,2,-1,2,1,3,-1,4,0,5,-1,5,0,2,-1,6,4,7,-1,7,4,5,-1,8,6,9,-1,9,6,7,-1,10,8,11,-1,11,8,9,-1,1,10,3,-1,3,10,11,-1,6,8,4,-1,4,8,10,-1,4,10,0,-1,0,10,1,-1,12,13,14,-1,14,13,15,-1,15,16,14,-1,14,16,17,-1,14,17,18,-1,18,17,19,-1,18,19,20,-1,21,20,22,-1,22,20,19,-1,21,22,23,-1,21,23,24,-1,24,23,25,-1,24,25,26,-1,26,25,27,-1,26,27,28,-1,28,27,29,-1,28,29,30,-1,30,29,31,-1,30,31,32,-1,32,31,33,-1,32,33,34,-1,34,33,35,-1,34,35,36,-1,36,35,37,-1,36,37,38,-1,38,37,39,-1,38,39,40,-1,40,39,41,-1,40,41,42,-1,42,41,43,-1,42,43,44,-1,44,43,45,-1,44,45,46,-1,46,45,47,-1,46,47,48,-1,48,47,49,-1,48,49,50,-1,50,49,51,-1,50,51,52,-1,52,51,53,-1,52,53,54,-1,54,53,55,-1,54,55,56,-1,56,55,57,-1,56,57,58,-1,58,57,59,-1,58,59,60,-1,60,59,61,-1,60,61,62,-1,62,61,63,-1,62,63,64,-1,64,63,65,-1,64,65,66,-1,67,66,68,-1,68,66,65,-1,67,68,69,-1,67,69,70,-1,70,69,71,-1,70,71,72,-1,72,71,73,-1,72,73,74,-1,74,73,75,-1,74,75,76,-1,76,75,77,-1,76,77,78,-1,78,77,79,-1,78,79,80,-1,80,79,81,-1,82,83,81,-1,81,83,84,-1,81,84,80,-1,82,85,83,-1,83,85,86,-1,83,86,87,-1,87,86,88,-1,87,88,89,-1,89,88,90,-1,91,92,90,-1,90,92,93,-1,90,93,89,-1,91,94,92,-1,92,94,95,-1,92,95,96,-1,96,95,97,-1,96,97,98,-1,99,100,101,-1,101,100,98,-1,101,98,97,-1,102,103,99,-1,99,103,104,-1,99,104,100,-1,102,105,103,-1,103,105,13,-1,103,13,12,-1,46,48,84,-1,54,56,74,-1,84,48,80,-1,74,56,72,-1,74,76,54,-1,54,76,78,-1,54,78,52,-1,52,78,80,-1,52,80,50,-1,50,80,48,-1,56,58,72,-1,72,58,60,-1,72,60,70,-1,70,60,62,-1,70,62,67,-1,67,62,64,-1,67,64,66,-1,89,44,87,-1,87,44,46,-1,87,46,83,-1,83,46,84,-1,20,21,18,-1,18,21,24,-1,18,24,14,-1,14,24,26,-1,14,26,12,-1,12,26,28,-1,12,28,103,-1,103,28,30,-1,103,30,104,-1,104,30,32,-1,104,32,100,-1,100,32,34,-1,100,34,98,-1,98,34,36,-1,98,36,96,-1,96,36,38,-1,96,38,92,-1,92,38,93,-1,93,38,40,-1,93,40,89,-1,89,40,42,-1,89,42,44,-1,106,107,108,-1,108,107,109,-1,110,111,112,-1,112,111,106,-1,112,106,108,-1,113,111,114,-1,114,111,110,-1,113,114,115,-1,115,114,116,-1,115,116,117,-1,118,115,119,-1,119,115,117,-1,120,121,122,-1,122,121,118,-1,122,118,119,-1,123,121,124,-1,124,121,120,-1,125,126,127,-1,127,126,123,-1,127,123,124,-1,128,126,129,-1,129,126,125,-1,130,131,132,-1,132,131,128,-1,132,128,129,-1,133,131,134,-1,134,131,130,-1,109,107,135,-1,135,107,133,-1,135,133,134,-1,133,107,106,-1,106,111,133,-1,133,111,113,-1,133,113,131,-1,126,128,123,-1,123,128,131,-1,123,131,121,-1,121,131,113,-1,121,113,118,-1,118,113,115,-1,136,137,138,-1,138,137,139,-1,138,139,140,-1,140,139,141,-1,140,141,142,-1,142,141,143,-1,142,143,144,-1,144,143,145,-1,144,145,146,-1,146,145,147,-1,146,147,148,-1,148,147,149,-1,148,149,150,-1,150,149,151,-1,150,151,152,-1,152,151,153,-1,152,153,154,-1,154,153,155,-1,154,155,156,-1,156,155,157,-1,156,157,158,-1,158,157,159,-1,158,159,160,-1,160,159,161,-1,160,161,162,-1,162,161,163,-1,162,163,164,-1,164,163,165,-1,164,165,166,-1,166,165,167,-1,166,167,168,-1,168,167,169,-1,168,169,170,-1,170,169,136,-1,170,136,138,-1,144,146,171,-1,171,146,172,-1,173,138,140,-1,144,171,174,-1,144,174,142,-1,142,174,175,-1,142,175,140,-1,140,175,176,-1,140,176,173,-1,138,173,177,-1,138,177,170,-1,170,177,178,-1,170,178,168,-1,168,178,179,-1,168,179,166,-1,166,179,180,-1,166,180,164,-1,164,180,181,-1,164,181,162,-1,162,181,182,-1,162,182,160,-1,160,182,183,-1,160,183,158,-1,158,183,184,-1,158,184,156,-1,156,184,185,-1,186,152,185,-1,185,152,154,-1,185,154,156,-1,186,187,152,-1,152,187,188,-1,152,188,150,-1,148,150,189,-1,189,150,188,-1,146,148,172,-1,172,148,189,-1,151,149,190,-1,190,149,191,-1,149,147,191,-1,191,147,192,-1,147,145,192,-1,192,145,193,-1,137,194,195,-1,137,195,139,-1,139,195,196,-1,139,196,141,-1,141,196,197,-1,141,197,143,-1,143,197,193,-1,143,193,145,-1,165,198,199,-1,165,199,167,-1,167,199,200,-1,167,200,169,-1,169,200,201,-1,169,201,136,-1,136,201,194,-1,136,194,137,-1,157,202,203,-1,157,203,159,-1,159,203,204,-1,159,204,161,-1,161,204,205,-1,161,205,163,-1,163,205,198,-1,163,198,165,-1,151,190,206,-1,151,206,153,-1,153,206,207,-1,153,207,155,-1,155,207,202,-1,155,202,157,-1,
        ]
    }
}
Shape{
    appearance Appearance {
        material  Material 	{
            diffuseColor 0.7529411764705882 0.7529411764705882 0.7529411764705882
            specularColor 0.3764705882352941 0.3764705882352941 0.3764705882352941
            ambientIntensity 0.7529
            transparency 0.0
            shininess 0.5
        }
    }
    geometry IndexedFaceSet {
        ccw TRUE
        solid FALSE
        coord DEF co Coordinate {
            point [
                2.636 -2.0822 0.9134, 2.636 -2.1851 0.9134, 2.6562 -2.0822 0.9134, 2.6554 -2.1851 0.9134, 2.6737 -2.1829 0.9134, 2.6848 -2.1787 0.9134, 2.6934 -2.1727 0.9134, 2.7093 -2.1323 0.9134, 2.6947 -2.0947 0.9134, 2.6853 -2.0884 0.9134, 2.6951 -2.1712 0.9134, 2.7018 -2.1627 0.9134, 2.7064 -2.1528 0.9134, 2.6996 -2.0998 0.9134, 2.7079 -2.1181 0.9134, 2.7045 -2.1077 0.9134, 2.7089 -2.1405 0.9134, 2.6738 -2.0842 0.9134
            ]
        }
        coordIndex [
            0,1,2,-1,2,1,3,-1,3,4,2,-1,2,4,5,-1,2,5,6,-1,7,8,9,-1,6,10,2,-1,2,10,11,-1,2,11,12,-1,8,7,13,-1,13,7,14,-1,13,14,15,-1,12,16,2,-1,2,16,7,-1,2,7,17,-1,17,7,9,-1,
        ]
    }
}
Shape{
    appearance Appearance {
        material  Material 	{
            diffuseColor 0.0 0.0 0.0
            specularColor 0.0 0.0 0.0
            ambientIntensity 0.0
            transparency 0.0
            shininess 0.5
        }
    }
    geometry IndexedFaceSet {
        ccw TRUE
        solid FALSE
        coord DEF co Coordinate {
            point [
                2.7722 -2.1487 0.9173, 2.7667 -2.1638 0.9173, 2.817 -2.1487 0.9173, 2.8223 -2.1638 0.9173, 2.7921 -2.0932 0.9173, 2.7857 -2.0668 0.9173, 2.7349 -2.2003 0.9173, 2.7539 -2.2003 0.9173, 2.7933 -2.0893 0.9173, 2.7943 -2.0839 0.9173, 2.8041 -2.0668 0.9173, 2.7947 -2.0839 0.9173, 2.7958 -2.0895 0.9173, 2.7968 -2.0932 0.9173, 2.8549 -2.2003 0.9173, 2.8359 -2.2003 0.9173, 2.8041 -2.0668 0.9134, 2.8549 -2.2003 0.9134, 2.7857 -2.0668 0.9134, 2.7349 -2.2003 0.9134, 2.7733 -2.0993 0.9134, 2.7539 -2.2003 0.9134, 2.7667 -2.1638 0.9134, 2.8223 -2.1638 0.9134, 2.7733 -2.1638 0.9134, 2.8359 -2.2003 0.9134, 2.7722 -2.1487 0.9134, 2.817 -2.1487 0.9134, 2.7968 -2.0932 0.9134, 2.7947 -2.0839 0.9134, 2.7958 -2.0895 0.9134, 2.7943 -2.0839 0.9134, 2.7921 -2.0932 0.9134, 2.7933 -2.0893 0.9134
            ]
        }
        coordIndex [
            0,1,2,-1,2,1,3,-1,4,5,0,-1,0,5,6,-1,0,6,1,-1,1,6,7,-1,4,8,5,-1,5,8,9,-1,5,9,10,-1,10,9,11,-1,10,11,12,-1,12,13,10,-1,10,13,2,-1,10,2,14,-1,14,2,3,-1,14,3,15,-1,10,14,16,-1,16,14,17,-1,5,10,18,-1,18,10,16,-1,19,6,20,-1,20,6,5,-1,20,5,18,-1,7,6,21,-1,21,6,19,-1,1,7,22,-1,22,7,21,-1,23,3,24,-1,24,3,1,-1,24,1,22,-1,15,3,25,-1,25,3,23,-1,14,15,17,-1,17,15,25,-1,0,2,26,-1,26,2,27,-1,2,13,27,-1,27,13,28,-1,11,29,30,-1,11,30,12,-1,12,30,28,-1,12,28,13,-1,11,9,29,-1,29,9,31,-1,4,32,33,-1,4,33,8,-1,8,33,31,-1,8,31,9,-1,4,0,32,-1,32,0,26,-1,
        ]
    }
}
Shape{
    appearance Appearance {
        material  Material 	{
            diffuseColor 0.7529411764705882 0.7529411764705882 0.7529411764705882
            specularColor 0.3764705882352941 0.3764705882352941 0.3764705882352941
            ambientIntensity 0.7529
            transparency 0.0
            shininess 0.5
        }
    }
    geometry IndexedFaceSet {
        ccw TRUE
        solid FALSE
        coord DEF co Coordinate {
            point [
                2.7947 -2.0839 0.9134, 2.7943 -2.0839 0.9134, 2.7958 -2.0895 0.9134, 2.7933 -2.0893 0.9134, 2.7968 -2.0932 0.9134, 2.7921 -2.0932 0.9134, 2.817 -2.1487 0.9134, 2.7722 -2.1487 0.9134
            ]
        }
        coordIndex [
            0,1,2,-1,2,1,3,-1,2,3,4,-1,4,3,5,-1,4,5,6,-1,6,5,7,-1,
        ]
    }
}
Shape{
    appearance Appearance {
        material  Material 	{
            diffuseColor 0.0 0.0 0.0
            specularColor 0.0 0.0 0.0
            ambientIntensity 0.0
            transparency 0.0
            shininess 0.5
        }
    }
    geometry IndexedFaceSet {
        ccw TRUE
        solid FALSE
        coord DEF co Coordinate {
            point [
                2.3911 -2.3968 0.9173, 2.3911 -2.412 0.9173, 2.3911 -2.3968 0.9134, 2.3911 -2.412 0.9134, 2.3366 -2.3968 0.9173, 2.3366 -2.3968 0.9134, 2.3366 -2.3519 0.9173, 2.3366 -2.3519 0.9134, 2.3843 -2.3519 0.9173, 2.3843 -2.3519 0.9134, 2.3843 -2.3366 0.9173, 2.3843 -2.3366 0.9134, 2.3366 -2.3366 0.9173, 2.3366 -2.3366 0.9134, 2.3366 -2.2939 0.9173, 2.3366 -2.2939 0.9134, 2.3881 -2.2939 0.9173, 2.3881 -2.2939 0.9134, 2.3881 -2.2785 0.9173, 2.3881 -2.2785 0.9134, 2.3194 -2.2785 0.9173, 2.3194 -2.2785 0.9134, 2.3194 -2.412 0.9173, 2.3194 -2.412 0.9134, 2.467 -2.412 0.9173, 2.4837 -2.412 0.9173, 2.467 -2.3973 0.9173, 2.4837 -2.3507 0.9173, 2.467 -2.3514 0.9173, 2.4307 -2.3714 0.9173, 2.4346 -2.3695 0.9173, 2.4666 -2.3973 0.9173, 2.4577 -2.3948 0.9173, 2.4639 -2.4013 0.9173, 2.453 -2.398 0.9173, 2.4447 -2.3672 0.9173, 2.467 -2.3642 0.9173, 2.467 -2.3733 0.9173, 2.467 -2.3744 0.9173, 2.4659 -2.3819 0.9173, 2.4635 -2.3878 0.9173, 2.4598 -2.3927 0.9173, 2.4664 -2.344 0.9173, 2.4823 -2.3376 0.9173, 2.4647 -2.3381 0.9173, 2.4797 -2.3301 0.9173, 2.4627 -2.3346 0.9173, 2.4762 -2.3248 0.9173, 2.4602 -2.3319 0.9173, 2.4717 -2.3206 0.9173, 2.4572 -2.33 0.9173, 2.4661 -2.3174 0.9173, 2.4534 -2.3287 0.9173, 2.459 -2.3153 0.9173, 2.4477 -2.3281 0.9173, 2.4493 -2.3145 0.9173, 2.4375 -2.3292 0.9173, 2.4324 -2.3165 0.9173, 2.427 -2.3328 0.9173, 2.42 -2.3213 0.9173, 2.4164 -2.3396 0.9173, 2.4164 -2.3234 0.9173, 2.4275 -2.3948 0.9173, 2.4153 -2.4067 0.9173, 2.4289 -2.3962 0.9173, 2.4209 -2.4107 0.9173, 2.4323 -2.3985 0.9173, 2.4274 -2.4131 0.9173, 2.436 -2.3999 0.9173, 2.4374 -2.4142 0.9173, 2.4417 -2.4005 0.9173, 2.446 -2.4133 0.9173, 2.4479 -2.3998 0.9173, 2.4528 -2.4108 0.9173, 2.4586 -2.4069 0.9173, 2.4388 -2.3554 0.9173, 2.4259 -2.3586 0.9173, 2.4285 -2.373 0.9173, 2.4189 -2.3622 0.9173, 2.4265 -2.3755 0.9173, 2.4138 -2.3667 0.9173, 2.4251 -2.3786 0.9173, 2.4105 -2.3715 0.9173, 2.4242 -2.3825 0.9173, 2.4082 -2.3774 0.9173, 2.4241 -2.3851 0.9173, 2.4071 -2.3865 0.9173, 2.4245 -2.3889 0.9173, 2.408 -2.394 0.9173, 2.4256 -2.392 0.9173, 2.41 -2.3997 0.9173, 2.4134 -2.4048 0.9173, 2.4493 -2.3145 0.9134, 2.4324 -2.3165 0.9134, 2.42 -2.3213 0.9134, 2.4164 -2.3234 0.9134, 2.4164 -2.3396 0.9134, 2.427 -2.3328 0.9134, 2.4375 -2.3292 0.9134, 2.4477 -2.3281 0.9134, 2.4534 -2.3287 0.9134, 2.4572 -2.33 0.9134, 2.4602 -2.3319 0.9134, 2.4627 -2.3346 0.9134, 2.4647 -2.3381 0.9134, 2.4664 -2.344 0.9134, 2.467 -2.3514 0.9134, 2.4388 -2.3554 0.9134, 2.4259 -2.3586 0.9134, 2.4189 -2.3622 0.9134, 2.4138 -2.3667 0.9134, 2.4105 -2.3715 0.9134, 2.4082 -2.3774 0.9134, 2.4071 -2.3865 0.9134, 2.408 -2.394 0.9134, 2.41 -2.3997 0.9134, 2.4134 -2.4048 0.9134, 2.4153 -2.4067 0.9134, 2.4374 -2.4142 0.9134, 2.4277 -2.4131 0.9134, 2.4274 -2.4131 0.9134, 2.4209 -2.4107 0.9134, 2.446 -2.4133 0.9134, 2.4465 -2.4131 0.9134, 2.4528 -2.4108 0.9134, 2.4586 -2.4069 0.9134, 2.4639 -2.4013 0.9134, 2.4666 -2.3973 0.9134, 2.467 -2.3973 0.9134, 2.467 -2.412 0.9134, 2.4837 -2.412 0.9134, 2.4837 -2.3507 0.9134, 2.4823 -2.3376 0.9134, 2.4797 -2.3301 0.9134, 2.4762 -2.3248 0.9134, 2.4717 -2.3206 0.9134, 2.4661 -2.3174 0.9134, 2.459 -2.3153 0.9134, 2.4285 -2.373 0.9134, 2.4307 -2.3714 0.9134, 2.4346 -2.3695 0.9134, 2.4447 -2.3672 0.9134, 2.4241 -2.3851 0.9134, 2.4242 -2.3825 0.9134, 2.4251 -2.3786 0.9134, 2.4265 -2.3755 0.9134, 2.4289 -2.3962 0.9134, 2.4275 -2.3948 0.9134, 2.4256 -2.392 0.9134, 2.4245 -2.3889 0.9134, 2.4417 -2.4005 0.9134, 2.436 -2.3999 0.9134, 2.4323 -2.3985 0.9134, 2.4598 -2.3927 0.9134, 2.4577 -2.3948 0.9134, 2.453 -2.398 0.9134, 2.4479 -2.3998 0.9134, 2.467 -2.3733 0.9134, 2.467 -2.3744 0.9134, 2.4659 -2.3819 0.9134, 2.4635 -2.3878 0.9134, 2.467 -2.3642 0.9134
            ]
        }
        coordIndex [
            0,1,2,-1,2,1,3,-1,4,0,5,-1,5,0,2,-1,6,4,7,-1,7,4,5,-1,8,6,9,-1,9,6,7,-1,10,8,11,-1,11,8,9,-1,12,10,13,-1,13,10,11,-1,14,12,15,-1,15,12,13,-1,16,14,17,-1,17,14,15,-1,18,16,19,-1,19,16,17,-1,20,18,21,-1,21,18,19,-1,22,20,23,-1,23,20,21,-1,1,22,3,-1,3,22,23,-1,22,1,0,-1,0,4,22,-1,22,4,6,-1,22,6,20,-1,16,18,14,-1,14,18,20,-1,14,20,12,-1,12,20,6,-1,12,6,10,-1,10,6,8,-1,24,25,26,-1,26,25,27,-1,28,29,30,-1,31,32,33,-1,33,32,34,-1,35,36,27,-1,27,36,37,-1,37,38,27,-1,27,38,39,-1,27,39,26,-1,26,39,40,-1,26,40,31,-1,31,40,41,-1,31,41,32,-1,30,35,28,-1,28,35,27,-1,28,27,42,-1,42,27,43,-1,42,43,44,-1,44,43,45,-1,44,45,46,-1,46,45,47,-1,46,47,48,-1,48,47,49,-1,48,49,50,-1,50,49,51,-1,50,51,52,-1,52,51,53,-1,52,53,54,-1,54,53,55,-1,54,55,56,-1,56,55,57,-1,56,57,58,-1,58,57,59,-1,58,59,60,-1,60,59,61,-1,62,63,64,-1,64,63,65,-1,64,65,66,-1,66,65,67,-1,66,67,68,-1,68,67,69,-1,68,69,70,-1,70,69,71,-1,70,71,72,-1,72,71,73,-1,72,73,34,-1,34,73,74,-1,34,74,33,-1,28,75,29,-1,29,75,76,-1,29,76,77,-1,77,76,78,-1,77,78,79,-1,79,78,80,-1,79,80,81,-1,81,80,82,-1,81,82,83,-1,83,82,84,-1,83,84,85,-1,85,84,86,-1,85,86,87,-1,87,86,88,-1,87,88,89,-1,89,88,90,-1,89,90,62,-1,62,90,91,-1,62,91,63,-1,55,92,93,-1,55,93,57,-1,57,93,94,-1,57,94,59,-1,59,94,95,-1,59,95,61,-1,60,61,96,-1,96,61,95,-1,60,96,97,-1,60,97,58,-1,58,97,98,-1,58,98,56,-1,56,98,99,-1,56,99,54,-1,54,99,100,-1,54,100,52,-1,52,100,101,-1,52,101,50,-1,50,101,102,-1,50,102,48,-1,48,102,103,-1,48,103,46,-1,46,103,104,-1,46,104,44,-1,44,104,105,-1,44,105,42,-1,42,105,106,-1,42,106,28,-1,75,28,107,-1,107,28,106,-1,75,107,108,-1,75,108,76,-1,76,108,109,-1,76,109,78,-1,78,109,110,-1,78,110,80,-1,80,110,111,-1,80,111,82,-1,82,111,112,-1,82,112,84,-1,84,112,113,-1,84,113,86,-1,86,113,114,-1,86,114,88,-1,88,114,115,-1,88,115,90,-1,90,115,116,-1,90,116,91,-1,91,116,117,-1,91,117,63,-1,118,69,119,-1,119,69,67,-1,119,67,120,-1,120,67,65,-1,120,65,121,-1,121,65,63,-1,121,63,117,-1,69,118,122,-1,69,122,71,-1,71,122,123,-1,71,123,73,-1,123,124,73,-1,73,124,125,-1,73,125,74,-1,74,125,126,-1,74,126,33,-1,33,126,127,-1,33,127,31,-1,26,31,128,-1,128,31,127,-1,24,26,129,-1,129,26,128,-1,25,24,130,-1,130,24,129,-1,27,25,131,-1,131,25,130,-1,27,131,132,-1,27,132,43,-1,43,132,133,-1,43,133,45,-1,45,133,134,-1,45,134,47,-1,47,134,135,-1,47,135,49,-1,49,135,136,-1,49,136,51,-1,51,136,137,-1,51,137,53,-1,53,137,92,-1,53,92,55,-1,77,138,139,-1,77,139,29,-1,29,139,140,-1,29,140,30,-1,30,140,141,-1,30,141,35,-1,85,142,143,-1,85,143,83,-1,83,143,144,-1,83,144,81,-1,81,144,145,-1,81,145,79,-1,79,145,138,-1,79,138,77,-1,64,146,147,-1,64,147,62,-1,62,147,148,-1,62,148,89,-1,89,148,149,-1,89,149,87,-1,87,149,142,-1,87,142,85,-1,70,150,151,-1,70,151,68,-1,68,151,152,-1,68,152,66,-1,66,152,146,-1,66,146,64,-1,41,153,154,-1,41,154,32,-1,32,154,155,-1,32,155,34,-1,34,155,156,-1,34,156,72,-1,72,156,150,-1,72,150,70,-1,37,157,158,-1,37,158,38,-1,38,158,159,-1,38,159,39,-1,39,159,160,-1,39,160,40,-1,40,160,153,-1,40,153,41,-1,37,36,157,-1,157,36,161,-1,36,35,161,-1,161,35,141,-1,
        ]
    }
}
Shape{
    appearance Appearance {
        material  Material 	{
            diffuseColor 0.7529411764705882 0.7529411764705882 0.7529411764705882
            specularColor 0.3764705882352941 0.3764705882352941 0.3764705882352941
            ambientIntensity 0.7529
            transparency 0.0
            shininess 0.5
        }
    }
    geometry IndexedFaceSet {
        ccw TRUE
        solid FALSE
        coord DEF co Coordinate {
            point [
                2.467 -2.3744 0.9134, 2.467 -2.3733 0.9134, 2.4285 -2.373 0.9134, 2.467 -2.3642 0.9134, 2.4447 -2.3672 0.9134, 2.4346 -2.3695 0.9134, 2.4307 -2.3714 0.9134, 2.4659 -2.3819 0.9134, 2.4265 -2.3755 0.9134, 2.4635 -2.3878 0.9134, 2.4275 -2.3948 0.9134, 2.4289 -2.3962 0.9134, 2.4577 -2.3948 0.9134, 2.4256 -2.392 0.9134, 2.453 -2.398 0.9134, 2.4479 -2.3998 0.9134, 2.4417 -2.4005 0.9134, 2.4251 -2.3786 0.9134, 2.4242 -2.3825 0.9134, 2.4598 -2.3927 0.9134, 2.4241 -2.3851 0.9134, 2.4245 -2.3889 0.9134, 2.4323 -2.3985 0.9134, 2.436 -2.3999 0.9134
            ]
        }
        coordIndex [
            0,1,2,-1,1,3,4,-1,4,5,1,-1,1,5,6,-1,1,6,2,-1,0,2,7,-1,7,2,8,-1,7,8,9,-1,10,11,12,-1,10,12,13,-1,14,12,15,-1,15,12,16,-1,8,17,9,-1,9,17,18,-1,9,18,19,-1,19,18,20,-1,19,20,12,-1,12,20,21,-1,12,21,13,-1,11,22,12,-1,12,22,23,-1,12,23,16,-1,
        ]
    }
}
Shape{
    appearance Appearance {
        material  Material 	{
            diffuseColor 0.0 0.0 0.0
            specularColor 0.0 0.0 0.0
            ambientIntensity 0.0
            transparency 0.0
            shininess 0.5
        }
    }
    geometry IndexedFaceSet {
        ccw TRUE
        solid FALSE
        coord DEF co Coordinate {
            point [
                2.5064 -2.3914 0.9134, 2.5064 -2.3914 0.9173, 2.5124 -2.3952 0.9173, 2.5339 -2.4006 0.9173, 2.5339 -2.4006 0.9134, 2.5228 -2.3992 0.9134, 2.5228 -2.3992 0.9173, 2.5141 -2.3958 0.9134, 2.5124 -2.3952 0.9134, 2.5064 -2.4086 0.9173, 2.5064 -2.4086 0.9134, 2.5173 -2.4126 0.9173, 2.5141 -2.4114 0.9134, 2.5322 -2.4142 0.9134, 2.5322 -2.4142 0.9173, 2.522 -2.4131 0.9134, 2.5173 -2.4126 0.9134, 2.5457 -2.4128 0.9173, 2.5431 -2.4131 0.9134, 2.5457 -2.4128 0.9134, 2.5549 -2.4097 0.9134, 2.5549 -2.4097 0.9173, 2.56 -2.4067 0.9134, 2.56 -2.4067 0.9173, 2.5648 -2.4025 0.9134, 2.5648 -2.4025 0.9173, 2.5679 -2.3981 0.9134, 2.5679 -2.3981 0.9173, 2.5699 -2.3928 0.9134, 2.5699 -2.3928 0.9173, 2.5707 -2.3861 0.9134, 2.5707 -2.3861 0.9173, 2.57 -2.3798 0.9134, 2.57 -2.3798 0.9173, 2.5683 -2.3749 0.9134, 2.5683 -2.3749 0.9173, 2.5651 -2.3703 0.9134, 2.5651 -2.3703 0.9173, 2.5612 -2.3667 0.9134, 2.5612 -2.3667 0.9173, 2.5501 -2.3606 0.9134, 2.5501 -2.3606 0.9173, 2.5436 -2.358 0.9134, 2.5436 -2.358 0.9173, 2.5332 -2.3535 0.9134, 2.5332 -2.3535 0.9173, 2.5273 -2.3498 0.9134, 2.5273 -2.3498 0.9173, 2.5257 -2.348 0.9134, 2.5257 -2.348 0.9173, 2.5245 -2.3457 0.9134, 2.5245 -2.3457 0.9173, 2.5238 -2.3431 0.9134, 2.5238 -2.3431 0.9173, 2.5237 -2.3409 0.9134, 2.5237 -2.3409 0.9173, 2.524 -2.3382 0.9134, 2.524 -2.3382 0.9173, 2.5248 -2.336 0.9134, 2.5248 -2.336 0.9173, 2.5263 -2.3338 0.9134, 2.5263 -2.3338 0.9173, 2.5288 -2.3316 0.9134, 2.5288 -2.3316 0.9173, 2.5325 -2.3296 0.9134, 2.5325 -2.3296 0.9173, 2.537 -2.3284 0.9134, 2.537 -2.3284 0.9173, 2.5419 -2.3281 0.9134, 2.5419 -2.3281 0.9173, 2.5534 -2.3294 0.9134, 2.5534 -2.3294 0.9173, 2.5629 -2.333 0.9134, 2.5629 -2.333 0.9173, 2.5662 -2.335 0.9134, 2.5662 -2.335 0.9173, 2.5662 -2.3187 0.9173, 2.5662 -2.3187 0.9134, 2.5545 -2.3154 0.9134, 2.5545 -2.3154 0.9173, 2.5436 -2.3145 0.9134, 2.5436 -2.3145 0.9173, 2.5311 -2.3159 0.9134, 2.5311 -2.3159 0.9173, 2.522 -2.3192 0.9134, 2.522 -2.3192 0.9173, 2.5172 -2.3221 0.9134, 2.5172 -2.3221 0.9173, 2.5122 -2.3265 0.9173, 2.5141 -2.3248 0.9134, 2.5122 -2.3265 0.9134, 2.5091 -2.331 0.9134, 2.5091 -2.331 0.9173, 2.5071 -2.3364 0.9134, 2.5071 -2.3364 0.9173, 2.5065 -2.3424 0.9134, 2.5065 -2.3424 0.9173, 2.5072 -2.3489 0.9134, 2.5072 -2.3489 0.9173, 2.509 -2.354 0.9134, 2.509 -2.354 0.9173, 2.5112 -2.3575 0.9134, 2.5112 -2.3575 0.9173, 2.5318 -2.3701 0.9134, 2.5318 -2.3701 0.9173, 2.5218 -2.3655 0.9173, 2.5139 -2.3603 0.9134, 2.5139 -2.3603 0.9173, 2.5141 -2.3604 0.9134, 2.5218 -2.3655 0.9134, 2.5428 -2.3747 0.9134, 2.5428 -2.3747 0.9173, 2.5493 -2.3786 0.9134, 2.5493 -2.3786 0.9173, 2.5514 -2.3808 0.9134, 2.5514 -2.3808 0.9173, 2.5527 -2.383 0.9134, 2.5527 -2.383 0.9173, 2.5534 -2.3856 0.9134, 2.5534 -2.3856 0.9173, 2.5536 -2.3877 0.9134, 2.5536 -2.3877 0.9173, 2.5532 -2.3909 0.9134, 2.5532 -2.3909 0.9173, 2.5524 -2.3933 0.9134, 2.5524 -2.3933 0.9173, 2.5509 -2.3954 0.9134, 2.5509 -2.3954 0.9173, 2.549 -2.3971 0.9134, 2.549 -2.3971 0.9173, 2.5475 -2.3981 0.9134, 2.5475 -2.3981 0.9173, 2.5432 -2.3996 0.9134, 2.5432 -2.3996 0.9173, 2.5346 -2.4006 0.9134, 2.5346 -2.4006 0.9173, 2.6536 -2.3167 0.9173, 2.6709 -2.3167 0.9173, 2.6536 -2.3167 0.9134, 2.6709 -2.3167 0.9134, 2.6276 -2.3885 0.9173, 2.6276 -2.3885 0.9134, 2.6263 -2.3929 0.9134, 2.6263 -2.3929 0.9173, 2.6255 -2.3962 0.9134, 2.6255 -2.3962 0.9173, 2.6251 -2.3962 0.9173, 2.6251 -2.3962 0.9134, 2.623 -2.3883 0.9173, 2.623 -2.3883 0.9134, 2.5981 -2.3167 0.9134, 2.5981 -2.3167 0.9173, 2.6062 -2.3399 0.9134, 2.5794 -2.3167 0.9173, 2.5794 -2.3167 0.9134, 2.6168 -2.4118 0.9134, 2.6168 -2.4118 0.9173, 2.6062 -2.3848 0.9134, 2.6095 -2.4291 0.9134, 2.6095 -2.4291 0.9173, 2.6163 -2.4131 0.9134, 2.6062 -2.4351 0.9134, 2.6062 -2.4351 0.9173, 2.6062 -2.4351 0.9134, 2.6031 -2.4386 0.9173, 2.6031 -2.4386 0.9134, 2.6 -2.4407 0.9134, 2.6 -2.4407 0.9173, 2.5964 -2.4421 0.9134, 2.5964 -2.4421 0.9173, 2.5924 -2.4426 0.9134, 2.5924 -2.4426 0.9173, 2.5863 -2.4418 0.9134, 2.5863 -2.4418 0.9173, 2.5829 -2.4406 0.9134, 2.5829 -2.4406 0.9173, 2.5829 -2.4555 0.9173, 2.5829 -2.4555 0.9134, 2.59 -2.4567 0.9134, 2.59 -2.4567 0.9173, 2.5937 -2.4569 0.9134, 2.5937 -2.4569 0.9173, 2.6004 -2.4561 0.9134, 2.6004 -2.4561 0.9173, 2.6062 -2.4539 0.9134, 2.607 -2.4536 0.9173, 2.607 -2.4536 0.9134, 2.6128 -2.4495 0.9134, 2.6128 -2.4495 0.9173, 2.614 -2.4485 0.9134, 2.614 -2.4485 0.9173, 2.6201 -2.4411 0.9134, 2.6201 -2.4411 0.9173, 2.6277 -2.4264 0.9134, 2.6277 -2.4264 0.9173, 2.6329 -2.4131 0.9134, 2.7607 -2.3968 0.9173, 2.7607 -2.412 0.9173, 2.7607 -2.3968 0.9134, 2.7607 -2.412 0.9134, 2.7062 -2.3968 0.9134, 2.7062 -2.3968 0.9173, 2.7311 -2.3968 0.9134, 2.7062 -2.3519 0.9173, 2.7062 -2.3519 0.9134, 2.7539 -2.3519 0.9134, 2.7539 -2.3519 0.9173, 2.7311 -2.3519 0.9134, 2.7539 -2.3366 0.9173, 2.7539 -2.3366 0.9134, 2.7062 -2.3366 0.9134, 2.7062 -2.3366 0.9173, 2.7311 -2.3366 0.9134, 2.7062 -2.2939 0.9173, 2.7062 -2.2939 0.9134, 2.7577 -2.2939 0.9134, 2.7577 -2.2939 0.9173, 2.7311 -2.2939 0.9134, 2.7577 -2.2785 0.9173, 2.7577 -2.2785 0.9134, 2.6889 -2.2785 0.9134, 2.6889 -2.2785 0.9173, 2.7311 -2.2785 0.9134, 2.6889 -2.412 0.9173, 2.6889 -2.412 0.9134, 2.7311 -2.412 0.9134, 2.8689 -2.3745 0.9173, 2.8622 -2.3829 0.9173, 2.8744 -2.3933 0.9173, 2.8605 -2.3844 0.9173, 2.8604 -2.4034 0.9173, 2.8519 -2.3904 0.9173, 2.8451 -2.4093 0.9173, 2.8408 -2.3946 0.9173, 2.8226 -2.412 0.9173, 2.8225 -2.3968 0.9173, 2.7859 -2.412 0.9173, 2.8031 -2.3968 0.9173, 2.7859 -2.2785 0.9173, 2.8031 -2.2939 0.9173, 2.824 -2.2785 0.9173, 2.8233 -2.2939 0.9173, 2.8444 -2.2808 0.9173, 2.8409 -2.2959 0.9173, 2.8605 -2.2867 0.9173, 2.8524 -2.3001 0.9173, 2.8744 -2.2962 0.9173, 2.8618 -2.3064 0.9173, 2.8792 -2.3009 0.9173, 2.8667 -2.3115 0.9173, 2.8875 -2.3125 0.9173, 2.8716 -2.3194 0.9173, 2.8924 -2.3253 0.9173, 2.8751 -2.3298 0.9173, 2.8946 -2.3436 0.9173, 2.8765 -2.344 0.9173, 2.8939 -2.3545 0.9173, 2.876 -2.3522 0.9173, 2.8902 -2.3697 0.9173, 2.8735 -2.3645 0.9173, 2.8832 -2.3833 0.9173, 2.8226 -2.412 0.9134, 2.7859 -2.412 0.9134, 2.8451 -2.4093 0.9134, 2.8604 -2.4034 0.9134, 2.8744 -2.3933 0.9134, 2.8832 -2.3833 0.9134, 2.8902 -2.3697 0.9134, 2.8939 -2.3545 0.9134, 2.8946 -2.3436 0.9134, 2.8924 -2.3253 0.9134, 2.8875 -2.3125 0.9134, 2.8792 -2.3009 0.9134, 2.8744 -2.2962 0.9134, 2.8605 -2.2867 0.9134, 2.8444 -2.2808 0.9134, 2.824 -2.2785 0.9134, 2.7859 -2.2785 0.9134, 2.8233 -2.2939 0.9134, 2.8031 -2.2939 0.9134, 2.8031 -2.3968 0.9134, 2.8225 -2.3968 0.9134, 2.8622 -2.3829 0.9134, 2.8605 -2.3844 0.9134, 2.8519 -2.3904 0.9134, 2.8408 -2.3946 0.9134, 2.8765 -2.344 0.9134, 2.876 -2.3522 0.9134, 2.8735 -2.3645 0.9134, 2.8689 -2.3745 0.9134, 2.8618 -2.3064 0.9134, 2.8667 -2.3115 0.9134, 2.8716 -2.3194 0.9134, 2.8751 -2.3298 0.9134, 2.8409 -2.2959 0.9134, 2.8524 -2.3001 0.9134
            ]
        }
        coordIndex [
            0,1,2,-1,3,4,5,-1,3,5,6,-1,6,5,7,-1,6,7,2,-1,2,7,8,-1,2,8,0,-1,9,1,10,-1,10,1,0,-1,9,10,11,-1,11,10,12,-1,13,14,15,-1,15,14,11,-1,15,11,16,-1,16,11,12,-1,14,13,17,-1,17,13,18,-1,18,19,17,-1,17,19,20,-1,17,20,21,-1,21,20,22,-1,21,22,23,-1,23,22,24,-1,23,24,25,-1,25,24,26,-1,25,26,27,-1,27,26,28,-1,27,28,29,-1,29,28,30,-1,29,30,31,-1,31,30,32,-1,31,32,33,-1,33,32,34,-1,33,34,35,-1,35,34,36,-1,35,36,37,-1,37,36,38,-1,37,38,39,-1,39,38,40,-1,39,40,41,-1,41,40,42,-1,41,42,43,-1,43,42,44,-1,43,44,45,-1,45,44,46,-1,45,46,47,-1,47,46,48,-1,47,48,49,-1,49,48,50,-1,49,50,51,-1,51,50,52,-1,51,52,53,-1,53,52,54,-1,53,54,55,-1,55,54,56,-1,55,56,57,-1,57,56,58,-1,57,58,59,-1,59,58,60,-1,59,60,61,-1,61,60,62,-1,61,62,63,-1,63,62,64,-1,63,64,65,-1,65,64,66,-1,65,66,67,-1,67,66,68,-1,67,68,69,-1,69,68,70,-1,69,70,71,-1,71,70,72,-1,71,72,73,-1,73,72,74,-1,73,74,75,-1,76,75,77,-1,77,75,74,-1,76,77,78,-1,76,78,79,-1,79,78,80,-1,79,80,81,-1,81,80,82,-1,81,82,83,-1,83,82,84,-1,83,84,85,-1,85,84,86,-1,85,86,87,-1,87,86,88,-1,88,86,89,-1,89,90,88,-1,88,90,91,-1,88,91,92,-1,92,91,93,-1,92,93,94,-1,94,93,95,-1,94,95,96,-1,96,95,97,-1,96,97,98,-1,98,97,99,-1,98,99,100,-1,100,99,101,-1,100,101,102,-1,103,104,105,-1,102,101,106,-1,102,106,107,-1,107,106,108,-1,107,108,105,-1,105,108,109,-1,105,109,103,-1,104,103,110,-1,104,110,111,-1,111,110,112,-1,111,112,113,-1,113,112,114,-1,113,114,115,-1,115,114,116,-1,115,116,117,-1,117,116,118,-1,117,118,119,-1,119,118,120,-1,119,120,121,-1,121,120,122,-1,121,122,123,-1,123,122,124,-1,123,124,125,-1,125,124,126,-1,125,126,127,-1,127,126,128,-1,127,128,129,-1,129,128,130,-1,129,130,131,-1,131,130,132,-1,131,132,133,-1,133,132,134,-1,133,134,135,-1,135,134,4,-1,135,4,3,-1,61,63,85,-1,85,63,83,-1,111,43,104,-1,104,43,45,-1,21,23,127,-1,127,23,25,-1,127,25,125,-1,125,25,27,-1,125,27,123,-1,123,27,29,-1,123,29,121,-1,121,29,31,-1,121,31,119,-1,119,31,33,-1,119,33,117,-1,117,33,35,-1,117,35,115,-1,115,35,37,-1,115,37,113,-1,113,37,39,-1,113,39,111,-1,111,39,41,-1,111,41,43,-1,14,3,11,-1,11,3,6,-1,11,6,9,-1,9,6,2,-1,9,2,1,-1,63,65,83,-1,83,65,67,-1,83,67,81,-1,81,67,69,-1,81,69,79,-1,79,69,71,-1,79,71,76,-1,76,71,73,-1,76,73,75,-1,127,129,21,-1,21,129,131,-1,21,131,17,-1,17,131,133,-1,17,133,14,-1,14,133,135,-1,14,135,3,-1,85,87,61,-1,61,87,88,-1,61,88,59,-1,59,88,92,-1,59,92,57,-1,57,92,94,-1,57,94,55,-1,55,94,96,-1,55,96,53,-1,53,96,98,-1,53,98,51,-1,51,98,100,-1,51,100,49,-1,49,100,102,-1,49,102,47,-1,47,102,107,-1,47,107,45,-1,45,107,105,-1,45,105,104,-1,136,137,138,-1,138,137,139,-1,140,136,141,-1,141,136,138,-1,140,141,142,-1,140,142,143,-1,143,142,144,-1,143,144,145,-1,146,145,147,-1,147,145,144,-1,148,146,149,-1,149,146,147,-1,150,151,152,-1,152,151,148,-1,152,148,149,-1,153,151,154,-1,154,151,150,-1,155,156,157,-1,157,156,153,-1,157,153,154,-1,158,159,160,-1,160,159,156,-1,160,156,155,-1,159,158,161,-1,159,161,162,-1,162,161,163,-1,162,163,164,-1,163,165,164,-1,164,165,166,-1,164,166,167,-1,167,166,168,-1,167,168,169,-1,169,168,170,-1,169,170,171,-1,171,170,172,-1,171,172,173,-1,173,172,174,-1,173,174,175,-1,176,175,177,-1,177,175,174,-1,176,177,178,-1,176,178,179,-1,179,178,180,-1,179,180,181,-1,181,180,182,-1,181,182,183,-1,183,182,184,-1,183,184,185,-1,184,186,185,-1,185,186,187,-1,185,187,188,-1,188,187,189,-1,188,189,190,-1,190,189,191,-1,190,191,192,-1,192,191,193,-1,192,193,194,-1,139,137,195,-1,195,137,194,-1,195,194,193,-1,143,145,194,-1,137,136,194,-1,194,136,140,-1,194,140,143,-1,151,153,148,-1,148,153,156,-1,148,156,146,-1,175,176,173,-1,173,176,179,-1,173,179,171,-1,171,179,181,-1,171,181,169,-1,169,181,183,-1,169,183,167,-1,167,183,185,-1,167,185,164,-1,192,162,190,-1,190,162,164,-1,190,164,188,-1,188,164,185,-1,145,146,194,-1,194,146,156,-1,194,156,192,-1,192,156,159,-1,192,159,162,-1,196,197,198,-1,198,197,199,-1,200,201,202,-1,202,201,196,-1,202,196,198,-1,203,201,204,-1,204,201,200,-1,205,206,207,-1,207,206,203,-1,207,203,204,-1,208,206,209,-1,209,206,205,-1,210,211,212,-1,212,211,208,-1,212,208,209,-1,213,211,214,-1,214,211,210,-1,215,216,217,-1,217,216,213,-1,217,213,214,-1,218,216,219,-1,219,216,215,-1,220,221,222,-1,222,221,218,-1,222,218,219,-1,223,221,224,-1,224,221,220,-1,199,197,225,-1,225,197,223,-1,225,223,224,-1,223,197,196,-1,196,201,223,-1,223,201,203,-1,223,203,221,-1,216,218,213,-1,213,218,221,-1,213,221,211,-1,211,221,203,-1,211,203,208,-1,208,203,206,-1,226,227,228,-1,228,227,229,-1,228,229,230,-1,230,229,231,-1,230,231,232,-1,232,231,233,-1,232,233,234,-1,234,233,235,-1,234,235,236,-1,236,235,237,-1,236,237,238,-1,238,237,239,-1,238,239,240,-1,240,239,241,-1,240,241,242,-1,242,241,243,-1,242,243,244,-1,244,243,245,-1,244,245,246,-1,246,245,247,-1,246,247,248,-1,248,247,249,-1,248,249,250,-1,250,249,251,-1,250,251,252,-1,252,251,253,-1,252,253,254,-1,254,253,255,-1,254,255,256,-1,256,255,257,-1,256,257,258,-1,258,257,259,-1,258,259,260,-1,260,259,226,-1,260,226,228,-1,234,236,261,-1,261,236,262,-1,234,261,263,-1,234,263,232,-1,232,263,264,-1,232,264,230,-1,230,264,265,-1,230,265,228,-1,228,265,266,-1,228,266,260,-1,260,266,267,-1,260,267,258,-1,258,267,268,-1,258,268,256,-1,256,268,269,-1,256,269,254,-1,254,269,270,-1,254,270,252,-1,252,270,271,-1,252,271,250,-1,250,271,272,-1,250,272,248,-1,248,272,273,-1,248,273,246,-1,246,273,274,-1,246,274,244,-1,244,274,275,-1,244,275,242,-1,242,275,276,-1,242,276,240,-1,238,240,277,-1,277,240,276,-1,236,238,262,-1,262,238,277,-1,241,239,278,-1,278,239,279,-1,239,237,279,-1,279,237,280,-1,237,235,280,-1,280,235,281,-1,227,282,283,-1,227,283,229,-1,229,283,284,-1,229,284,231,-1,231,284,285,-1,231,285,233,-1,233,285,281,-1,233,281,235,-1,255,286,287,-1,255,287,257,-1,257,287,288,-1,257,288,259,-1,259,288,289,-1,259,289,226,-1,226,289,282,-1,226,282,227,-1,247,290,291,-1,247,291,249,-1,249,291,292,-1,249,292,251,-1,251,292,293,-1,251,293,253,-1,253,293,286,-1,253,286,255,-1,241,278,294,-1,241,294,243,-1,243,294,295,-1,243,295,245,-1,245,295,290,-1,245,290,247,-1,
        ]
    }
}
Shape{
    appearance Appearance {
        material  Material 	{
            diffuseColor 0.7529411764705882 0.7529411764705882 0.7529411764705882
            specularColor 0.3764705882352941 0.3764705882352941 0.3764705882352941
            ambientIntensity 0.7529
            transparency 0.0
            shininess 0.5
        }
    }
    geometry IndexedFaceSet {
        ccw TRUE
        solid FALSE
        coord DEF co Coordinate {
            point [
                2.8031 -2.2939 0.9134, 2.8031 -2.3968 0.9134, 2.8233 -2.2939 0.9134, 2.8225 -2.3968 0.9134, 2.8408 -2.3946 0.9134, 2.8519 -2.3904 0.9134, 2.8605 -2.3844 0.9134, 2.8765 -2.344 0.9134, 2.8618 -2.3064 0.9134, 2.8524 -2.3001 0.9134, 2.8622 -2.3829 0.9134, 2.8689 -2.3745 0.9134, 2.8735 -2.3645 0.9134, 2.8667 -2.3115 0.9134, 2.8751 -2.3298 0.9134, 2.8716 -2.3194 0.9134, 2.876 -2.3522 0.9134, 2.8409 -2.2959 0.9134
            ]
        }
        coordIndex [
            0,1,2,-1,2,1,3,-1,3,4,2,-1,2,4,5,-1,2,5,6,-1,7,8,9,-1,6,10,2,-1,2,10,11,-1,2,11,12,-1,8,7,13,-1,13,7,14,-1,13,14,15,-1,12,16,2,-1,2,16,7,-1,2,7,17,-1,17,7,9,-1,
        ]
    }
}
Shape{
    appearance Appearance {
        material  Material 	{
            diffuseColor 0.0 0.0 0.0
            specularColor 0.0 0.0 0.0
            ambientIntensity 0.0
            transparency 0.0
            shininess 0.5
        }
    }
    geometry IndexedFaceSet {
        ccw TRUE
        solid FALSE
        coord DEF co Coordinate {
            point [
                2.9393 -2.3604 0.9173, 2.9338 -2.3755 0.9173, 2.9841 -2.3604 0.9173, 2.9894 -2.3755 0.9173, 2.9592 -2.3049 0.9173, 2.9528 -2.2785 0.9173, 2.902 -2.412 0.9173, 2.921 -2.412 0.9173, 2.9604 -2.301 0.9173, 2.9614 -2.2956 0.9173, 2.9712 -2.2785 0.9173, 2.9618 -2.2956 0.9173, 2.9629 -2.3012 0.9173, 2.9639 -2.3049 0.9173, 3.022 -2.412 0.9173, 3.003 -2.412 0.9173, 2.9712 -2.2785 0.9134, 3.022 -2.412 0.9134, 2.9528 -2.2785 0.9134, 2.902 -2.412 0.9134, 2.921 -2.412 0.9134, 2.9338 -2.3755 0.9134, 2.9894 -2.3755 0.9134, 3.003 -2.412 0.9134, 2.9393 -2.3604 0.9134, 2.9841 -2.3604 0.9134, 2.9639 -2.3049 0.9134, 2.9618 -2.2956 0.9134, 2.9629 -2.3012 0.9134, 2.9614 -2.2956 0.9134, 2.9592 -2.3049 0.9134, 2.9604 -2.301 0.9134
            ]
        }
        coordIndex [
            0,1,2,-1,2,1,3,-1,4,5,0,-1,0,5,6,-1,0,6,1,-1,1,6,7,-1,4,8,5,-1,5,8,9,-1,5,9,10,-1,10,9,11,-1,10,11,12,-1,12,13,10,-1,10,13,2,-1,10,2,14,-1,14,2,3,-1,14,3,15,-1,10,14,16,-1,16,14,17,-1,5,10,18,-1,18,10,16,-1,6,5,19,-1,19,5,18,-1,7,6,20,-1,20,6,19,-1,1,7,21,-1,21,7,20,-1,3,1,22,-1,22,1,21,-1,15,3,23,-1,23,3,22,-1,14,15,17,-1,17,15,23,-1,0,2,24,-1,24,2,25,-1,2,13,25,-1,25,13,26,-1,11,27,28,-1,11,28,12,-1,12,28,26,-1,12,26,13,-1,11,9,27,-1,27,9,29,-1,4,30,31,-1,4,31,8,-1,8,31,29,-1,8,29,9,-1,4,0,30,-1,30,0,24,-1,
        ]
    }
}
Shape{
    appearance Appearance {
        material  Material 	{
            diffuseColor 0.7529411764705882 0.7529411764705882 0.7529411764705882
            specularColor 0.3764705882352941 0.3764705882352941 0.3764705882352941
            ambientIntensity 0.7529
            transparency 0.0
            shininess 0.5
        }
    }
    geometry IndexedFaceSet {
        ccw TRUE
        solid FALSE
        coord DEF co Coordinate {
            point [
                2.9618 -2.2956 0.9134, 2.9614 -2.2956 0.9134, 2.9629 -2.3012 0.9134, 2.9604 -2.301 0.9134, 2.9639 -2.3049 0.9134, 2.9592 -2.3049 0.9134, 2.9841 -2.3604 0.9134, 2.9393 -2.3604 0.9134
            ]
        }
        coordIndex [
            0,1,2,-1,2,1,3,-1,2,3,4,-1,4,3,5,-1,4,5,6,-1,6,5,7,-1,
        ]
    }
}
Shape{
    appearance Appearance {
        material  Material 	{
            diffuseColor 0.0 0.0 0.0
            specularColor 0.0 0.0 0.0
            ambientIntensity 0.0
            transparency 0.0
            shininess 0.5
        }
    }
    geometry IndexedFaceSet {
        ccw TRUE
        solid FALSE
        coord DEF co Coordinate {
            point [
                1.73 -2.4309 0.9173, 1.7441 -2.4483 0.9173, 1.7214 -2.347 0.9173, 1.7049 -2.1821 0.9173, 1.726 -2.1709 0.9173, 1.721 -2.1125 0.9173, 1.7803 -2.1098 0.9173, 1.8097 -2.179 0.9173, 1.8242 -2.149 0.9173, 1.7007 -2.3342 0.9173, 1.7085 -2.407 0.9173, 1.7205 -2.4106 0.9173, 1.7584 -2.1079 0.9173, 1.8176 -2.345 0.9173, 1.8264 -2.3481 0.9173, 1.9055 -2.3707 0.9173, 1.834 -2.3533 0.9173, 1.8401 -2.3601 0.9173, 2.0383 -2.3005 0.9173, 2.0089 -2.2502 0.9173, 1.8818 -2.3166 0.9173, 1.8097 -2.3441 0.9173, 1.8004 -2.3453 0.9173, 1.7879 -2.2872 0.9173, 1.7921 -2.3486 0.9173, 1.767 -2.2952 0.9173, 1.7847 -2.3539 0.9173, 1.7476 -2.3087 0.9173, 1.7809 -2.3578 0.9173, 1.7319 -2.3266 0.9173, 1.776 -2.3657 0.9173, 1.7732 -2.3746 0.9173, 1.7728 -2.3839 0.9173, 1.845 -2.2907 0.9173, 1.8221 -2.285 0.9173, 1.8106 -2.2844 0.9173, 1.8442 -2.3679 0.9173, 1.8464 -2.3767 0.9173, 1.9055 -2.3802 0.9173, 1.8464 -2.3854 0.9173, 1.905 -2.3901 0.9173, 2.0696 -2.2066 0.9173, 2.0772 -2.2066 0.9173, 2.1161 -2.1553 0.9173, 2.0953 -2.2088 0.9173, 2.1208 -2.1569 0.9173, 2.1119 -2.2152 0.9173, 2.149 -2.1709 0.9173, 2.1747 -2.1927 0.9173, 1.7997 -2.0871 0.9173, 1.8455 -2.1236 0.9173, 1.822 -2.068 0.9173, 1.8709 -2.105 0.9173, 1.846 -2.0532 0.9173, 1.7494 -2.1653 0.9173, 1.7594 -2.1648 0.9173, 1.7693 -2.1085 0.9173, 1.7817 -2.1676 0.9173, 1.803 -2.1754 0.9173, 1.8652 -2.3015 0.9173, 2.175 -2.3698 0.9173, 2.1308 -2.3321 0.9173, 2.1492 -2.3916 0.9173, 2.1167 -2.3435 0.9173, 2.1202 -2.4058 0.9173, 2.1 -2.3513 0.9173, 2.0886 -2.4125 0.9173, 2.0829 -2.3546 0.9173, 2.0326 -2.4125 0.9173, 2.0402 -2.3546 0.9173, 2.0273 -2.4116 0.9173, 1.7745 -2.3928 0.9173, 1.7783 -2.4007 0.9173, 2.1266 -2.2255 0.9173, 2.1375 -2.2376 0.9173, 2.1941 -2.2196 0.9173, 2.1463 -2.254 0.9173, 2.2057 -2.2486 0.9173, 2.1508 -2.2722 0.9173, 2.2101 -2.2796 0.9173, 2.1512 -2.2806 0.9173, 2.2057 -2.3135 0.9173, 2.149 -2.2991 0.9173, 2.1938 -2.3435 0.9173, 2.1424 -2.316 0.9173, 2.132 -2.3308 0.9173, 2.0649 -2.0804 0.9173, 2.0277 -2.1239 0.9173, 2.0964 -2.1169 0.9173, 2.0492 -2.1495 0.9173, 2.0638 -2.1801 0.9173, 1.6673 -2.2367 0.9173, 1.605 -2.2525 0.9173, 1.6645 -2.2597 0.9173, 1.6047 -2.2616 0.9173, 1.6656 -2.2744 0.9173, 1.6093 -2.2988 0.9173, 1.6725 -2.2976 0.9173, 1.6229 -2.3341 0.9173, 1.6837 -2.3168 0.9173, 1.6446 -2.365 0.9173, 1.6742 -2.3903 0.9173, 1.8994 -2.4136 0.9173, 1.8442 -2.3945 0.9173, 1.8882 -2.4347 0.9173, 1.8397 -2.4026 0.9173, 1.8737 -2.4509 0.9173, 1.8346 -2.4085 0.9173, 1.8548 -2.4641 0.9173, 1.8274 -2.4136 0.9173, 1.8336 -2.4722 0.9173, 1.8192 -2.4169 0.9173, 1.8106 -2.4751 0.9173, 1.8097 -2.4181 0.9173, 1.807 -2.475 0.9173, 1.8081 -2.4181 0.9173, 1.7846 -2.4715 0.9173, 1.7995 -2.4167 0.9173, 1.7627 -2.4623 0.9173, 1.791 -2.413 0.9173, 1.7837 -2.4075 0.9173, 1.8898 -2.0366 0.9173, 1.9019 -2.0925 0.9173, 1.9359 -2.031 0.9173, 1.9368 -2.088 0.9173, 1.9774 -2.0357 0.9173, 1.969 -2.0919 0.9173, 2.0248 -2.0531 0.9173, 1.9988 -2.1033 0.9173, 2.0254 -2.1218 0.9173, 1.6859 -2.1261 0.9173, 1.6557 -2.1474 0.9173, 1.6886 -2.1966 0.9173, 1.6493 -2.1534 0.9173, 1.6755 -2.2155 0.9173, 1.6265 -2.1827 0.9173, 1.6114 -2.2168 0.9173, 2.0355 -2.3537 0.9173, 2.0127 -2.4025 0.9173, 2.0149 -2.4047 0.9173, 2.0383 -2.3543 0.9173, 2.021 -2.4091 0.9173, 2.0051 -2.383 0.9173, 2.006 -2.3901 0.9173, 2.0085 -2.3965 0.9173, 2.0272 -2.3546 0.9173, 2.0207 -2.3571 0.9173, 2.0054 -2.3793 0.9173, 2.0148 -2.3613 0.9173, 2.0109 -2.3656 0.9173, 2.0073 -2.3721 0.9173, 2.0345 -2.3536 0.9173, 2.181 -2.2014 0.9134, 2.1941 -2.2196 0.9134, 2.2025 -2.2405 0.9134, 2.2057 -2.2486 0.9134, 2.2101 -2.2796 0.9134, 2.1747 -2.1927 0.9134, 2.149 -2.1709 0.9134, 2.1208 -2.1569 0.9134, 2.1161 -2.1553 0.9134, 2.0964 -2.1169 0.9134, 2.0649 -2.0804 0.9134, 2.0248 -2.0531 0.9134, 1.9774 -2.0357 0.9134, 1.9359 -2.031 0.9134, 1.8898 -2.0366 0.9134, 1.846 -2.0532 0.9134, 1.822 -2.068 0.9134, 1.7997 -2.0871 0.9134, 1.7803 -2.1098 0.9134, 1.7693 -2.1085 0.9134, 1.7584 -2.1079 0.9134, 1.721 -2.1125 0.9134, 1.6859 -2.1261 0.9134, 1.6557 -2.1474 0.9134, 1.6493 -2.1534 0.9134, 1.6047 -2.2616 0.9134, 1.6265 -2.1827 0.9134, 1.6182 -2.2014 0.9134, 1.6114 -2.2168 0.9134, 1.6071 -2.2405 0.9134, 1.605 -2.2525 0.9134, 1.6093 -2.2988 0.9134, 1.6229 -2.3341 0.9134, 1.6446 -2.365 0.9134, 1.6742 -2.3903 0.9134, 1.7085 -2.407 0.9134, 1.7205 -2.4106 0.9134, 1.7217 -2.4131 0.9134, 1.73 -2.4309 0.9134, 1.7441 -2.4483 0.9134, 1.7627 -2.4623 0.9134, 1.7714 -2.466 0.9134, 1.7846 -2.4715 0.9134, 1.807 -2.475 0.9134, 1.8106 -2.4751 0.9134, 1.9055 -2.3802 0.9134, 1.8336 -2.4722 0.9134, 1.8499 -2.466 0.9134, 1.8548 -2.4641 0.9134, 1.8737 -2.4509 0.9134, 1.8882 -2.4347 0.9134, 1.8994 -2.4136 0.9134, 1.8995 -2.4131 0.9134, 1.905 -2.3901 0.9134, 1.9055 -2.3707 0.9134, 2.0383 -2.3005 0.9134, 2.0089 -2.2502 0.9134, 1.8818 -2.3166 0.9134, 1.8652 -2.3015 0.9134, 1.845 -2.2907 0.9134, 1.8221 -2.285 0.9134, 1.8106 -2.2844 0.9134, 1.7879 -2.2872 0.9134, 1.767 -2.2952 0.9134, 1.7476 -2.3087 0.9134, 1.7319 -2.3266 0.9134, 1.7214 -2.347 0.9134, 1.7007 -2.3342 0.9134, 1.6837 -2.3168 0.9134, 1.6725 -2.2976 0.9134, 1.6656 -2.2744 0.9134, 1.6645 -2.2597 0.9134, 1.6669 -2.2405 0.9134, 1.6673 -2.2367 0.9134, 1.6755 -2.2155 0.9134, 1.6853 -2.2014 0.9134, 1.6886 -2.1966 0.9134, 1.7049 -2.1821 0.9134, 1.726 -2.1709 0.9134, 1.7494 -2.1653 0.9134, 1.7594 -2.1648 0.9134, 1.7817 -2.1676 0.9134, 1.803 -2.1754 0.9134, 1.8097 -2.179 0.9134, 1.8242 -2.149 0.9134, 1.8455 -2.1236 0.9134, 1.8709 -2.105 0.9134, 1.9019 -2.0925 0.9134, 1.9368 -2.088 0.9134, 1.969 -2.0919 0.9134, 1.9988 -2.1033 0.9134, 2.0254 -2.1218 0.9134, 2.0277 -2.1239 0.9134, 2.0492 -2.1495 0.9134, 2.0638 -2.1801 0.9134, 2.0685 -2.2014 0.9134, 2.0696 -2.2066 0.9134, 2.0772 -2.2066 0.9134, 2.0953 -2.2088 0.9134, 2.1119 -2.2152 0.9134, 2.1266 -2.2255 0.9134, 2.1375 -2.2376 0.9134, 2.139 -2.2405 0.9134, 2.1463 -2.254 0.9134, 2.1508 -2.2722 0.9134, 2.1512 -2.2806 0.9134, 2.149 -2.2991 0.9134, 2.1424 -2.316 0.9134, 2.132 -2.3308 0.9134, 2.1308 -2.3321 0.9134, 2.1167 -2.3435 0.9134, 2.1 -2.3513 0.9134, 2.0829 -2.3546 0.9134, 2.0402 -2.3546 0.9134, 2.0383 -2.3543 0.9134, 2.0355 -2.3537 0.9134, 2.0345 -2.3536 0.9134, 2.0272 -2.3546 0.9134, 2.0207 -2.3571 0.9134, 2.0148 -2.3613 0.9134, 2.0109 -2.3656 0.9134, 2.0073 -2.3721 0.9134, 2.0054 -2.3793 0.9134, 2.0051 -2.383 0.9134, 2.006 -2.3901 0.9134, 2.0085 -2.3965 0.9134, 2.0127 -2.4025 0.9134, 2.0149 -2.4047 0.9134, 2.021 -2.4091 0.9134, 2.0273 -2.4116 0.9134, 2.0326 -2.4125 0.9134, 2.0886 -2.4125 0.9134, 2.1202 -2.4058 0.9134, 2.1492 -2.3916 0.9134, 2.175 -2.3698 0.9134, 2.1938 -2.3435 0.9134, 2.2057 -2.3135 0.9134, 1.8097 -2.3441 0.9134, 1.8176 -2.345 0.9134, 1.8264 -2.3481 0.9134, 1.834 -2.3533 0.9134, 1.8401 -2.3601 0.9134, 1.8442 -2.3679 0.9134, 1.8464 -2.3767 0.9134, 1.8464 -2.3854 0.9134, 1.8442 -2.3945 0.9134, 1.8397 -2.4026 0.9134, 1.8346 -2.4085 0.9134, 1.8274 -2.4136 0.9134, 1.8192 -2.4169 0.9134, 1.8097 -2.4181 0.9134, 1.8081 -2.4181 0.9134, 1.7995 -2.4167 0.9134, 1.791 -2.413 0.9134, 1.7837 -2.4075 0.9134, 1.7783 -2.4007 0.9134, 1.7745 -2.3928 0.9134, 1.7728 -2.3839 0.9134, 1.7732 -2.3746 0.9134, 1.776 -2.3657 0.9134, 1.7809 -2.3578 0.9134, 1.7847 -2.3539 0.9134, 1.7921 -2.3486 0.9134, 1.8004 -2.3453 0.9134
            ]
        }
        coordIndex [
            0,1,2,-1,3,4,5,-1,6,7,8,-1,9,10,2,-1,2,10,11,-1,2,11,0,-1,5,4,12,-1,13,14,15,-1,15,14,16,-1,15,16,17,-1,18,19,15,-1,15,19,20,-1,15,20,13,-1,13,20,21,-1,22,23,24,-1,24,23,25,-1,24,25,26,-1,26,25,27,-1,26,27,28,-1,28,27,29,-1,28,29,30,-1,30,29,2,-1,30,2,31,-1,31,2,32,-1,33,34,22,-1,22,34,35,-1,22,35,23,-1,17,36,15,-1,15,36,37,-1,15,37,38,-1,38,37,39,-1,38,39,40,-1,41,42,43,-1,43,42,44,-1,43,44,45,-1,45,44,46,-1,45,46,47,-1,47,46,48,-1,6,8,49,-1,49,8,50,-1,49,50,51,-1,51,50,52,-1,51,52,53,-1,4,54,12,-1,12,54,55,-1,12,55,56,-1,56,55,57,-1,56,57,6,-1,6,57,58,-1,6,58,7,-1,21,20,22,-1,22,20,59,-1,22,59,33,-1,60,61,62,-1,62,61,63,-1,62,63,64,-1,64,63,65,-1,64,65,66,-1,66,65,67,-1,66,67,68,-1,68,67,69,-1,68,69,70,-1,32,2,71,-1,71,2,1,-1,71,1,72,-1,46,73,48,-1,48,73,74,-1,48,74,75,-1,75,74,76,-1,75,76,77,-1,77,76,78,-1,77,78,79,-1,79,78,80,-1,79,80,81,-1,81,80,82,-1,81,82,83,-1,83,82,84,-1,83,84,60,-1,60,84,85,-1,60,85,61,-1,86,87,88,-1,88,87,89,-1,88,89,43,-1,43,89,90,-1,43,90,41,-1,91,92,93,-1,93,92,94,-1,93,94,95,-1,95,94,96,-1,95,96,97,-1,97,96,98,-1,97,98,99,-1,99,98,100,-1,99,100,9,-1,9,100,101,-1,9,101,10,-1,40,39,102,-1,102,39,103,-1,102,103,104,-1,104,103,105,-1,104,105,106,-1,106,105,107,-1,106,107,108,-1,108,107,109,-1,108,109,110,-1,110,109,111,-1,110,111,112,-1,112,111,113,-1,112,113,114,-1,114,113,115,-1,114,115,116,-1,116,115,117,-1,116,117,118,-1,118,117,119,-1,118,119,1,-1,1,119,120,-1,1,120,72,-1,53,52,121,-1,121,52,122,-1,121,122,123,-1,123,122,124,-1,123,124,125,-1,125,124,126,-1,125,126,127,-1,127,126,128,-1,127,128,86,-1,86,128,129,-1,86,129,87,-1,5,130,3,-1,3,130,131,-1,3,131,132,-1,132,131,133,-1,132,133,134,-1,134,133,135,-1,134,135,91,-1,91,135,136,-1,91,136,92,-1,137,138,139,-1,69,140,70,-1,70,140,137,-1,70,137,141,-1,141,137,139,-1,142,143,137,-1,137,143,144,-1,137,144,138,-1,145,146,147,-1,146,148,147,-1,147,148,149,-1,147,149,150,-1,142,137,147,-1,147,137,151,-1,147,151,145,-1,152,48,153,-1,153,48,75,-1,153,75,154,-1,154,75,77,-1,154,77,155,-1,155,77,79,-1,155,79,156,-1,152,157,48,-1,48,157,158,-1,48,158,47,-1,47,158,159,-1,47,159,45,-1,45,159,160,-1,45,160,43,-1,43,160,161,-1,43,161,88,-1,88,161,162,-1,88,162,86,-1,86,162,163,-1,86,163,127,-1,127,163,164,-1,127,164,125,-1,125,164,165,-1,125,165,123,-1,123,165,166,-1,123,166,121,-1,121,166,167,-1,121,167,53,-1,53,167,168,-1,53,168,51,-1,51,168,169,-1,51,169,49,-1,49,169,170,-1,49,170,6,-1,6,170,171,-1,6,171,56,-1,56,171,172,-1,56,172,12,-1,12,172,173,-1,12,173,5,-1,5,173,174,-1,5,174,130,-1,130,174,175,-1,130,175,131,-1,131,175,176,-1,131,176,133,-1,177,94,92,-1,133,176,178,-1,133,178,135,-1,135,178,179,-1,135,179,136,-1,179,180,136,-1,136,180,181,-1,136,181,92,-1,92,181,182,-1,92,182,177,-1,94,177,183,-1,94,183,96,-1,96,183,184,-1,96,184,98,-1,98,184,185,-1,98,185,100,-1,100,185,186,-1,100,186,101,-1,101,186,187,-1,101,187,10,-1,10,187,188,-1,10,188,11,-1,11,188,189,-1,11,189,0,-1,189,190,0,-1,0,190,191,-1,0,191,1,-1,1,191,192,-1,1,192,118,-1,118,192,193,-1,118,193,116,-1,193,194,116,-1,116,194,195,-1,116,195,114,-1,114,195,196,-1,114,196,112,-1,197,38,40,-1,112,196,198,-1,199,108,198,-1,198,108,110,-1,198,110,112,-1,199,200,108,-1,108,200,201,-1,108,201,106,-1,106,201,202,-1,106,202,104,-1,104,202,203,-1,104,203,102,-1,102,203,204,-1,102,204,40,-1,40,204,205,-1,40,205,197,-1,15,38,206,-1,206,38,197,-1,18,15,207,-1,207,15,206,-1,19,18,208,-1,208,18,207,-1,20,19,209,-1,209,19,208,-1,20,209,210,-1,20,210,59,-1,59,210,211,-1,59,211,33,-1,33,211,212,-1,33,212,34,-1,34,212,213,-1,34,213,35,-1,35,213,214,-1,35,214,23,-1,23,214,215,-1,23,215,25,-1,25,215,216,-1,25,216,27,-1,27,216,217,-1,27,217,29,-1,29,217,218,-1,29,218,2,-1,2,218,219,-1,2,219,9,-1,9,219,220,-1,9,220,99,-1,99,220,221,-1,99,221,97,-1,97,221,222,-1,97,222,95,-1,95,222,223,-1,95,223,93,-1,91,93,223,-1,223,224,91,-1,91,224,225,-1,91,225,226,-1,227,132,226,-1,226,132,134,-1,226,134,91,-1,227,228,132,-1,132,228,229,-1,132,229,3,-1,3,229,230,-1,3,230,4,-1,4,230,231,-1,4,231,54,-1,54,231,232,-1,54,232,55,-1,55,232,233,-1,55,233,57,-1,57,233,234,-1,57,234,58,-1,58,234,235,-1,58,235,7,-1,7,235,236,-1,7,236,8,-1,8,236,237,-1,8,237,50,-1,50,237,238,-1,50,238,52,-1,52,238,239,-1,52,239,122,-1,122,239,240,-1,122,240,124,-1,124,240,241,-1,124,241,126,-1,126,241,242,-1,126,242,128,-1,128,242,243,-1,128,243,129,-1,129,243,244,-1,129,244,87,-1,87,244,245,-1,87,245,89,-1,89,245,246,-1,89,246,90,-1,90,246,41,-1,41,246,247,-1,41,247,248,-1,42,41,249,-1,249,41,248,-1,42,249,250,-1,42,250,44,-1,44,250,251,-1,44,251,46,-1,46,251,252,-1,46,252,73,-1,73,252,253,-1,73,253,74,-1,74,253,254,-1,74,254,76,-1,254,255,76,-1,76,255,256,-1,76,256,78,-1,78,256,257,-1,78,257,80,-1,80,257,258,-1,80,258,82,-1,82,258,259,-1,82,259,84,-1,84,259,260,-1,84,260,85,-1,85,260,261,-1,85,261,61,-1,61,261,262,-1,61,262,63,-1,63,262,263,-1,63,263,65,-1,65,263,264,-1,65,264,67,-1,69,67,265,-1,265,67,264,-1,69,265,266,-1,69,266,140,-1,140,266,267,-1,140,267,137,-1,137,267,268,-1,137,268,151,-1,151,268,269,-1,151,269,145,-1,145,269,270,-1,145,270,146,-1,146,270,271,-1,146,271,148,-1,148,271,272,-1,148,272,149,-1,149,272,273,-1,149,273,150,-1,150,273,274,-1,150,274,147,-1,147,274,275,-1,147,275,142,-1,142,275,276,-1,142,276,143,-1,143,276,277,-1,143,277,144,-1,144,277,278,-1,144,278,138,-1,138,278,279,-1,138,279,139,-1,139,279,280,-1,139,280,141,-1,141,280,281,-1,141,281,70,-1,70,281,282,-1,70,282,68,-1,66,68,283,-1,283,68,282,-1,66,283,284,-1,66,284,64,-1,64,284,285,-1,64,285,62,-1,62,285,286,-1,62,286,60,-1,60,286,287,-1,60,287,83,-1,83,287,288,-1,83,288,81,-1,81,288,156,-1,81,156,79,-1,21,289,290,-1,21,290,13,-1,13,290,291,-1,13,291,14,-1,14,291,292,-1,14,292,16,-1,16,292,293,-1,16,293,17,-1,17,293,294,-1,17,294,36,-1,36,294,295,-1,36,295,37,-1,37,295,296,-1,37,296,39,-1,39,296,297,-1,39,297,103,-1,103,297,298,-1,103,298,105,-1,105,298,299,-1,105,299,107,-1,107,299,300,-1,107,300,109,-1,109,300,301,-1,109,301,111,-1,111,301,302,-1,111,302,113,-1,113,302,303,-1,113,303,115,-1,115,303,304,-1,115,304,117,-1,117,304,305,-1,117,305,119,-1,119,305,306,-1,119,306,120,-1,120,306,307,-1,120,307,72,-1,72,307,308,-1,72,308,71,-1,71,308,309,-1,71,309,32,-1,32,309,310,-1,32,310,31,-1,31,310,311,-1,31,311,30,-1,30,311,312,-1,30,312,28,-1,28,312,313,-1,28,313,26,-1,26,313,314,-1,26,314,24,-1,24,314,315,-1,24,315,22,-1,22,315,289,-1,22,289,21,-1,
        ]
    }
}
Shape{
    appearance Appearance {
        material  Material 	{
            diffuseColor 0.7529411764705882 0.7529411764705882 0.7529411764705882
            specularColor 0.3764705882352941 0.3764705882352941 0.3764705882352941
            ambientIntensity 0.7529
            transparency 0.0
            shininess 0.5
        }
    }
    geometry IndexedFaceSet {
        ccw TRUE
        solid FALSE
        coord DEF co Coordinate {
            point [
                1.8081 -2.4181 0.9134, 1.7847 -2.3539 0.9134, 1.7809 -2.3578 0.9134, 1.8192 -2.4169 0.9134, 1.8274 -2.4136 0.9134, 1.8176 -2.345 0.9134, 1.8097 -2.3441 0.9134, 1.8004 -2.3453 0.9134, 1.7921 -2.3486 0.9134, 1.7745 -2.3928 0.9134, 1.7783 -2.4007 0.9134, 1.7837 -2.4075 0.9134, 1.8097 -2.4181 0.9134, 1.776 -2.3657 0.9134, 1.7732 -2.3746 0.9134, 1.7728 -2.3839 0.9134, 1.791 -2.413 0.9134, 1.7995 -2.4167 0.9134, 1.8346 -2.4085 0.9134, 1.8397 -2.4026 0.9134, 1.8442 -2.3945 0.9134, 1.8464 -2.3854 0.9134, 1.8464 -2.3767 0.9134, 1.8442 -2.3679 0.9134, 1.8401 -2.3601 0.9134, 1.834 -2.3533 0.9134, 1.8264 -2.3481 0.9134
            ]
        }
        coordIndex [
            0,1,2,-1,3,4,5,-1,6,7,0,-1,0,7,8,-1,0,8,1,-1,9,10,2,-1,2,10,11,-1,6,0,5,-1,5,0,12,-1,5,12,3,-1,13,14,2,-1,2,14,15,-1,2,15,9,-1,11,16,2,-1,2,16,17,-1,2,17,0,-1,4,18,5,-1,5,18,19,-1,5,19,20,-1,20,21,5,-1,5,21,22,-1,5,22,23,-1,23,24,5,-1,5,24,25,-1,5,25,26,-1,
        ]
    }
}