#VRML V2.0 utf8
# 3D model generated by easyeda2kicad.py (https://github.com/uPesy/easyeda2kicad.py)

Shape{
    appearance Appearance {
        material  Material 	{
            diffuseColor 0.7529411764705882 0.7529411764705882 0.7529411764705882
            specularColor 0.6627450980392157 0.6627450980392157 0.6627450980392157
            ambientIntensity 0.7529
            transparency 0.0
            shininess 0.5
        }
    }
    geometry IndexedFaceSet {
        ccw TRUE
        solid FALSE
        coord DEF co Coordinate {
            point [
                0.1516 2.3623 0.0481, 0.3484 2.3623 0.0481, 0.1516 2.3548 0.056, 0.3484 2.3548 0.056, 0.1516 2.3457 0.062, 0.3484 2.3457 0.062, 0.1516 2.3354 0.0657, 0.3484 2.3354 0.0657, 0.1516 2.3246 0.0669, 0.3484 2.3246 0.0669, -0.2284 -2.7787 0.1142, -0.2284 -2.7236 0.1142, -0.2284 -2.7787 0.0669, -0.2284 -2.7236 0.0669, -0.1772 -2.8299 0.0669, -0.1772 -2.8299 0.1142, -0.1904 -2.8282 0.1142, -0.1904 -2.8282 0.0669, -0.2028 -2.823 0.1142, -0.2028 -2.823 0.0669, -0.2134 -2.8149 0.1142, -0.2134 -2.8149 0.0669, -0.2215 -2.8043 0.1142, -0.2215 -2.8043 0.0669, -0.2266 -2.792 0.1142, -0.2266 -2.792 0.0669, -0.1181 -2.8299 0.1142, -0.1181 -2.8299 0.0669, -0.1079 -2.8312 0.1142, -0.1079 -2.8312 0.0669, -0.0984 -2.8352 0.1142, -0.0984 -2.8352 0.0669, -0.0903 -2.8414 0.1142, -0.0903 -2.8414 0.0669, -0.084 -2.8496 0.1142, -0.084 -2.8496 0.0669, -0.0801 -2.8591 0.1142, -0.0801 -2.8591 0.0669, -0.0788 -2.8693 0.1142, -0.0788 -2.8693 0.0669, -0.0788 -2.889 0.1142, -0.0788 -2.889 0.0669, 0.0787 -2.889 0.0669, 0.0787 -2.889 0.1142, 0.0787 -2.8693 0.0669, 0.0787 -2.8693 0.1142, 0.0797 -2.8605 0.1142, 0.0797 -2.8605 0.0669, 0.0826 -2.8522 0.1142, 0.0826 -2.8522 0.0669, 0.0873 -2.8447 0.1142, 0.0873 -2.8447 0.0669, 0.0936 -2.8385 0.1142, 0.0936 -2.8385 0.0669, 0.101 -2.8338 0.1142, 0.101 -2.8338 0.0669, 0.1093 -2.8309 0.1142, 0.1093 -2.8309 0.0669, 0.1181 -2.8299 0.1142, 0.1181 -2.8299 0.0669, 0.4803 -2.8299 0.1142, 0.4803 -2.8299 0.0669, 0.5394 -2.7708 0.0669, 0.5394 -2.7708 0.1142, 0.5373 -2.7861 0.1142, 0.5373 -2.7861 0.0669, 0.5314 -2.8004 0.1142, 0.5314 -2.8004 0.0669, 0.5221 -2.8126 0.1142, 0.5221 -2.8126 0.0669, 0.5098 -2.822 0.1142, 0.5098 -2.822 0.0669, 0.4956 -2.8279 0.1142, 0.4956 -2.8279 0.0669, 0.5394 -0.7964 0.0669, 0.5394 -0.7964 0.1142, 0.5107 -0.7458 0.0669, 0.5107 -0.7458 0.1142, 0.5226 -0.7552 0.1142, 0.5226 -0.7552 0.0669, 0.5317 -0.7673 0.1142, 0.5317 -0.7673 0.0669, 0.5374 -0.7814 0.1142, 0.5374 -0.7814 0.0669, 0.4696 -0.7211 0.1142, 0.4696 -0.7211 0.0669, 0.4577 -0.7117 0.1142, 0.4577 -0.7117 0.0669, 0.4486 -0.6996 0.1142, 0.4486 -0.6996 0.0669, 0.4429 -0.6855 0.1142, 0.4429 -0.6855 0.0669, 0.4409 -0.6705 0.1142, 0.4409 -0.6705 0.0669, 0.4409 1.9989 0.1142, 0.4409 1.9989 0.0669, 0.4123 2.0495 0.0669, 0.4123 2.0495 0.1142, 0.4242 2.0401 0.1142, 0.4242 2.0401 0.0669, 0.4333 2.028 0.1142, 0.4333 2.028 0.0669, 0.439 2.0139 0.1142, 0.439 2.0139 0.0669, 0.3771 2.0706 0.1142, 0.3771 2.0706 0.0669, 0.3652 2.08 0.1142, 0.3652 2.08 0.0669, 0.3561 2.0922 0.1142, 0.3561 2.0922 0.0669, 0.3504 2.1062 0.1142, 0.3504 2.1062 0.0669, 0.3484 2.1213 0.1142, 0.3484 2.1213 0.0669, 0.3484 2.2685 0.1142, 0.3484 2.2685 0.0669, 0.1516 2.2685 0.0669, 0.1516 1.8295 0.0669, 0.1516 2.2685 0.1142, 0.1516 1.8295 0.1142, 0.1802 1.7789 0.0669, 0.1802 1.7789 0.1142, 0.1683 1.7883 0.1142, 0.1683 1.7883 0.0669, 0.1592 1.8004 0.1142, 0.1592 1.8004 0.0669, 0.1535 1.8145 0.1142, 0.1535 1.8145 0.0669, 0.2548 1.7342 0.1142, 0.2548 1.7342 0.0669, 0.2667 1.7247 0.1142, 0.2667 1.7247 0.0669, 0.2758 1.7126 0.1142, 0.2758 1.7126 0.0669, 0.2815 1.6986 0.1142, 0.2815 1.6986 0.0669, 0.2835 1.6835 0.1142, 0.2835 1.6835 0.0669, 0.2835 -0.887 0.0669, 0.2835 -0.887 0.1142, 0.3121 -0.9376 0.0669, 0.3121 -0.9376 0.1142, 0.3002 -0.9282 0.1142, 0.3002 -0.9282 0.0669, 0.2911 -0.9161 0.1142, 0.2911 -0.9161 0.0669, 0.2854 -0.9021 0.1142, 0.2854 -0.9021 0.0669, 0.3532 -0.9623 0.1142, 0.3532 -0.9623 0.0669, 0.3651 -0.9717 0.1142, 0.3651 -0.9717 0.0669, 0.3742 -0.9838 0.1142, 0.3742 -0.9838 0.0669, 0.3799 -0.9979 0.1142, 0.3799 -0.9979 0.0669, 0.3819 -1.0129 0.1142, 0.3819 -1.0129 0.0669, 0.3819 -2.6134 0.0669, 0.3819 -2.6134 0.1142, 0.3799 -2.6286 0.1142, 0.3799 -2.6286 0.0669, 0.374 -2.6429 0.1142, 0.374 -2.6429 0.0669, 0.3646 -2.6551 0.1142, 0.3646 -2.6551 0.0669, 0.3524 -2.6645 0.1142, 0.3524 -2.6645 0.0669, 0.3381 -2.6704 0.1142, 0.3381 -2.6704 0.0669, 0.3228 -2.6724 0.1142, 0.3228 -2.6724 0.0669, 0.1772 -2.6724 0.0669, 0.1772 -2.6724 0.1142, 0.167 -2.6711 0.1142, 0.167 -2.6711 0.0669, 0.1575 -2.6671 0.1142, 0.1575 -2.6671 0.0669, 0.1493 -2.6609 0.1142, 0.1493 -2.6609 0.0669, 0.1431 -2.6527 0.1142, 0.1431 -2.6527 0.0669, 0.1391 -2.6432 0.1142, 0.1391 -2.6432 0.0669, 0.1378 -2.633 0.1142, 0.1378 -2.633 0.0669, 0.1378 -2.5937 0.1142, 0.1378 -2.5937 0.0669, 0.0984 -1.8043 0.238, 0.0984 -1.6999 0.3058, 0.0984 -1.8301 0.2776, 0.0984 -1.7256 0.3454, 0.0053 -1.5467 0.3139, 0.0053 -1.5467 0.3139, -0.0076 -1.5648 0.3231, 0.0065 -1.5481 0.3146, -0.0076 -1.5514 0.3163, -0.0073 -1.5497 0.3155, -0.0065 -1.5481 0.3146, -0.002 -1.5449 0.313, -0.0 -1.5447 0.3129, 0.0073 -1.5497 0.3155, 0.0075 -1.5514 0.3163, 0.0075 -1.5648 0.3231, -0.0053 -1.5467 0.3139, -0.0053 -1.5467 0.3139, -0.0038 -1.5456 0.3134, 0.0019 -1.5449 0.313, 0.0038 -1.5456 0.3134, -0.0076 -1.5924 0.3338, 0.0075 -1.5924 0.3338, -0.0076 -1.5997 0.3349, 0.0075 -1.5997 0.3349, -0.0076 -1.6217 0.3384, 0.0075 -1.6217 0.3384, -0.0076 -1.6365 0.3376, 0.0075 -1.6365 0.3376, -0.0076 -1.6513 0.3368, 0.0075 -1.6513 0.3368, -0.0076 -1.6728 0.3311, 0.0075 -1.6728 0.3311, -0.0076 -1.6799 0.3292, 0.0075 -1.6799 0.3292, -0.0076 -1.7063 0.3157, 0.0075 -1.7063 0.3157, 0.0075 -1.9312 0.1697, -0.0076 -1.9312 0.1697, 0.0075 -1.9561 0.157, -0.0076 -1.9561 0.157, 0.0075 -1.9832 0.1497, -0.0076 -1.9832 0.1497, -0.0076 -2.2455 0.1082, 0.0053 -2.2508 0.1073, -0.0053 -2.2507 0.1073, -0.0065 -2.2492 0.1076, 0.0075 -2.2455 0.1082, 0.0073 -2.2474 0.1079, 0.0065 -2.2492 0.1076, 0.0038 -2.2519 0.1071, 0.0019 -2.2527 0.107, -0.0 -2.2529 0.107, 0.0053 -2.2507 0.1073, -0.0073 -2.2474 0.1079, -0.002 -2.2527 0.107, -0.0038 -2.2519 0.1071, -0.0053 -2.2508 0.1073, -0.0071 -2.2628 0.1013, -0.0067 -2.2618 0.1023, -0.0 -2.2631 0.1021, 0.0103 -2.2454 0.1079, -0.0181 -2.2615 0.0937, -0.0222 -2.2563 0.0945, -0.0203 -2.2573 0.0968, -0.0247 -2.2502 0.0955, -0.025 -2.2483 0.0958, -0.0239 -2.2484 0.0982, 0.0247 -2.2502 0.0955, 0.0235 -2.2529 0.095, 0.0226 -2.2529 0.0975, -0.0 -2.2608 0.1039, -0.0146 -2.251 0.1055, -0.0121 -2.2501 0.1066, -0.0092 -2.2545 0.1059, -0.0153 -2.255 0.1034, -0.017 -2.2517 0.1039, -0.0072 -2.2527 0.1068, -0.0103 -2.2454 0.1079, -0.013 -2.2453 0.1073, -0.0121 -2.2454 0.1076, 0.0057 -2.2597 0.1041, 0.0111 -2.2563 0.1046, 0.0129 -2.2578 0.103, 0.0157 -2.2452 0.1063, 0.0163 -2.2452 0.1061, 0.017 -2.2517 0.1039, -0.0 -2.2556 0.1064, 0.0072 -2.2527 0.1068, 0.0092 -2.2545 0.1059, 0.0121 -2.2454 0.1076, 0.0121 -2.2501 0.1066, -0.0 -2.2689 0.0925, -0.0 -2.268 0.0951, 0.0046 -2.2683 0.0926, 0.0044 -2.2676 0.0952, 0.0171 -2.2611 0.0962, 0.018 -2.2616 0.0937, 0.0132 -2.2642 0.0957, 0.0128 -2.2655 0.093, 0.0089 -2.2664 0.0954, 0.0092 -2.267 0.0928, 0.0066 -2.268 0.0926, -0.0 -2.2668 0.0976, -0.0 -2.2651 0.1, 0.0041 -2.2664 0.0977, 0.0037 -2.2648 0.1001, 0.0083 -2.2652 0.0979, 0.0075 -2.2637 0.1002, 0.0123 -2.2632 0.0982, 0.0112 -2.2618 0.1005, 0.0159 -2.2603 0.0987, 0.0145 -2.2592 0.1009, 0.0189 -2.2567 0.0992, 0.0203 -2.2573 0.0968, 0.0222 -2.2563 0.0945, 0.0181 -2.2615 0.0937, 0.018 -2.2483 0.1045, 0.0203 -2.2485 0.1026, 0.0192 -2.2523 0.102, 0.0223 -2.2485 0.1005, 0.021 -2.2527 0.0999, 0.0239 -2.2484 0.0982, 0.0172 -2.2559 0.1015, 0.0153 -2.255 0.1034, 0.0146 -2.251 0.1055, 0.013 -2.2453 0.1073, -0.0171 -2.2611 0.0962, -0.018 -2.2616 0.0937, -0.0044 -2.2676 0.0952, -0.0046 -2.2683 0.0926, -0.0066 -2.268 0.0926, -0.0202 -2.2448 0.1037, -0.0203 -2.2485 0.1026, -0.0206 -2.2447 0.1032, -0.0223 -2.2485 0.1005, -0.0233 -2.2442 0.1004, -0.0242 -2.244 0.0988, -0.0256 -2.2436 0.0965, -0.0181 -2.252 0.103, -0.0172 -2.2559 0.1015, -0.0192 -2.2523 0.102, -0.0189 -2.2567 0.0992, -0.0211 -2.2527 0.0999, -0.0226 -2.2529 0.0975, -0.0236 -2.2529 0.095, -0.0164 -2.2452 0.1061, -0.0183 -2.245 0.1049, -0.0195 -2.2448 0.1041, -0.0112 -2.2618 0.1005, -0.0083 -2.2652 0.0979, -0.0123 -2.2632 0.0982, -0.0089 -2.2664 0.0954, -0.0132 -2.2642 0.0957, -0.0093 -2.267 0.0928, -0.0128 -2.2655 0.093, 0.0047 -2.2574 0.1055, -0.0 -2.2582 0.1053, -0.0048 -2.2574 0.1055, -0.0058 -2.2597 0.1041, -0.0111 -2.2563 0.1046, -0.01 -2.2602 0.1026, -0.0129 -2.2578 0.103, -0.0145 -2.2592 0.1009, -0.016 -2.2603 0.0987, -0.0075 -2.2637 0.1002, -0.0041 -2.2664 0.0977, -0.0037 -2.2648 0.1001, -0.0 -2.2641 0.1011, 0.0033 -2.2628 0.1022, 0.0067 -2.2618 0.1023, 0.0099 -2.2602 0.1026, 0.0182 -2.245 0.1049, 0.0202 -2.2448 0.1037, 0.0233 -2.2442 0.1004, 0.0242 -2.244 0.0988, 0.0256 -2.2436 0.0965, 0.025 -2.2483 0.0958, -0.0121 -1.9831 0.1492, -0.0164 -1.9828 0.1477, -0.0202 -1.9825 0.1452, -0.0233 -1.9819 0.1419, -0.0256 -1.9813 0.138, -0.0121 -1.956 0.1565, -0.0121 -1.9309 0.1692, -0.0164 -1.9554 0.155, -0.0164 -1.9301 0.1679, -0.0202 -1.9545 0.1527, -0.0202 -1.9287 0.1658, -0.0233 -1.9533 0.1496, -0.0233 -1.9269 0.1631, -0.0256 -1.9519 0.1459, -0.0256 -1.9248 0.1598, -0.0121 -1.706 0.3153, -0.0164 -1.7052 0.314, -0.0202 -1.7038 0.3119, -0.0233 -1.702 0.3091, -0.0256 -1.6999 0.3058, -0.0256 -1.6359 0.3259, -0.0256 -1.6223 0.3266, -0.0233 -1.6221 0.3305, -0.0121 -1.565 0.3227, -0.0121 -1.5926 0.3332, -0.0164 -1.593 0.3317, -0.0121 -1.6797 0.3287, -0.0121 -1.6217 0.3379, -0.0202 -1.6219 0.3338, -0.0164 -1.6218 0.3363, -0.0233 -1.65 0.3291, -0.0202 -1.6506 0.3323, -0.0164 -1.651 0.3348, -0.0121 -1.6512 0.3363, -0.0233 -1.5945 0.3261, -0.0202 -1.5936 0.3293, -0.0164 -1.5657 0.3213, -0.0202 -1.5668 0.3191, -0.0233 -1.5683 0.3161, -0.0256 -1.5955 0.3223, -0.0256 -1.5701 0.3126, -0.0256 -1.6022 0.3234, -0.0256 -1.6494 0.3252, -0.0233 -1.6771 0.3218, -0.0256 -1.6757 0.3181, -0.0256 -1.6691 0.3199, -0.0164 -1.6792 0.3272, -0.0202 -1.6783 0.3249, -0.0103 -1.5516 0.3161, -0.0164 -1.5524 0.3145, -0.0158 -1.5523 0.3147, -0.013 -1.5518 0.3156, -0.0121 -1.5517 0.3159, -0.0183 -1.5529 0.3134, -0.0202 -1.5535 0.3123, -0.0233 -1.555 0.3093, -0.0242 -1.5557 0.3079, -0.0256 -1.5568 0.3058, 0.0071 -1.5371 0.3045, 0.0067 -1.5377 0.3057, -0.0 -1.5366 0.3052, 0.0181 -1.5407 0.2976, 0.0222 -1.5454 0.3, 0.0203 -1.5437 0.3019, 0.0247 -1.5509 0.3028, 0.025 -1.5526 0.3037, 0.0239 -1.5517 0.306, -0.0247 -1.5509 0.3028, -0.0236 -1.5484 0.3015, -0.0226 -1.5476 0.3039, -0.0 -1.5382 0.3076, 0.0146 -1.547 0.3121, 0.0121 -1.5475 0.3134, 0.0092 -1.5435 0.3114, 0.0153 -1.5439 0.3089, 0.017 -1.5468 0.3104, 0.0072 -1.545 0.3129, 0.0103 -1.5516 0.3161, 0.013 -1.5518 0.3156, 0.0121 -1.5517 0.3159, -0.0058 -1.5392 0.3081, -0.0111 -1.5423 0.3097, -0.0129 -1.5413 0.3076, -0.017 -1.5468 0.3104, -0.0 -1.5424 0.3115, -0.0072 -1.545 0.3129, -0.0092 -1.5435 0.3114, -0.0121 -1.5475 0.3134, -0.0 -1.534 0.2942, -0.0 -1.534 0.2969, -0.0046 -1.5345 0.2945, -0.0044 -1.5344 0.2971, -0.0171 -1.5403 0.3001, -0.018 -1.5406 0.2976, -0.0132 -1.5375 0.2987, -0.0128 -1.5371 0.2958, -0.0089 -1.5355 0.2977, -0.0093 -1.5357 0.2951, -0.0066 -1.5348 0.2946, -0.0 -1.5345 0.2997, -0.0 -1.5353 0.3025, -0.0041 -1.5348 0.2999, -0.0037 -1.5356 0.3027, -0.0083 -1.5358 0.3005, -0.0075 -1.5366 0.3032, -0.0123 -1.5377 0.3014, -0.0112 -1.5383 0.304, -0.016 -1.5403 0.3027, -0.0145 -1.5406 0.3052, -0.0189 -1.5435 0.3044, -0.0203 -1.5437 0.3019, -0.0222 -1.5454 0.3, -0.0181 -1.5407 0.2976, -0.018 -1.5499 0.3119, -0.0203 -1.5503 0.3102, -0.0192 -1.5469 0.3084, -0.0223 -1.5509 0.3081, -0.0211 -1.5471 0.3062, -0.0239 -1.5517 0.306, -0.0172 -1.5436 0.3067, -0.0153 -1.5439 0.3089, -0.0146 -1.547 0.3121, 0.0171 -1.5403 0.3001, 0.018 -1.5406 0.2976, 0.0044 -1.5344 0.2971, 0.0046 -1.5345 0.2945, 0.0066 -1.5348 0.2946, 0.0202 -1.5535 0.3123, 0.0203 -1.5503 0.3102, 0.0206 -1.5537 0.3119, 0.0223 -1.5509 0.3081, 0.0233 -1.555 0.3093, 0.0242 -1.5557 0.3079, 0.0256 -1.5568 0.3058, 0.0181 -1.5468 0.3094, 0.0172 -1.5436 0.3067, 0.0192 -1.5469 0.3084, 0.0189 -1.5435 0.3044, 0.021 -1.5471 0.3062, 0.0226 -1.5476 0.3039, 0.0235 -1.5484 0.3015, 0.0163 -1.5524 0.3145, 0.0182 -1.5529 0.3134, 0.0195 -1.5533 0.3127, 0.0112 -1.5383 0.304, 0.0083 -1.5358 0.3005, 0.0123 -1.5377 0.3014, 0.0089 -1.5355 0.2977, 0.0132 -1.5375 0.2987, 0.0092 -1.5357 0.2951, 0.0128 -1.5371 0.2958, -0.0048 -1.541 0.3101, -0.0 -1.5402 0.3097, 0.0047 -1.541 0.3101, 0.0057 -1.5392 0.3081, 0.0111 -1.5423 0.3097, 0.0099 -1.5392 0.3065, 0.0129 -1.5413 0.3076, 0.0145 -1.5406 0.3052, 0.0159 -1.5403 0.3027, 0.0075 -1.5366 0.3032, 0.0041 -1.5348 0.2999, 0.0037 -1.5356 0.3027, -0.0 -1.5359 0.3039, -0.0033 -1.5368 0.3053, -0.0067 -1.5377 0.3057, -0.01 -1.5392 0.3065, -0.025 -1.5526 0.3037, 0.0121 -1.565 0.3227, 0.0163 -1.5657 0.3213, 0.0202 -1.5668 0.3191, 0.0233 -1.5683 0.3161, 0.0256 -1.5701 0.3126, 0.0121 -1.6217 0.3379, 0.0233 -1.5945 0.3261, 0.0202 -1.5936 0.3293, 0.0256 -1.6757 0.3181, 0.0256 -1.6999 0.3058, 0.0233 -1.702 0.3091, 0.0256 -1.6691 0.3199, 0.0233 -1.6771 0.3218, 0.0256 -1.5955 0.3223, 0.0256 -1.6022 0.3234, 0.0233 -1.6221 0.3305, 0.0256 -1.6223 0.3266, 0.0256 -1.6359 0.3259, 0.0256 -1.6494 0.3252, 0.0163 -1.6218 0.3363, 0.0202 -1.6219 0.3338, 0.0121 -1.6512 0.3363, 0.0163 -1.651 0.3348, 0.0202 -1.6506 0.3323, 0.0233 -1.65 0.3291, 0.0121 -1.5926 0.3332, 0.0163 -1.593 0.3317, 0.0121 -1.6797 0.3287, 0.0202 -1.6783 0.3249, 0.0163 -1.6792 0.3272, 0.0202 -1.7038 0.3119, 0.0163 -1.7052 0.314, 0.0121 -1.706 0.3153, 0.0121 -1.9309 0.1692, 0.0163 -1.9301 0.1679, 0.0202 -1.9287 0.1658, 0.0233 -1.9269 0.1631, 0.0256 -1.9248 0.1598, 0.0256 -1.9519 0.1459, 0.0256 -1.9813 0.138, 0.0233 -1.9819 0.1419, 0.0233 -1.9533 0.1496, 0.0202 -1.9545 0.1527, 0.0163 -1.9554 0.155, 0.0121 -1.956 0.1565, 0.0202 -1.9825 0.1452, 0.0163 -1.9828 0.1477, 0.0121 -1.9831 0.1492, -0.1378 -2.1779 0.1069, -0.1177 -1.9813 0.138, 0.1177 -1.9813 0.138, 0.1378 -2.1779 0.1069, -0.1378 -2.4129 0.0697, 0.1378 -2.4129 0.0697, -0.1378 -2.4203 0.1164, -0.1378 -2.1853 0.1536, -0.0209 -2.2527 0.1535, -0.0273 -2.2523 0.1515, -0.0255 -2.2625 0.1503, -0.0073 -2.2548 0.1545, -0.0076 -2.2529 0.1548, -0.0175 -2.2527 0.1538, -0.0163 -2.2592 0.1531, -0.0124 -2.2651 0.1521, -0.0053 -2.2581 0.154, -0.0065 -2.2566 0.1542, -0.0193 -2.2717 0.1488, -0.0064 -2.2689 0.1515, -0.01 -2.2776 0.1479, -0.0 -2.2701 0.1513, -0.0 -2.2795 0.1476, 0.0064 -2.2689 0.1515, 0.01 -2.2776 0.1479, 0.0123 -2.2651 0.1521, 0.0193 -2.2717 0.1488, 0.0163 -2.2592 0.1531, 0.0255 -2.2625 0.1503, 0.0053 -2.2582 0.154, 0.0118 -2.2944 0.1363, 0.0134 -2.2857 0.1428, -0.0 -2.2882 0.1424, 0.0164 -2.2925 0.1366, 0.0227 -2.29 0.137, 0.0259 -2.2777 0.1441, 0.0322 -2.2828 0.1381, 0.0394 -2.2735 0.1396, 0.0342 -2.2653 0.146, 0.0455 -2.251 0.1432, 0.0367 -2.2518 0.1479, 0.044 -2.2627 0.1413, 0.0419 -2.2676 0.1405, -0.0455 -2.251 0.1432, -0.044 -2.2627 0.1413, -0.0367 -2.2518 0.1479, -0.0342 -2.2653 0.146, -0.0338 -2.252 0.1496, -0.0228 -2.29 0.137, -0.0134 -2.2857 0.1428, -0.0259 -2.2777 0.1441, -0.0419 -2.2676 0.1405, -0.0394 -2.2735 0.1396, -0.0322 -2.2828 0.1381, -0.0165 -2.2925 0.1366, -0.0118 -2.2944 0.1363, -0.0 -2.296 0.136, 0.0337 -2.252 0.1496, 0.0273 -2.2523 0.1515, 0.0209 -2.2527 0.1535, 0.0175 -2.2527 0.1538, 0.0075 -2.2529 0.1548, 0.0073 -2.2548 0.1545, 0.0065 -2.2566 0.1542, 0.0053 -2.2581 0.154, 0.0038 -2.2593 0.1538, 0.0019 -2.2601 0.1537, -0.0 -2.2603 0.1536, -0.002 -2.2601 0.1537, -0.0038 -2.2593 0.1538, -0.0053 -2.2582 0.154, 0.0455 -1.9887 0.1847, 0.0337 -1.9897 0.1911, 0.0209 -1.9904 0.195, 0.0075 -1.9906 0.1964, 0.0075 -1.9569 0.2093, 0.0075 -1.9731 0.2011, 0.0209 -1.9562 0.2082, 0.0209 -1.9726 0.1998, 0.0337 -1.954 0.2048, 0.0337 -1.9712 0.1961, 0.0455 -1.9505 0.1994, 0.0455 -1.9688 0.19, 0.0455 -1.7256 0.3454, 0.0337 -1.7291 0.3509, 0.0209 -1.7313 0.3542, 0.0075 -1.732 0.3553, 0.0455 -1.5487 0.3547, 0.0337 -1.5457 0.3605, 0.0337 -1.5816 0.3742, 0.0209 -1.5439 0.364, 0.0209 -1.5805 0.3781, 0.0075 -1.5433 0.3652, 0.0075 -1.5802 0.3794, 0.0075 -1.5899 0.3809, 0.0209 -1.6193 0.3842, 0.0075 -1.6192 0.3856, 0.0075 -1.6389 0.3845, 0.0209 -1.6585 0.3822, 0.0075 -1.6587 0.3835, 0.0209 -1.6963 0.372, 0.0075 -1.6873 0.3758, 0.0075 -1.6968 0.3733, 0.0337 -1.6195 0.3802, 0.0337 -1.6578 0.3782, 0.0337 -1.6949 0.3683, 0.0455 -1.5833 0.368, 0.0455 -1.6198 0.3738, 0.0455 -1.6568 0.3718, 0.0455 -1.6926 0.3622, 0.0455 -1.5353 0.3479, 0.0336 -1.5325 0.3535, 0.032 -1.5321 0.3543, 0.0075 -1.53 0.3584, 0.0158 -1.5302 0.358, 0.0208 -1.5308 0.3569, 0.044 -1.5249 0.3426, 0.0309 -1.5247 0.3506, -0.0208 -1.5308 0.3569, -0.0158 -1.5302 0.358, -0.0153 -1.5266 0.3561, 0.0073 -1.5282 0.3576, 0.0153 -1.5266 0.3561, 0.0065 -1.5266 0.3567, 0.0137 -1.5232 0.3544, 0.0053 -1.5252 0.356, 0.0112 -1.5202 0.3529, 0.0038 -1.5242 0.3555, 0.0079 -1.518 0.3518, 0.0019 -1.5235 0.3551, 0.0041 -1.5166 0.351, -0.0 -1.5233 0.355, -0.0 -1.5161 0.3508, -0.002 -1.5235 0.3551, -0.0041 -1.5166 0.351, -0.0038 -1.5242 0.3555, -0.0079 -1.518 0.3518, -0.0053 -1.5252 0.356, -0.0112 -1.5202 0.3529, -0.0065 -1.5266 0.3567, -0.0137 -1.5232 0.3544, -0.0073 -1.5282 0.3576, -0.0076 -1.53 0.3584, -0.0337 -1.5325 0.3535, -0.032 -1.5321 0.3543, -0.0309 -1.5247 0.3506, -0.0277 -1.5178 0.347, -0.0226 -1.5119 0.344, -0.016 -1.5074 0.3417, -0.0083 -1.5045 0.3403, -0.0 -1.5036 0.3398, 0.0083 -1.5045 0.3403, 0.016 -1.5074 0.3417, 0.0226 -1.5119 0.344, 0.0277 -1.5178 0.347, 0.0394 -1.5151 0.3376, 0.0322 -1.5067 0.3333, 0.0227 -1.5002 0.33, 0.0118 -1.4962 0.328, -0.0 -1.4948 0.3273, -0.0118 -1.4962 0.328, -0.0228 -1.5002 0.33, -0.0322 -1.5067 0.3333, -0.0394 -1.5151 0.3376, -0.044 -1.5249 0.3426, -0.0455 -1.5353 0.3479, -0.0076 -1.5433 0.3652, -0.0076 -1.732 0.3553, -0.0076 -1.6968 0.3733, -0.0076 -1.6873 0.3758, -0.0076 -1.6587 0.3835, -0.0076 -1.6389 0.3845, -0.0076 -1.6192 0.3856, -0.0076 -1.5899 0.3809, -0.0076 -1.5802 0.3794, -0.0076 -1.9569 0.2093, -0.0076 -1.9906 0.1964, -0.0076 -1.9731 0.2011, -0.0455 -1.9887 0.1847, -0.0338 -1.9897 0.1911, -0.0209 -1.9904 0.195, 0.1378 -2.4203 0.1164, -0.1177 -1.9887 0.1847, 0.1177 -1.9887 0.1847, 0.1378 -2.1853 0.1536, -0.0984 -1.8301 0.2776, -0.0984 -1.7256 0.3454, -0.0984 -1.8043 0.238, -0.0984 -1.6999 0.3058, -0.1129 -1.9248 0.1598, -0.1129 -1.9505 0.1994, -0.1153 -1.9522 0.1458, -0.1153 -1.9688 0.19, -0.1153 -1.9519 0.146, -0.113 -1.9253 0.1594, 0.1129 -1.9248 0.1598, 0.1153 -1.9519 0.1459, -0.1153 -1.9519 0.146, 0.0984 -1.5701 0.3126, 0.0984 -1.6021 0.3239, 0.0984 -1.6359 0.3266, 0.0984 -1.6693 0.3204, -0.0984 -1.5701 0.3126, -0.0984 -1.6021 0.3239, -0.0984 -1.6359 0.3266, -0.0984 -1.6693 0.3204, -0.0984 -1.5042 0.279, 0.0984 -1.5042 0.279, -0.0959 -1.4866 0.2701, -0.0973 -1.4924 0.273, 0.0973 -1.4924 0.273, 0.0959 -1.4866 0.2701, -0.0694 -1.4411 0.2632, -0.0913 -1.4743 0.2682, 0.042 -1.4275 0.2612, 0.0518 -1.4311 0.2617, 0.059 -1.4337 0.2621, 0.0693 -1.4408 0.2632, -0.0762 -1.447 0.2641, -0.0827 -1.4562 0.2655, -0.0868 -1.4621 0.2664, -0.0649 -1.4373 0.2626, -0.0522 -1.4308 0.2617, -0.0507 -1.4301 0.2616, -0.0342 -1.426 0.2609, -0.0329 -1.426 0.2609, -0.0197 -1.4251 0.2608, 0.083 -1.4562 0.2655, 0.0903 -1.4696 0.2675, 0.0918 -1.4741 0.2682, 0.0197 -1.4251 0.2608, 0.0328 -1.4265 0.261, 0.0712 -1.4421 0.2634, 0.0817 -1.4539 0.2651, 0.0197 -1.4126 0.2854, -0.0197 -1.4126 0.2854, 0.0329 -1.4136 0.2859, 0.0514 -1.4185 0.2884, 0.0681 -1.4274 0.2929, 0.0818 -1.4396 0.2991, 0.0917 -1.4544 0.3067, 0.0973 -1.471 0.3151, 0.0984 -1.4827 0.3211, 0.0984 -1.5487 0.3547, 0.0984 -1.6926 0.3622, 0.0984 -1.6568 0.3718, 0.0984 -1.6198 0.3738, 0.0984 -1.5833 0.368, -0.0455 -1.7256 0.3454, -0.0455 -1.6926 0.3622, -0.0984 -1.6926 0.3622, -0.0455 -1.6568 0.3718, -0.0984 -1.6568 0.3718, -0.0455 -1.6198 0.3738, -0.0984 -1.6198 0.3738, -0.0455 -1.5833 0.368, -0.0984 -1.5833 0.368, -0.0455 -1.5487 0.3547, -0.0984 -1.5487 0.3547, -0.0984 -1.4827 0.3211, -0.0515 -1.4185 0.2884, -0.0973 -1.471 0.3151, -0.0917 -1.4544 0.3067, -0.0818 -1.4396 0.2991, -0.0681 -1.4274 0.2929, -0.0329 -1.4136 0.2859, -0.0338 -1.5457 0.3605, -0.0209 -1.5439 0.364, -0.0209 -1.6193 0.3842, -0.0209 -1.5805 0.3781, -0.0338 -1.6578 0.3782, -0.0338 -1.6195 0.3802, -0.0338 -1.5816 0.3742, -0.0338 -1.6949 0.3683, -0.0338 -1.7291 0.3509, -0.0209 -1.6585 0.3822, -0.0209 -1.6963 0.372, -0.0209 -1.7313 0.3542, -0.0455 -1.9505 0.1994, -0.0338 -1.954 0.2048, -0.0209 -1.9562 0.2082, -0.0455 -1.9688 0.19, -0.0338 -1.9712 0.1961, -0.0209 -1.9726 0.1998, 0.1129 -1.9505 0.1994, 0.1149 -1.9653 0.1915, 0.1153 -1.969 0.1904, 0.1153 -1.969 0.1904, 0.1378 -2.448 0.0669, 0.1378 -2.448 0.1142, -0.1378 -2.5937 0.0669, -0.1378 -2.448 0.0669, -0.1378 -2.448 0.1142, -0.1378 -2.5937 0.1142, -0.1378 -2.633 0.0669, -0.1378 -2.633 0.1142, -0.1391 -2.6432 0.1142, -0.1391 -2.6432 0.0669, -0.1431 -2.6527 0.1142, -0.1431 -2.6527 0.0669, -0.1493 -2.6609 0.1142, -0.1493 -2.6609 0.0669, -0.1575 -2.6671 0.1142, -0.1575 -2.6671 0.0669, -0.167 -2.6711 0.1142, -0.167 -2.6711 0.0669, -0.1772 -2.6724 0.1142, -0.1772 -2.6724 0.0669, -0.1904 -2.6742 0.1142, -0.2028 -2.6793 0.1142, -0.2134 -2.6874 0.1142, -0.2215 -2.698 0.1142, -0.2266 -2.7103 0.1142, -0.2266 -2.7103 0.0669, -0.2215 -2.698 0.0669, -0.2134 -2.6874 0.0669, -0.2028 -2.6793 0.0669, -0.1904 -2.6742 0.0669, 0.3484 2.3246 0.1142, 0.1516 2.3246 0.1142, 0.1516 2.3463 0.1117, 0.1516 2.3668 0.1042, 0.1516 2.385 0.0923, 0.1516 2.4001 0.0765, 0.3484 2.3463 0.1117, 0.3484 2.3668 0.1042, 0.3484 2.385 0.0923, 0.3484 2.4001 0.0765, 0.3484 2.3702 0.0376, 0.3484 2.408 0.0661, 0.1516 2.408 0.0661, 0.1516 2.3702 0.0376, 0.1516 2.4457 0.0, 0.3484 2.4457 0.0, 0.3484 2.424 0.0025, 0.1516 2.424 0.0025, 0.3484 2.4035 0.0099, 0.1516 2.4035 0.0099, 0.3484 2.3853 0.0218, 0.1516 2.3853 0.0218, 0.3484 2.6622 0.0, 0.1516 2.6622 0.0, 0.1516 2.6622 0.0472, 0.3484 2.6622 0.0472, 0.3484 2.4457 0.0472, 0.3484 2.4155 0.0582, 0.3484 2.4246 0.0522, 0.3484 2.4349 0.0485, 0.1516 2.4155 0.0582, 0.1516 2.4246 0.0522, 0.1516 2.4349 0.0485, 0.1516 2.4457 0.0472, 0.6516 2.3601 0.0498, 0.8484 2.3601 0.0498, 0.6516 2.3526 0.057, 0.8484 2.3526 0.057, 0.6516 2.3438 0.0624, 0.8484 2.3438 0.0624, 0.6516 2.334 0.0658, 0.8484 2.334 0.0658, 0.6516 2.3236 0.0669, 0.8484 2.3236 0.0669, 0.559 -0.3102 0.1142, 0.559 1.9989 0.1142, 0.559 -0.3102 0.0669, 0.559 1.9989 0.0669, 0.5611 -0.3255 0.0669, 0.5611 -0.3255 0.1142, 0.567 -0.3397 0.0669, 0.567 -0.3397 0.1142, 0.5763 -0.352 0.0669, 0.5763 -0.352 0.1142, 0.5886 -0.3614 0.0669, 0.5886 -0.3614 0.1142, 0.6028 -0.3673 0.0669, 0.6028 -0.3673 0.1142, 0.6181 -0.3693 0.0669, 0.6181 -0.3693 0.1142, 1.0787 -0.3693 0.1142, 1.0787 -0.3693 0.0669, 1.094 -0.3673 0.0669, 1.094 -0.3673 0.1142, 1.1083 -0.3614 0.0669, 1.1083 -0.3614 0.1142, 1.1205 -0.352 0.0669, 1.1205 -0.352 0.1142, 1.1299 -0.3397 0.0669, 1.1299 -0.3397 0.1142, 1.1358 -0.3255 0.0669, 1.1358 -0.3255 0.1142, 1.1378 -0.3102 0.0669, 1.1378 -0.3102 0.1142, 1.1378 0.0323 0.1142, 1.1378 0.0323 0.0669, 1.013 1.2234 0.3061, 1.0138 1.2238 0.3049, 1.0167 1.2209 0.3064, 1.0104 1.226 0.3038, 1.0072 1.2279 0.3017, 1.0075 1.2282 0.3003, 1.0114 1.2266 0.3012, 1.0066 1.229 0.2946, 1.0084 1.2283 0.2949, 1.0081 1.2285 0.2976, 1.0233 1.2088 0.3093, 1.0226 1.2091 0.31, 1.0222 1.2133 0.3079, 0.9767 1.2088 0.3093, 0.9758 1.2081 0.3079, 0.9762 1.2125 0.3057, 0.9744 1.207 0.3058, 0.9881 1.2167 0.3132, 0.987 1.2119 0.3156, 0.9842 1.2115 0.3147, 0.9962 1.2182 0.3134, 0.9947 1.2171 0.3139, 0.9931 1.2191 0.3127, 0.9852 1.2205 0.3086, 0.9877 1.223 0.3073, 0.9895 1.222 0.3094, 1.0053 1.2171 0.3139, 1.005 1.2173 0.3138, 1.0069 1.2191 0.3127, 1.0043 1.223 0.3101, 1.0087 1.2206 0.3112, 1.0148 1.2205 0.3086, 1.0167 1.2175 0.3101, 1.0144 1.2172 0.3118, 1.0182 1.2108 0.3134, 1.0163 1.2114 0.3145, 1.0179 1.2142 0.3118, 1.0157 1.2115 0.3147, 1.0119 1.2167 0.3132, 1.0103 1.2122 0.3161, 1.0094 1.216 0.3143, 1.0121 1.2121 0.3159, 1.013 1.2119 0.3156, 1.0075 1.2123 0.3163, 1.0073 1.2141 0.3155, 1.0068 1.215 0.315, 1.0105 1.222 0.3094, 1.0052 1.2248 0.308, 1.0122 1.223 0.3073, 1.0065 1.2157 0.3146, 1.0 1.2214 0.3115, 0.9956 1.223 0.3101, 1.0 1.2236 0.3097, 0.9947 1.2248 0.308, 1.0 1.2256 0.3076, 1.0 1.2272 0.3052, 0.9939 1.2263 0.3056, 0.9907 1.225 0.3063, 0.9832 1.2175 0.3101, 0.9913 1.2206 0.3112, 0.998 1.2188 0.313, 0.9817 1.2108 0.3134, 0.982 1.2142 0.3118, 0.9836 1.2114 0.3145, 0.9856 1.2172 0.3118, 1.0 1.2298 0.2942, 1.0 1.2298 0.2969, 0.9959 1.2293 0.2944, 0.9961 1.2295 0.2971, 0.9934 1.229 0.2946, 0.9919 1.2285 0.2976, 0.9803 1.2209 0.3015, 0.9819 1.2231 0.2976, 0.9837 1.2242 0.2998, 0.983 1.2239 0.2972, 0.9877 1.2268 0.2985, 0.9872 1.2267 0.2958, 0.9915 1.2283 0.2949, 0.9778 1.2169 0.3035, 0.9778 1.2184 0.3, 0.9795 1.2203 0.299, 0.9751 1.2116 0.3035, 0.9753 1.2129 0.3028, 0.9768 1.2162 0.3011, 0.9774 1.2091 0.31, 0.9778 1.2133 0.3079, 0.9793 1.2173 0.3059, 0.9817 1.221 0.304, 0.9849 1.2242 0.3024, 0.9885 1.2266 0.3012, 0.9924 1.2282 0.3003, 0.9963 1.2291 0.2999, 1.0 1.2293 0.2997, 1.0256 1.207 0.3058, 1.0242 1.2081 0.3079, 1.0249 1.2116 0.3035, 1.0238 1.2125 0.3057, 1.0247 1.2129 0.3028, 1.0222 1.2169 0.3035, 1.0232 1.2162 0.3011, 1.0162 1.2242 0.2998, 1.0181 1.2231 0.2976, 1.0196 1.2209 0.3015, 1.0205 1.2203 0.299, 1.0222 1.2184 0.3, 1.0123 1.2268 0.2985, 1.0128 1.2267 0.2958, 1.017 1.2239 0.2972, 1.0151 1.2242 0.3024, 1.0183 1.221 0.304, 1.0207 1.2173 0.3059, 1.0069 1.2274 0.3031, 1.0065 1.2269 0.3044, 1.0061 1.2263 0.3056, 1.0189 1.2175 0.3081, 1.0202 1.2138 0.31, 1.0202 1.2103 0.3123, 0.9798 1.2103 0.3123, 0.9798 1.2138 0.31, 0.9811 1.2175 0.3081, 0.9833 1.2209 0.3064, 0.9862 1.2238 0.3049, 0.9896 1.226 0.3038, 0.9931 1.2274 0.3031, 0.9966 1.2282 0.3026, 1.0 1.229 0.3011, 1.0037 1.2291 0.2999, 1.0039 1.2295 0.2971, 1.0041 1.2293 0.2944, 0.9935 1.2157 0.3146, 0.9927 1.2141 0.3155, 0.9906 1.216 0.3143, 0.9879 1.2121 0.3159, 0.9897 1.2122 0.3161, 0.9924 1.2123 0.3163, 1.0038 1.2182 0.3134, 1.0019 1.2188 0.313, 1.0 1.2191 0.3129, 1.0 1.2285 0.3025, 1.0455 0.8133 0.1994, 1.0455 1.0382 0.3454, 1.0337 1.0347 0.3509, 1.0337 0.8097 0.2048, 1.0209 1.0325 0.3542, 1.0209 0.8076 0.2082, 1.0075 1.0317 0.3553, 1.0075 0.8068 0.2093, 0.9662 1.2314 0.3537, 0.9727 1.2323 0.3555, 0.9749 1.2423 0.3507, 0.9791 1.2332 0.3572, 0.9825 1.2333 0.3575, 0.9839 1.2398 0.3545, 1.0209 1.2332 0.3572, 1.0273 1.2323 0.3555, 1.0251 1.2423 0.3507, 1.0075 1.2338 0.3584, 1.0175 1.2333 0.3575, 1.0073 1.2355 0.3576, 1.016 1.2398 0.3545, 1.0068 1.2365 0.3571, 1.0058 1.2482 0.3503, 1.0025 1.2401 0.3552, 1.0038 1.2396 0.3555, 1.0117 1.2451 0.3518, 1.0053 1.2385 0.356, 1.0065 1.2372 0.3567, 0.9962 1.2396 0.3555, 0.9941 1.2482 0.3503, 0.9947 1.2385 0.356, 0.9883 1.2451 0.3518, 0.9935 1.2372 0.3567, 0.9931 1.2365 0.3571, 0.9817 1.2506 0.3465, 0.9909 1.2555 0.344, 1.0 1.2569 0.3433, 1.0 1.2491 0.3498, 1.0091 1.2555 0.344, 1.0183 1.2506 0.3465, 0.9882 1.2676 0.328, 0.9877 1.2617 0.3366, 1.0 1.2636 0.3357, 0.985 1.2664 0.3286, 0.9772 1.2636 0.33, 0.9754 1.2552 0.34, 0.9697 1.2584 0.3326, 0.9678 1.2571 0.3333, 0.9557 1.2367 0.3437, 0.9639 1.2374 0.349, 0.956 1.2389 0.3426, 0.9663 1.244 0.3456, 0.9635 1.2521 0.3358, 0.9702 1.2501 0.3426, 0.9606 1.2487 0.3376, 0.9587 1.2447 0.3396, 1.044 1.2389 0.3426, 1.0413 1.2447 0.3396, 1.0337 1.244 0.3456, 1.0394 1.2487 0.3376, 1.0298 1.2501 0.3426, 1.0367 1.2306 0.3522, 1.0455 1.2284 0.3479, 1.0361 1.2374 0.349, 1.0443 1.2367 0.3437, 1.0227 1.2636 0.33, 1.0123 1.2617 0.3366, 1.0246 1.2552 0.34, 1.0365 1.2521 0.3358, 1.0322 1.2571 0.3333, 1.0302 1.2584 0.3326, 1.0337 1.2314 0.3537, 1.015 1.2664 0.3286, 1.0118 1.2676 0.328, 1.0 1.269 0.3273, 0.9924 1.2338 0.3584, 0.9927 1.2355 0.3576, 0.9975 1.2401 0.3552, 0.998 1.2403 0.3551, 1.0 1.2405 0.355, 1.0019 1.2403 0.3551, 0.9633 1.2306 0.3522, 0.9545 1.2284 0.3479, 0.9545 1.2151 0.3547, 0.9662 1.218 0.3605, 0.9791 1.2199 0.364, 0.9924 1.2205 0.3652, 1.0075 1.2205 0.3652, 1.0455 1.2151 0.3547, 1.0337 1.218 0.3605, 1.0209 1.2199 0.364, 1.0337 1.196 0.37, 1.0209 1.1973 0.3737, 1.0075 1.1978 0.375, 1.0337 1.1491 0.3799, 1.0455 1.1715 0.3701, 1.0337 1.1729 0.3765, 1.0455 1.1804 0.3676, 1.0455 1.1938 0.3639, 1.0337 1.1251 0.3802, 1.0455 1.1439 0.3735, 1.0455 1.1486 0.3735, 1.0337 1.0779 0.3715, 1.0455 1.1024 0.371, 1.0337 1.1012 0.3774, 1.0455 1.107 0.3716, 1.0455 1.1254 0.3738, 1.0075 1.174 0.3817, 1.0209 1.1737 0.3804, 1.0075 1.1495 0.3852, 1.0209 1.1494 0.3839, 1.0075 1.1248 0.3856, 1.0209 1.1249 0.3842, 1.0075 1.1002 0.3827, 1.0209 1.1005 0.3813, 1.0075 1.0763 0.3766, 1.0209 1.0767 0.3753, 1.0455 1.0584 0.3568, 1.0455 1.0713 0.3619, 1.0455 1.0799 0.3653, 1.0075 1.0533 0.3674, 1.0209 1.0539 0.3662, 1.0337 1.0556 0.3626, 0.9186 1.3078 0.2655, 0.9182 1.3071 0.2656, 0.9182 1.3242 0.2991, 0.9027 1.2714 0.273, 0.9016 1.2596 0.279, 0.9027 1.2928 0.3151, 0.9016 1.281 0.3211, 0.9041 1.2771 0.2701, 0.9083 1.3093 0.3067, 0.9085 1.2896 0.2682, 0.9099 1.2935 0.2676, 0.9319 1.3364 0.2929, 0.9485 1.3452 0.2884, 0.9487 1.3315 0.2619, 0.9427 1.3288 0.2623, 0.932 1.3212 0.2634, 0.9302 1.3199 0.2636, 0.9671 1.3502 0.2859, 0.9803 1.3512 0.2854, 0.9803 1.3387 0.2608, 0.9732 1.3384 0.2608, 0.9672 1.3372 0.261, 0.9575 1.3353 0.2613, 0.9016 1.2151 0.3547, 0.9016 1.1937 0.3126, 1.0256 1.1937 0.3126, 1.0984 1.1937 0.3126, 1.0256 1.1683 0.3223, 1.0984 1.1617 0.3239, 1.0256 1.1616 0.3234, 1.0256 1.1415 0.3266, 1.0984 1.1279 0.3266, 1.0256 1.1279 0.3259, 1.0256 1.1143 0.3252, 1.0984 1.0945 0.3204, 1.0256 1.0947 0.3199, 1.0256 1.0881 0.3181, 1.0984 1.0639 0.3058, 1.0256 1.0639 0.3058, 0.9744 1.1937 0.3126, 0.9744 1.1683 0.3223, 0.9016 1.1617 0.3239, 0.9744 1.1616 0.3234, 0.9744 1.1415 0.3266, 0.9016 1.1279 0.3266, 0.9744 1.1279 0.3259, 0.9744 1.1143 0.3252, 0.9016 1.0945 0.3204, 0.9744 1.0639 0.3058, 0.9016 1.0639 0.3058, 0.9744 1.0881 0.3181, 0.9744 1.0947 0.3199, 0.9016 0.9337 0.2776, 0.9016 1.0382 0.3454, 0.9016 0.9594 0.238, 0.9016 1.0712 0.3622, 0.9016 1.1805 0.368, 0.9016 1.1439 0.3738, 0.9016 1.107 0.3718, 1.0984 1.0382 0.3454, 1.0984 1.0712 0.3622, 1.0984 1.107 0.3718, 1.0984 1.1439 0.3738, 1.0984 1.1805 0.368, 1.0984 1.2151 0.3547, 0.9545 1.0713 0.3619, 0.9545 1.0584 0.3568, 0.9545 1.0382 0.3454, 0.9545 1.0799 0.3653, 0.9545 1.1024 0.371, 0.9545 1.1439 0.3735, 0.9545 1.1254 0.3738, 0.9545 1.107 0.3716, 0.9545 1.1486 0.3735, 0.9545 1.1715 0.3701, 0.9545 1.1938 0.3639, 0.9545 1.1804 0.3676, 1.0984 0.9337 0.2776, 1.0984 0.9594 0.238, 1.0984 1.2596 0.279, 1.0984 1.281 0.3211, 1.0973 1.2928 0.3151, 1.0917 1.3093 0.3067, 1.0818 1.3242 0.2991, 1.0681 1.3364 0.2929, 1.0514 1.3452 0.2884, 1.0329 1.3502 0.2859, 1.0197 1.3512 0.2854, 1.0197 1.3387 0.2608, 1.0959 1.2771 0.2701, 1.0774 1.3125 0.2647, 1.0816 1.3069 0.2656, 1.0328 1.3373 0.261, 1.0871 1.2993 0.2667, 1.0914 1.2896 0.2682, 1.0939 1.2841 0.269, 1.0515 1.3318 0.2618, 1.0511 1.332 0.2618, 1.036 1.337 0.2611, 1.0651 1.3237 0.2631, 1.0679 1.3211 0.2634, 1.0973 1.2714 0.273, 1.0075 1.199 0.3231, 1.0121 1.1988 0.3227, 1.0163 1.1981 0.3213, 1.0202 1.1969 0.3191, 1.0233 1.1954 0.3161, 0.9924 1.199 0.3231, 0.9879 1.1988 0.3227, 0.9836 1.1981 0.3213, 0.9798 1.1969 0.3191, 0.9767 1.1954 0.3161, 0.9767 1.1417 0.3305, 0.9879 1.1712 0.3332, 0.9836 1.1708 0.3317, 0.9924 1.0839 0.3292, 0.9924 1.0575 0.3157, 0.9879 1.0578 0.3153, 0.9924 1.091 0.3311, 0.9879 1.0841 0.3287, 0.9924 1.1714 0.3338, 0.9924 1.164 0.3349, 0.9879 1.1421 0.3379, 0.9924 1.1421 0.3384, 0.9924 1.1273 0.3376, 0.9924 1.1125 0.3368, 0.9798 1.1418 0.3338, 0.9836 1.142 0.3363, 0.9767 1.1137 0.3291, 0.9798 1.1132 0.3323, 0.9836 1.1128 0.3348, 0.9879 1.1126 0.3363, 0.9767 1.1693 0.3261, 0.9798 1.1702 0.3293, 0.9767 1.0867 0.3218, 0.9836 1.0846 0.3272, 0.9798 1.0855 0.3249, 0.9836 1.0586 0.314, 0.9798 1.06 0.3119, 0.9767 1.0618 0.3091, 0.9924 0.8326 0.1697, 0.9879 0.8329 0.1692, 0.9836 0.8337 0.1679, 0.9798 0.8351 0.1658, 0.9767 0.8369 0.1631, 0.9744 0.839 0.1598, 0.998 0.5111 0.107, 0.9962 0.5118 0.1071, 1.0065 0.5146 0.1076, 0.9935 0.5146 0.1076, 0.9931 0.5153 0.1077, 1.0075 0.5183 0.1082, 1.0073 0.5164 0.1079, 0.9947 0.513 0.1073, 1.0053 0.513 0.1073, 1.0038 0.5118 0.1071, 1.0019 0.5111 0.107, 0.995 0.5128 0.1073, 0.9924 0.7806 0.1497, 1.0075 0.7806 0.1497, 0.9924 0.5183 0.1082, 0.9927 0.5164 0.1079, 1.0 0.5108 0.107, 0.9869 0.5046 0.1019, 0.9862 0.5039 0.1008, 0.9833 0.5071 0.1013, 0.9896 0.5015 0.1004, 0.9928 0.499 0.099, 0.9924 0.4983 0.0978, 0.9885 0.5001 0.0981, 0.9934 0.4957 0.0926, 0.9915 0.4965 0.0928, 0.9919 0.4971 0.0953, 0.9767 0.5195 0.1004, 0.9774 0.5194 0.1011, 0.9778 0.5148 0.1005, 1.0233 0.5195 0.1004, 1.0242 0.5198 0.0988, 1.0238 0.5149 0.0981, 1.0256 0.5202 0.0965, 1.0119 0.5132 0.1066, 1.013 0.5184 0.1073, 1.0157 0.5186 0.1063, 1.0069 0.5108 0.1068, 1.0148 0.5081 0.1033, 1.0122 0.5053 0.1029, 1.0105 0.507 0.1046, 0.9931 0.5108 0.1068, 0.9956 0.5063 0.1055, 0.9913 0.5088 0.1059, 0.9852 0.5081 0.1033, 0.9832 0.5115 0.1038, 0.9856 0.5123 0.1054, 0.9817 0.5188 0.1049, 0.9836 0.5186 0.1061, 0.982 0.5151 0.1044, 0.9842 0.5186 0.1063, 0.9881 0.5132 0.1066, 0.9897 0.5184 0.1079, 0.9906 0.5142 0.1073, 0.9879 0.5184 0.1076, 0.987 0.5184 0.1073, 0.9895 0.507 0.1046, 0.9947 0.5039 0.1041, 0.9877 0.5053 0.1029, 1.0 0.5082 0.1064, 1.0043 0.5063 0.1055, 1.0 0.5055 0.1053, 1.0052 0.5039 0.1041, 1.0 0.503 0.1039, 1.0 0.5007 0.1021, 1.0061 0.5017 0.1023, 1.0093 0.5032 0.1025, 1.0167 0.5115 0.1038, 1.0087 0.5088 0.1059, 1.0182 0.5188 0.1049, 1.0179 0.5151 0.1044, 1.0163 0.5186 0.1061, 1.0144 0.5123 0.1054, 1.0 0.4949 0.0925, 1.0 0.4957 0.0951, 1.0041 0.4954 0.0926, 1.0039 0.4961 0.0952, 1.0066 0.4957 0.0926, 1.0081 0.4971 0.0953, 1.0196 0.5056 0.0967, 1.0181 0.5023 0.0937, 1.0162 0.5019 0.0961, 1.017 0.5015 0.0935, 1.0123 0.499 0.0956, 1.0128 0.4983 0.093, 1.0084 0.4965 0.0928, 1.0222 0.51 0.0974, 1.0222 0.5075 0.0945, 1.0205 0.5054 0.0942, 1.0249 0.515 0.0957, 1.0247 0.5136 0.0955, 1.0232 0.51 0.0949, 1.0226 0.5194 0.1011, 1.0222 0.5148 0.1005, 1.0207 0.5103 0.0997, 1.0183 0.5062 0.0991, 1.0151 0.5027 0.0985, 1.0114 0.5001 0.0981, 1.0075 0.4983 0.0978, 1.0037 0.4973 0.0977, 1.0 0.497 0.0976, 0.9744 0.5202 0.0965, 0.9758 0.5198 0.0988, 0.9751 0.515 0.0957, 0.9762 0.5149 0.0981, 0.9753 0.5136 0.0955, 0.9778 0.51 0.0974, 0.9768 0.51 0.0949, 0.9837 0.5019 0.0961, 0.9819 0.5023 0.0937, 0.9803 0.5056 0.0967, 0.9795 0.5054 0.0942, 0.9778 0.5075 0.0945, 0.9877 0.499 0.0956, 0.9872 0.4983 0.093, 0.983 0.5015 0.0935, 0.9849 0.5027 0.0985, 0.9817 0.5062 0.0991, 0.9793 0.5103 0.0997, 0.9931 0.4998 0.1002, 0.9935 0.5008 0.1013, 0.9939 0.5017 0.1023, 0.9811 0.5108 0.1019, 0.9798 0.5149 0.1026, 0.9798 0.519 0.1037, 1.0202 0.519 0.1037, 1.0202 0.5149 0.1026, 1.0189 0.5108 0.1019, 1.0167 0.5071 0.1013, 1.0138 0.5039 0.1008, 1.0104 0.5015 0.1004, 1.0069 0.4998 0.1002, 1.0033 0.499 0.1, 1.0 0.4978 0.0988, 0.9963 0.4973 0.0977, 0.9961 0.4961 0.0952, 0.9959 0.4954 0.0926, 1.0094 0.5142 0.1073, 1.0121 0.5184 0.1076, 1.0103 0.5184 0.1079, 1.0 0.4987 0.1, 0.9879 0.7807 0.1492, 0.9836 0.7809 0.1477, 0.9798 0.7813 0.1452, 0.9767 0.7818 0.1419, 0.9744 0.7825 0.138, 0.9924 0.8076 0.157, 0.9879 0.8078 0.1565, 0.9836 0.8084 0.155, 0.9798 0.8093 0.1527, 0.9767 0.8105 0.1496, 0.9744 0.8119 0.1459, 1.0075 0.8326 0.1697, 1.0075 0.8076 0.157, 1.0075 1.0575 0.3157, 1.0075 1.1714 0.3338, 1.0075 1.164 0.3349, 1.0075 1.1421 0.3384, 1.0075 1.1273 0.3376, 1.0075 1.1125 0.3368, 1.0075 1.091 0.3311, 1.0075 1.0839 0.3292, 1.0121 1.1421 0.3379, 1.0233 1.1693 0.3261, 1.0202 1.1702 0.3293, 1.0233 1.0618 0.3091, 1.0233 1.0867 0.3218, 1.0233 1.1417 0.3305, 1.0163 1.142 0.3363, 1.0202 1.1418 0.3338, 1.0121 1.1126 0.3363, 1.0163 1.1128 0.3348, 1.0202 1.1132 0.3323, 1.0233 1.1137 0.3291, 1.0121 1.1712 0.3332, 1.0163 1.1708 0.3317, 1.0121 1.0841 0.3287, 1.0202 1.0855 0.3249, 1.0163 1.0846 0.3272, 1.0202 1.06 0.3119, 1.0163 1.0586 0.314, 1.0121 1.0578 0.3153, 1.0121 0.8329 0.1692, 1.0163 0.8337 0.1679, 1.0202 0.8351 0.1658, 1.0233 0.8369 0.1631, 1.0256 0.839 0.1598, 1.0256 0.8119 0.1459, 1.0256 0.7825 0.138, 1.0233 0.7818 0.1419, 1.0233 0.8105 0.1496, 1.0202 0.8093 0.1527, 1.0163 0.8084 0.155, 1.0121 0.8078 0.1565, 1.0202 0.7813 0.1452, 1.0163 0.7809 0.1477, 1.0121 0.7807 0.1492, 1.1378 0.3509 0.0697, 1.1177 0.7825 0.138, 1.1378 0.5863 0.107, 0.8622 0.5863 0.107, 0.8823 0.7825 0.138, 0.8622 0.3509 0.0697, 1.1129 0.839 0.1598, 1.1153 0.8119 0.1459, 0.8871 0.839 0.1598, 0.8858 0.8251 0.1518, 0.8847 0.8117 0.1463, 0.884 0.8043 0.1433, 0.8871 0.8133 0.1994, 0.8847 0.7949 0.19, 0.8823 0.7751 0.1847, 0.8847 0.8117 0.1463, 0.8622 0.5789 0.1536, 0.8622 0.3435 0.1164, 1.0337 0.5117 0.1496, 1.0273 0.5114 0.1515, 1.0251 0.5004 0.1501, 1.0209 0.5111 0.1535, 1.0175 0.5111 0.1538, 1.016 0.504 0.153, 0.9791 0.5111 0.1535, 0.9727 0.5114 0.1515, 0.9749 0.5004 0.1501, 0.9924 0.5109 0.1548, 0.9825 0.5111 0.1538, 0.9927 0.509 0.1545, 0.9839 0.504 0.153, 0.9931 0.5079 0.1544, 0.9941 0.4947 0.1515, 0.9975 0.5039 0.1537, 0.9962 0.5045 0.1538, 0.9883 0.4981 0.152, 0.9947 0.5056 0.154, 0.9935 0.5072 0.1542, 1.0038 0.5045 0.1538, 1.0058 0.4947 0.1515, 1.0053 0.5056 0.154, 1.0117 0.4981 0.152, 1.0065 0.5072 0.1542, 1.0068 0.5079 0.1544, 1.0183 0.4912 0.1487, 1.0091 0.4858 0.1478, 1.0 0.4843 0.1476, 1.0 0.4937 0.1513, 0.9909 0.4858 0.1478, 0.9817 0.4912 0.1487, 1.0118 0.4693 0.1363, 1.0123 0.4776 0.1427, 1.0 0.4756 0.1424, 1.015 0.4707 0.1365, 1.0227 0.4738 0.137, 1.0246 0.4849 0.1439, 1.0302 0.4795 0.1379, 1.0322 0.481 0.1381, 1.0443 0.5036 0.1417, 1.0361 0.5045 0.147, 1.044 0.5011 0.1413, 1.0337 0.4972 0.1458, 1.0365 0.4865 0.139, 1.0298 0.4905 0.1448, 1.0394 0.4903 0.1396, 1.0413 0.4947 0.1403, 0.956 0.5011 0.1413, 0.9587 0.4947 0.1403, 0.9663 0.4972 0.1458, 0.9606 0.4903 0.1396, 0.9702 0.4905 0.1448, 0.9633 0.512 0.1479, 0.9545 0.5128 0.1432, 0.9639 0.5045 0.147, 0.9557 0.5036 0.1417, 0.9772 0.4738 0.137, 0.9877 0.4776 0.1427, 0.9754 0.4849 0.1439, 0.9635 0.4865 0.139, 0.9678 0.481 0.1381, 0.9697 0.4795 0.1379, 0.9662 0.5117 0.1496, 0.985 0.4707 0.1365, 0.9882 0.4693 0.1363, 1.0 0.4678 0.136, 1.0075 0.5109 0.1548, 1.0073 0.509 0.1545, 1.0025 0.5039 0.1537, 1.0019 0.5037 0.1537, 1.0 0.5035 0.1536, 0.998 0.5037 0.1537, 1.0367 0.512 0.1479, 1.0455 0.5128 0.1432, 1.0075 0.7732 0.1964, 0.9924 0.7732 0.1964, 0.9545 0.7751 0.1847, 0.9662 0.774 0.1911, 0.9791 0.7734 0.195, 1.1378 0.5789 0.1536, 1.1177 0.7751 0.1847, 1.0455 0.7751 0.1847, 1.1378 0.3435 0.1164, 1.0337 0.774 0.1911, 1.0209 0.7734 0.195, 1.0075 0.7907 0.2011, 1.0209 0.7912 0.1998, 1.0337 0.7926 0.1961, 1.0455 0.7949 0.19, 0.9924 0.7907 0.2011, 0.9924 0.8068 0.2093, 0.9924 1.0317 0.3553, 0.9924 1.0533 0.3674, 0.9924 1.0763 0.3766, 0.9924 1.1002 0.3827, 0.9924 1.1248 0.3856, 0.9924 1.1495 0.3852, 0.9924 1.174 0.3817, 0.9924 1.1978 0.375, 0.9791 1.1973 0.3737, 0.9662 1.196 0.37, 0.9662 1.1729 0.3765, 0.9662 1.1491 0.3799, 0.9662 1.1251 0.3802, 0.9662 1.1012 0.3774, 0.9662 1.0779 0.3715, 0.9662 1.0556 0.3626, 0.9662 1.0347 0.3509, 0.9791 1.1737 0.3804, 0.9791 1.1494 0.3839, 0.9791 1.1249 0.3842, 0.9791 1.1005 0.3813, 0.9791 1.0767 0.3753, 0.9791 1.0539 0.3662, 0.9791 1.0325 0.3542, 0.9545 0.8133 0.1994, 0.9662 0.8097 0.2048, 0.9791 0.8076 0.2082, 0.9545 0.7949 0.19, 0.9662 0.7926 0.1961, 0.9791 0.7912 0.1998, 1.1129 0.8133 0.1994, 1.1134 0.8096 0.1971, 1.1153 0.7949 0.1902, 1.1156 0.7929 0.1893, 1.1153 0.7949 0.1902, 1.1378 0.3158 0.0669, 1.1378 0.3158 0.1142, 0.8622 0.0323 0.0669, 0.8622 0.3158 0.0669, 0.8622 0.3158 0.1142, 0.8622 0.0323 0.1142, 0.8622 0.0048 0.0669, 0.8622 0.0048 0.1142, 0.8031 -0.0543 0.0669, 0.8031 -0.0543 0.1142, 0.8184 -0.0523 0.0669, 0.8184 -0.0523 0.1142, 0.8327 -0.0464 0.0669, 0.8327 -0.0464 0.1142, 0.8449 -0.037 0.0669, 0.8449 -0.037 0.1142, 0.8543 -0.0248 0.0669, 0.8543 -0.0248 0.1142, 0.8602 -0.0105 0.0669, 0.8602 -0.0105 0.1142, 0.7756 -0.0543 0.0669, 0.7756 -0.0543 0.1142, 0.7165 0.0048 0.0669, 0.7165 0.0048 0.1142, 0.7185 -0.0105 0.0669, 0.7185 -0.0105 0.1142, 0.7244 -0.0248 0.0669, 0.7244 -0.0248 0.1142, 0.7338 -0.037 0.0669, 0.7338 -0.037 0.1142, 0.7461 -0.0464 0.0669, 0.7461 -0.0464 0.1142, 0.7603 -0.0523 0.0669, 0.7603 -0.0523 0.1142, 0.7165 1.4922 0.0669, 0.7165 1.4922 0.1142, 0.7165 1.6662 0.1142, 0.7165 1.6662 0.0669, 0.7165 1.6835 0.0669, 0.7165 1.6835 0.1142, 0.7452 1.7342 0.0669, 0.7452 1.7342 0.1142, 0.7333 1.7247 0.0669, 0.7333 1.7247 0.1142, 0.7242 1.7126 0.0669, 0.7242 1.7126 0.1142, 0.7185 1.6986 0.0669, 0.7185 1.6986 0.1142, 0.8197 1.7789 0.0669, 0.8197 1.7789 0.1142, 0.8316 1.7883 0.0669, 0.8316 1.7883 0.1142, 0.8407 1.8004 0.0669, 0.8407 1.8004 0.1142, 0.8465 1.8145 0.0669, 0.8465 1.8145 0.1142, 0.8484 1.8295 0.0669, 0.8484 1.8295 0.1142, 0.8484 2.1504 0.1142, 0.8484 2.1504 0.0669, 0.8484 2.3236 0.1142, 0.6516 2.1504 0.1142, 0.6516 2.2161 0.1142, 0.6516 2.3236 0.1142, 0.6516 2.1213 0.1142, 0.6496 2.1062 0.1142, 0.6439 2.0922 0.1142, 0.6348 2.08 0.1142, 0.6229 2.0706 0.1142, 0.5877 2.0495 0.1142, 0.5758 2.0401 0.1142, 0.561 2.0139 0.1142, 0.5667 2.028 0.1142, 0.6516 2.1504 0.0669, 0.6516 2.1213 0.0669, 0.6229 2.0706 0.0669, 0.6348 2.08 0.0669, 0.6439 2.0922 0.0669, 0.6496 2.1062 0.0669, 0.5877 2.0495 0.0669, 0.5758 2.0401 0.0669, 0.5667 2.028 0.0669, 0.561 2.0139 0.0669, 0.6516 2.2161 0.0669, 0.6516 2.3443 0.1119, 0.6516 2.3639 0.1052, 0.6516 2.3816 0.0943, 0.6516 2.3965 0.0799, 0.8484 2.3443 0.1119, 0.8484 2.3639 0.1052, 0.8484 2.3816 0.0943, 0.8484 2.3965 0.0799, 0.8484 2.3729 0.0343, 0.8484 2.4093 0.0644, 0.6516 2.4093 0.0644, 0.6516 2.3729 0.0343, 0.6516 2.4457 0.0, 0.8484 2.4457 0.0, 0.8484 2.4251 0.0023, 0.6516 2.4251 0.0023, 0.8484 2.4054 0.009, 0.6516 2.4054 0.009, 0.8484 2.3877 0.0199, 0.6516 2.3877 0.0199, 0.8484 2.6622 0.0, 0.6516 2.6622 0.0, 0.6516 2.6622 0.0472, 0.8484 2.6622 0.0472, 0.8484 2.4457 0.0472, 0.8484 2.4167 0.0572, 0.8484 2.4256 0.0517, 0.8484 2.4354 0.0484, 0.6516 2.4167 0.0572, 0.6516 2.4256 0.0517, 0.6516 2.4354 0.0484, 0.6516 2.4457 0.0472, -2.4016 -2.4165 0.0, -2.441 -2.4165 0.0, -2.441 -2.2984 0.0, -2.126 -2.7708 0.0, -2.3598 -2.6354 0.0, -2.3504 -2.6232 0.0, -2.126 -2.2984 0.0, -2.3445 -2.4603 0.0, -2.3504 -2.446 0.0, -2.441 -2.6527 0.0, -2.4016 -2.6527 0.0, -2.441 -2.7708 0.0, -2.3863 -2.6507 0.0, -2.3721 -2.6448 0.0, -2.3445 -2.609 0.0, -2.3425 -2.5937 0.0, -2.3425 -2.4756 0.0, -2.3598 -2.4338 0.0, -2.3721 -2.4244 0.0, -2.3863 -2.4185 0.0, -2.441 -2.7708 0.0472, -2.126 -2.7708 0.0472, -2.441 -2.6527 0.0472, -2.4016 -2.6527 0.0472, -2.3863 -2.6507 0.0472, -2.3721 -2.6448 0.0472, -2.3598 -2.6354 0.0472, -2.3504 -2.6232 0.0472, -2.3445 -2.609 0.0472, -2.3425 -2.5937 0.0472, -2.3425 -2.4756 0.0472, -2.3445 -2.4603 0.0472, -2.3504 -2.446 0.0472, -2.3598 -2.4338 0.0472, -2.3721 -2.4244 0.0472, -2.3863 -2.4185 0.0472, -2.4016 -2.4165 0.0472, -2.441 -2.4165 0.0472, -2.441 -2.2984 0.0472, -2.126 -2.2984 0.0472, -2.1063 -2.2984 0.0472, -2.1063 -2.2984 0.0, -2.1063 -2.7708 0.0, -1.904 -2.7881 0.0669, -1.8795 -2.8126 0.0669, -1.904 -2.7881 0.1142, -1.8795 -2.8126 0.1142, -1.9457 -2.7708 0.1142, -1.9457 -2.7708 0.0669, -1.9342 -2.772 0.1142, -1.9342 -2.772 0.0669, -1.9231 -2.7753 0.1142, -1.9231 -2.7753 0.0669, -1.9129 -2.7808 0.1142, -1.9129 -2.7808 0.0669, -1.9961 -2.7708 0.0669, -1.9961 -2.7708 0.1142, -1.9961 -2.2984 0.1142, -1.6654 -2.2984 0.1142, -1.9961 -2.2984 0.0669, -1.6654 -2.2984 0.0669, -1.6501 -2.3004 0.1142, -1.6501 -2.3004 0.0669, -1.6358 -2.3063 0.1142, -1.6358 -2.3063 0.0669, -1.6236 -2.3157 0.1142, -1.6236 -2.3157 0.0669, -1.6142 -2.3279 0.1142, -1.6142 -2.3279 0.0669, -1.6083 -2.3422 0.1142, -1.6083 -2.3422 0.0669, -1.6063 -2.3575 0.1142, -1.6063 -2.3575 0.0669, -1.6063 -2.6134 0.0669, -1.6063 -2.6134 0.1142, -1.5473 -2.6724 0.1142, -1.5473 -2.6724 0.0669, -1.5604 -2.6709 0.1142, -1.5604 -2.6709 0.0669, -1.5729 -2.6666 0.1142, -1.5729 -2.6666 0.0669, -1.5841 -2.6595 0.1142, -1.5841 -2.6595 0.0669, -1.5934 -2.6502 0.1142, -1.5934 -2.6502 0.0669, -1.6005 -2.639 0.1142, -1.6005 -2.639 0.0669, -1.6048 -2.6265 0.1142, -1.6048 -2.6265 0.0669, -1.4685 -2.6724 0.0669, -1.4685 -2.6724 0.1142, -1.4583 -2.6711 0.0669, -1.4583 -2.6711 0.1142, -1.4488 -2.6671 0.0669, -1.4488 -2.6671 0.1142, -1.4407 -2.6609 0.0669, -1.4407 -2.6609 0.1142, -1.4344 -2.6527 0.0669, -1.4344 -2.6527 0.1142, -1.4305 -2.6432 0.0669, -1.4305 -2.6432 0.1142, -1.4291 -2.633 0.0669, -1.4291 -2.633 0.1142, -1.4291 -2.6216 0.0669, -1.4291 -2.6216 0.1142, -1.1536 -2.7708 0.1142, -1.1536 -2.7708 0.0669, -1.1536 -2.6216 0.1142, -1.1536 -2.6216 0.0669, -1.1556 -2.7861 0.1142, -1.1556 -2.7861 0.0669, -1.1615 -2.8004 0.1142, -1.1615 -2.8004 0.0669, -1.1709 -2.8126 0.1142, -1.1709 -2.8126 0.0669, -1.1831 -2.822 0.1142, -1.1831 -2.822 0.0669, -1.1973 -2.8279 0.1142, -1.1973 -2.8279 0.0669, -1.2126 -2.8299 0.1142, -1.2126 -2.8299 0.0669, -1.8378 -2.8299 0.1142, -1.8378 -2.8299 0.0669, -1.8673 -2.822 0.0669, -1.853 -2.8279 0.0669, -1.8673 -2.822 0.1142, -1.853 -2.8279 0.1142, -2.018 -2.2984 0.1113, -2.018 -2.7708 0.1113, -2.0384 -2.2984 0.1028, -2.0384 -2.7708 0.1028, -2.0559 -2.2984 0.0894, -2.0559 -2.7708 0.0894, -2.0694 -2.2984 0.0719, -2.0694 -2.7708 0.0719, -2.0058 -2.7708 0.0657, -2.0148 -2.7708 0.0619, -2.0225 -2.7708 0.056, -2.0285 -2.7708 0.0482, -2.0285 -2.2984 0.0482, -2.0225 -2.2984 0.056, -2.0148 -2.2984 0.0619, -2.0058 -2.2984 0.0657, -2.0722 -2.2984 0.0669, -2.0313 -2.2984 0.0433, -2.0722 -2.7708 0.0669, -2.0313 -2.7708 0.0433, -2.0883 -2.2984 0.0019, -2.0883 -2.7708 0.0019, -2.0711 -2.2984 0.0075, -2.0711 -2.7708 0.0075, -2.0554 -2.2984 0.0165, -2.0554 -2.7708 0.0165, -2.0419 -2.2984 0.0287, -2.0419 -2.7708 0.0287, -2.0771 -2.2984 0.0603, -2.0832 -2.2984 0.0548, -2.0903 -2.2984 0.0506, -2.0981 -2.2984 0.0481, -2.0771 -2.7708 0.0603, -2.0832 -2.7708 0.0548, -2.0903 -2.7708 0.0506, -2.0981 -2.7708 0.0481, -2.1063 -2.7708 0.0472
            ]
        }
        coordIndex [
            0,1,2,-1,2,1,3,-1,2,3,4,-1,4,3,5,-1,4,5,6,-1,6,5,7,-1,6,7,8,-1,8,7,9,-1,10,11,12,-1,12,11,13,-1,14,15,16,-1,14,16,17,-1,17,16,18,-1,17,18,19,-1,19,18,20,-1,19,20,21,-1,21,20,22,-1,21,22,23,-1,23,22,24,-1,23,24,25,-1,25,24,10,-1,25,10,12,-1,26,15,27,-1,27,15,14,-1,26,27,28,-1,28,27,29,-1,28,29,30,-1,30,29,31,-1,30,31,32,-1,32,31,33,-1,32,33,34,-1,34,33,35,-1,34,35,36,-1,36,35,37,-1,36,37,38,-1,38,37,39,-1,40,38,41,-1,41,38,39,-1,42,43,41,-1,41,43,40,-1,42,44,43,-1,43,44,45,-1,45,44,46,-1,46,44,47,-1,46,47,48,-1,48,47,49,-1,48,49,50,-1,50,49,51,-1,50,51,52,-1,52,51,53,-1,52,53,54,-1,54,53,55,-1,54,55,56,-1,56,55,57,-1,56,57,58,-1,58,57,59,-1,60,58,61,-1,61,58,59,-1,62,63,64,-1,62,64,65,-1,65,64,66,-1,65,66,67,-1,67,66,68,-1,67,68,69,-1,69,68,70,-1,69,70,71,-1,71,70,72,-1,71,72,73,-1,73,72,60,-1,73,60,61,-1,74,75,62,-1,62,75,63,-1,76,77,78,-1,76,78,79,-1,79,78,80,-1,79,80,81,-1,81,80,82,-1,81,82,83,-1,83,82,75,-1,83,75,74,-1,84,77,85,-1,85,77,76,-1,84,85,86,-1,86,85,87,-1,86,87,88,-1,88,87,89,-1,88,89,90,-1,90,89,91,-1,90,91,92,-1,92,91,93,-1,94,92,95,-1,95,92,93,-1,96,97,98,-1,96,98,99,-1,99,98,100,-1,99,100,101,-1,101,100,102,-1,101,102,103,-1,103,102,94,-1,103,94,95,-1,104,97,105,-1,105,97,96,-1,104,105,106,-1,106,105,107,-1,106,107,108,-1,108,107,109,-1,108,109,110,-1,110,109,111,-1,110,111,112,-1,112,111,113,-1,114,112,115,-1,115,112,113,-1,116,117,118,-1,118,117,119,-1,120,121,122,-1,120,122,123,-1,123,122,124,-1,123,124,125,-1,125,124,126,-1,125,126,127,-1,127,126,119,-1,127,119,117,-1,128,121,129,-1,129,121,120,-1,128,129,130,-1,130,129,131,-1,130,131,132,-1,132,131,133,-1,132,133,134,-1,134,133,135,-1,134,135,136,-1,136,135,137,-1,137,138,136,-1,136,138,139,-1,140,141,142,-1,140,142,143,-1,143,142,144,-1,143,144,145,-1,145,144,146,-1,145,146,147,-1,147,146,139,-1,147,139,138,-1,148,141,149,-1,149,141,140,-1,148,149,150,-1,150,149,151,-1,150,151,152,-1,152,151,153,-1,152,153,154,-1,154,153,155,-1,154,155,156,-1,156,155,157,-1,157,158,156,-1,156,158,159,-1,159,158,160,-1,160,158,161,-1,160,161,162,-1,162,161,163,-1,162,163,164,-1,164,163,165,-1,164,165,166,-1,166,165,167,-1,166,167,168,-1,168,167,169,-1,168,169,170,-1,170,169,171,-1,171,172,170,-1,170,172,173,-1,173,172,174,-1,174,172,175,-1,174,175,176,-1,176,175,177,-1,176,177,178,-1,178,177,179,-1,178,179,180,-1,180,179,181,-1,180,181,182,-1,182,181,183,-1,182,183,184,-1,184,183,185,-1,186,184,187,-1,187,184,185,-1,188,189,190,-1,190,189,191,-1,192,193,194,-1,194,193,195,-1,196,197,198,-1,199,200,194,-1,195,201,194,-1,194,201,202,-1,194,202,203,-1,198,204,196,-1,196,204,205,-1,196,205,194,-1,194,205,206,-1,194,206,199,-1,200,207,194,-1,194,207,208,-1,194,208,192,-1,194,203,209,-1,209,203,210,-1,209,210,211,-1,211,210,212,-1,211,212,213,-1,213,212,214,-1,213,214,215,-1,215,214,216,-1,215,216,217,-1,217,216,218,-1,217,218,219,-1,219,218,220,-1,219,220,221,-1,221,220,222,-1,221,222,223,-1,223,222,224,-1,224,225,223,-1,223,225,226,-1,226,225,227,-1,226,227,228,-1,228,227,229,-1,228,229,230,-1,231,230,229,-1,232,233,234,-1,229,235,231,-1,231,235,236,-1,231,236,237,-1,238,239,240,-1,237,241,231,-1,231,241,232,-1,231,232,242,-1,242,232,234,-1,240,243,238,-1,238,243,244,-1,238,244,232,-1,232,244,245,-1,232,245,233,-1,246,247,248,-1,236,235,249,-1,250,251,252,-1,253,254,255,-1,256,257,258,-1,248,247,259,-1,260,261,262,-1,263,264,260,-1,262,261,265,-1,266,231,242,-1,267,268,261,-1,261,268,266,-1,261,266,265,-1,265,266,242,-1,265,242,234,-1,269,270,271,-1,272,273,274,-1,275,276,277,-1,249,278,279,-1,238,276,239,-1,239,276,275,-1,239,275,240,-1,240,275,243,-1,280,281,282,-1,282,281,283,-1,284,285,286,-1,286,285,287,-1,286,287,288,-1,288,287,289,-1,288,289,283,-1,283,289,290,-1,283,290,282,-1,291,292,293,-1,293,292,294,-1,293,294,295,-1,295,294,296,-1,295,296,297,-1,297,296,298,-1,297,298,299,-1,299,298,300,-1,299,300,301,-1,258,257,302,-1,302,257,303,-1,302,303,284,-1,284,303,304,-1,284,304,285,-1,281,291,283,-1,283,291,293,-1,283,293,288,-1,288,293,295,-1,288,295,286,-1,286,295,297,-1,286,297,284,-1,284,297,299,-1,284,299,302,-1,302,299,301,-1,302,301,258,-1,273,305,274,-1,274,305,306,-1,274,306,307,-1,307,306,308,-1,307,308,309,-1,309,308,310,-1,309,311,307,-1,307,311,312,-1,307,312,274,-1,274,312,313,-1,274,313,272,-1,272,313,279,-1,272,279,314,-1,314,279,278,-1,315,316,250,-1,317,318,319,-1,318,317,280,-1,320,321,322,-1,322,321,323,-1,322,323,324,-1,324,323,255,-1,324,255,325,-1,325,255,254,-1,325,254,326,-1,264,263,327,-1,327,263,328,-1,327,328,329,-1,329,328,330,-1,329,330,331,-1,331,330,252,-1,331,252,332,-1,332,252,251,-1,332,251,333,-1,267,261,334,-1,334,261,260,-1,334,260,335,-1,335,260,264,-1,335,264,336,-1,336,264,327,-1,336,327,320,-1,320,327,329,-1,320,329,321,-1,321,329,331,-1,321,331,323,-1,323,331,332,-1,323,332,255,-1,255,332,333,-1,255,333,253,-1,337,338,339,-1,339,338,340,-1,339,340,341,-1,341,340,342,-1,341,342,343,-1,277,344,275,-1,275,344,345,-1,275,345,346,-1,346,345,347,-1,346,347,348,-1,348,347,349,-1,348,349,350,-1,350,349,337,-1,350,337,351,-1,351,337,339,-1,351,339,352,-1,352,339,341,-1,352,341,315,-1,315,341,343,-1,315,343,316,-1,277,270,344,-1,344,270,269,-1,344,269,345,-1,345,269,259,-1,345,259,347,-1,347,259,247,-1,347,247,349,-1,349,247,246,-1,349,246,337,-1,337,246,353,-1,337,353,338,-1,280,317,281,-1,281,317,354,-1,281,354,291,-1,291,354,355,-1,291,355,292,-1,292,355,356,-1,292,356,294,-1,294,356,357,-1,294,357,296,-1,296,357,358,-1,296,358,298,-1,298,358,359,-1,298,359,300,-1,238,232,276,-1,276,232,241,-1,276,241,237,-1,311,271,312,-1,312,271,270,-1,312,270,313,-1,313,270,277,-1,313,277,279,-1,279,277,276,-1,279,276,249,-1,249,276,237,-1,249,237,236,-1,234,233,265,-1,265,233,245,-1,265,245,244,-1,250,252,315,-1,315,252,330,-1,315,330,352,-1,352,330,328,-1,352,328,351,-1,351,328,263,-1,351,263,350,-1,350,263,260,-1,350,260,348,-1,348,260,262,-1,348,262,346,-1,346,262,265,-1,346,265,275,-1,275,265,244,-1,275,244,243,-1,273,360,305,-1,305,360,361,-1,305,361,306,-1,306,361,362,-1,306,362,308,-1,308,362,363,-1,308,363,310,-1,310,363,364,-1,310,364,365,-1,365,256,310,-1,310,256,258,-1,310,258,309,-1,309,258,301,-1,309,301,311,-1,311,301,300,-1,311,300,271,-1,271,300,359,-1,271,359,269,-1,269,359,358,-1,269,358,259,-1,259,358,357,-1,259,357,248,-1,248,357,356,-1,248,356,246,-1,246,356,355,-1,246,355,353,-1,353,355,354,-1,353,354,338,-1,338,354,317,-1,338,317,340,-1,340,317,319,-1,340,319,342,-1,230,231,266,-1,230,266,366,-1,366,266,268,-1,366,268,367,-1,268,267,367,-1,367,267,334,-1,367,334,368,-1,368,334,335,-1,368,335,336,-1,336,320,368,-1,368,320,322,-1,368,322,369,-1,326,370,325,-1,325,370,369,-1,325,369,324,-1,324,369,322,-1,228,230,366,-1,226,228,371,-1,226,371,372,-1,372,371,373,-1,372,373,374,-1,374,373,375,-1,374,375,376,-1,376,375,377,-1,376,377,378,-1,378,377,379,-1,378,379,380,-1,228,366,371,-1,371,366,367,-1,371,367,373,-1,373,367,368,-1,373,368,375,-1,375,368,369,-1,375,369,377,-1,377,369,370,-1,377,370,379,-1,223,226,381,-1,381,226,372,-1,381,372,382,-1,382,372,374,-1,382,374,383,-1,383,374,376,-1,383,376,384,-1,384,376,378,-1,384,378,385,-1,385,378,380,-1,386,387,388,-1,389,390,391,-1,221,223,381,-1,219,221,392,-1,389,194,390,-1,390,194,209,-1,390,209,211,-1,393,213,215,-1,219,392,217,-1,394,391,395,-1,395,391,390,-1,395,390,393,-1,393,390,211,-1,393,211,213,-1,396,394,397,-1,397,394,395,-1,397,395,398,-1,398,395,393,-1,398,393,399,-1,399,393,215,-1,399,215,217,-1,388,400,401,-1,402,401,403,-1,403,401,400,-1,403,400,404,-1,404,400,405,-1,404,405,406,-1,388,387,400,-1,400,387,407,-1,400,407,405,-1,408,386,396,-1,396,386,388,-1,396,388,394,-1,394,388,401,-1,394,401,391,-1,391,401,402,-1,391,402,389,-1,409,410,411,-1,217,392,399,-1,399,392,412,-1,399,412,398,-1,398,412,413,-1,398,413,397,-1,397,413,409,-1,397,409,396,-1,396,409,411,-1,396,411,408,-1,221,381,392,-1,392,381,382,-1,392,382,412,-1,412,382,383,-1,412,383,413,-1,413,383,384,-1,413,384,409,-1,409,384,385,-1,409,385,410,-1,196,194,414,-1,414,194,389,-1,415,416,402,-1,402,416,417,-1,402,417,389,-1,389,417,418,-1,389,418,414,-1,415,402,419,-1,419,402,403,-1,419,403,420,-1,420,403,421,-1,421,403,404,-1,421,404,422,-1,422,404,406,-1,422,406,423,-1,424,425,426,-1,197,196,414,-1,427,428,429,-1,430,431,432,-1,433,434,435,-1,426,425,436,-1,437,438,439,-1,440,441,437,-1,439,438,442,-1,443,202,201,-1,444,445,438,-1,438,445,443,-1,438,443,442,-1,442,443,201,-1,442,201,195,-1,446,447,448,-1,416,415,449,-1,450,451,452,-1,414,418,453,-1,206,451,199,-1,199,451,450,-1,199,450,200,-1,200,450,207,-1,454,455,456,-1,456,455,457,-1,458,459,460,-1,460,459,461,-1,460,461,462,-1,462,461,463,-1,462,463,457,-1,457,463,464,-1,457,464,456,-1,465,466,467,-1,467,466,468,-1,467,468,469,-1,469,468,470,-1,469,470,471,-1,471,470,472,-1,471,472,473,-1,473,472,474,-1,473,474,475,-1,435,434,476,-1,476,434,477,-1,476,477,458,-1,458,477,478,-1,458,478,459,-1,455,465,457,-1,457,465,467,-1,457,467,462,-1,462,467,469,-1,462,469,460,-1,460,469,471,-1,460,471,458,-1,458,471,473,-1,458,473,476,-1,476,473,475,-1,476,475,435,-1,415,479,449,-1,449,479,480,-1,449,480,481,-1,481,480,482,-1,481,482,483,-1,483,482,484,-1,483,485,481,-1,481,485,486,-1,481,486,449,-1,449,486,487,-1,449,487,416,-1,416,487,453,-1,416,453,417,-1,417,453,418,-1,488,489,427,-1,490,491,492,-1,491,490,454,-1,493,494,495,-1,495,494,496,-1,495,496,497,-1,497,496,432,-1,497,432,498,-1,498,432,431,-1,498,431,499,-1,441,440,500,-1,500,440,501,-1,500,501,502,-1,502,501,503,-1,502,503,504,-1,504,503,429,-1,504,429,505,-1,505,429,428,-1,505,428,506,-1,444,438,507,-1,507,438,437,-1,507,437,508,-1,508,437,441,-1,508,441,509,-1,509,441,500,-1,509,500,493,-1,493,500,502,-1,493,502,494,-1,494,502,504,-1,494,504,496,-1,496,504,505,-1,496,505,432,-1,432,505,506,-1,432,506,430,-1,510,511,512,-1,512,511,513,-1,512,513,514,-1,514,513,515,-1,514,515,516,-1,452,517,450,-1,450,517,518,-1,450,518,519,-1,519,518,520,-1,519,520,521,-1,521,520,522,-1,521,522,523,-1,523,522,510,-1,523,510,524,-1,524,510,512,-1,524,512,525,-1,525,512,514,-1,525,514,488,-1,488,514,516,-1,488,516,489,-1,452,447,517,-1,517,447,446,-1,517,446,518,-1,518,446,436,-1,518,436,520,-1,520,436,425,-1,520,425,522,-1,522,425,424,-1,522,424,510,-1,510,424,526,-1,510,526,511,-1,454,490,455,-1,455,490,527,-1,455,527,465,-1,465,527,528,-1,465,528,466,-1,466,528,529,-1,466,529,468,-1,468,529,530,-1,468,530,470,-1,470,530,531,-1,470,531,472,-1,472,531,532,-1,472,532,474,-1,206,205,451,-1,451,205,204,-1,451,204,198,-1,485,448,486,-1,486,448,447,-1,486,447,487,-1,487,447,452,-1,487,452,453,-1,453,452,451,-1,453,451,414,-1,414,451,198,-1,414,198,197,-1,195,193,442,-1,442,193,192,-1,442,192,208,-1,427,429,488,-1,488,429,503,-1,488,503,525,-1,525,503,501,-1,525,501,524,-1,524,501,440,-1,524,440,523,-1,523,440,437,-1,523,437,521,-1,521,437,439,-1,521,439,519,-1,519,439,442,-1,519,442,450,-1,450,442,208,-1,450,208,207,-1,415,419,479,-1,479,419,420,-1,479,420,480,-1,480,420,421,-1,480,421,482,-1,482,421,422,-1,482,422,484,-1,484,422,423,-1,484,423,533,-1,533,433,484,-1,484,433,435,-1,484,435,483,-1,483,435,475,-1,483,475,485,-1,485,475,474,-1,485,474,448,-1,448,474,532,-1,448,532,446,-1,446,532,531,-1,446,531,436,-1,436,531,530,-1,436,530,426,-1,426,530,529,-1,426,529,424,-1,424,529,528,-1,424,528,526,-1,526,528,527,-1,526,527,511,-1,511,527,490,-1,511,490,513,-1,513,490,492,-1,513,492,515,-1,202,443,203,-1,203,443,534,-1,443,445,534,-1,534,445,444,-1,534,444,535,-1,535,444,507,-1,535,507,536,-1,536,507,508,-1,536,508,509,-1,509,493,536,-1,536,493,495,-1,536,495,537,-1,499,538,498,-1,498,538,537,-1,498,537,497,-1,497,537,495,-1,216,214,539,-1,537,540,541,-1,542,543,544,-1,545,542,546,-1,537,538,540,-1,540,538,547,-1,540,547,548,-1,549,550,551,-1,545,546,552,-1,553,541,554,-1,554,541,540,-1,554,540,549,-1,549,540,548,-1,549,548,550,-1,555,553,556,-1,556,553,554,-1,556,554,557,-1,557,554,549,-1,557,549,558,-1,558,549,551,-1,558,551,552,-1,539,559,560,-1,536,560,535,-1,535,560,559,-1,535,559,534,-1,534,559,210,-1,534,210,203,-1,539,214,559,-1,559,214,212,-1,559,212,210,-1,218,216,555,-1,555,216,539,-1,555,539,553,-1,553,539,560,-1,553,560,541,-1,541,560,536,-1,541,536,537,-1,561,222,220,-1,552,546,558,-1,558,546,562,-1,558,562,557,-1,557,562,563,-1,557,563,556,-1,556,563,561,-1,556,561,555,-1,555,561,220,-1,555,220,218,-1,542,544,546,-1,546,544,564,-1,546,564,562,-1,562,564,565,-1,562,565,563,-1,563,565,566,-1,563,566,561,-1,561,566,224,-1,561,224,222,-1,225,224,567,-1,567,224,566,-1,567,566,568,-1,568,566,565,-1,568,565,569,-1,569,565,564,-1,569,564,570,-1,570,564,544,-1,570,544,571,-1,571,544,543,-1,572,573,574,-1,571,572,575,-1,571,575,570,-1,570,575,576,-1,570,576,569,-1,569,576,577,-1,569,577,568,-1,568,577,578,-1,568,578,567,-1,567,578,227,-1,567,227,225,-1,572,574,575,-1,575,574,579,-1,575,579,576,-1,576,579,580,-1,576,580,577,-1,577,580,581,-1,577,581,578,-1,578,581,229,-1,578,229,227,-1,235,229,249,-1,249,229,581,-1,272,314,581,-1,581,314,278,-1,581,278,249,-1,272,581,273,-1,273,581,580,-1,273,580,360,-1,360,580,579,-1,360,579,361,-1,361,579,362,-1,362,579,574,-1,362,574,363,-1,363,574,573,-1,363,573,364,-1,582,583,370,-1,573,584,364,-1,364,584,585,-1,370,326,582,-1,582,326,254,-1,582,254,586,-1,586,254,253,-1,586,253,333,-1,303,257,587,-1,587,257,256,-1,587,256,585,-1,585,256,365,-1,585,365,364,-1,333,251,586,-1,586,251,250,-1,586,250,316,-1,316,343,586,-1,586,343,342,-1,586,342,319,-1,287,587,289,-1,289,587,290,-1,287,285,587,-1,587,285,304,-1,587,304,303,-1,319,318,586,-1,586,318,280,-1,586,280,587,-1,587,280,282,-1,587,282,290,-1,588,589,586,-1,586,589,582,-1,590,591,592,-1,593,594,595,-1,596,597,598,-1,596,598,595,-1,595,598,599,-1,595,599,593,-1,595,590,596,-1,596,590,592,-1,596,592,597,-1,597,592,600,-1,597,600,601,-1,601,600,602,-1,601,602,603,-1,603,602,604,-1,603,604,605,-1,605,604,606,-1,607,608,609,-1,609,608,610,-1,611,605,607,-1,607,605,606,-1,607,606,608,-1,612,613,614,-1,612,615,613,-1,613,615,616,-1,613,616,617,-1,616,618,617,-1,617,618,619,-1,617,619,620,-1,621,622,623,-1,623,622,620,-1,623,620,624,-1,624,620,619,-1,625,626,627,-1,627,626,628,-1,627,628,629,-1,630,631,632,-1,626,633,628,-1,628,633,634,-1,628,634,632,-1,632,634,635,-1,632,635,630,-1,630,636,631,-1,631,636,637,-1,631,637,614,-1,614,637,638,-1,614,638,612,-1,639,640,610,-1,610,640,641,-1,610,641,609,-1,609,641,642,-1,609,642,643,-1,643,644,609,-1,609,644,645,-1,609,645,607,-1,607,645,646,-1,607,646,611,-1,611,647,605,-1,605,647,648,-1,605,648,603,-1,603,648,649,-1,603,649,601,-1,649,650,601,-1,601,650,651,-1,601,651,597,-1,597,651,652,-1,597,652,598,-1,622,639,620,-1,620,639,610,-1,620,610,617,-1,617,610,608,-1,617,608,613,-1,613,608,606,-1,613,606,614,-1,614,606,604,-1,614,604,631,-1,631,604,602,-1,631,602,632,-1,632,602,600,-1,632,600,628,-1,628,600,592,-1,628,592,629,-1,629,592,591,-1,621,653,622,-1,622,653,654,-1,622,654,639,-1,639,654,640,-1,640,654,655,-1,640,655,641,-1,641,655,642,-1,642,655,656,-1,642,656,643,-1,657,658,659,-1,659,658,660,-1,659,660,661,-1,661,660,662,-1,661,662,663,-1,663,662,664,-1,658,656,660,-1,660,656,655,-1,660,655,662,-1,662,655,654,-1,662,654,664,-1,664,654,653,-1,663,665,666,-1,663,666,661,-1,661,666,667,-1,661,667,659,-1,659,667,668,-1,659,668,657,-1,669,670,671,-1,670,672,673,-1,672,674,675,-1,672,675,673,-1,673,675,676,-1,673,676,677,-1,676,678,677,-1,677,678,679,-1,677,679,680,-1,680,679,681,-1,680,681,682,-1,682,681,683,-1,683,684,682,-1,682,684,668,-1,682,668,667,-1,670,673,671,-1,671,673,677,-1,671,677,685,-1,685,677,680,-1,685,680,686,-1,686,680,682,-1,686,682,687,-1,687,682,667,-1,687,667,666,-1,669,671,688,-1,688,671,685,-1,688,685,689,-1,689,685,686,-1,689,686,690,-1,690,686,687,-1,690,687,691,-1,691,687,666,-1,691,666,665,-1,669,692,693,-1,669,693,670,-1,670,693,694,-1,670,694,672,-1,695,674,696,-1,696,674,672,-1,696,672,697,-1,697,672,694,-1,693,692,698,-1,697,694,699,-1,700,701,702,-1,695,696,703,-1,703,696,704,-1,703,704,705,-1,705,704,706,-1,705,706,707,-1,707,706,708,-1,707,708,709,-1,709,708,710,-1,709,710,711,-1,711,710,712,-1,711,712,713,-1,713,712,714,-1,713,714,715,-1,715,714,716,-1,715,716,717,-1,717,716,718,-1,717,718,719,-1,719,718,720,-1,719,720,721,-1,721,720,722,-1,721,722,723,-1,723,722,702,-1,723,702,724,-1,724,702,701,-1,725,726,727,-1,727,726,700,-1,700,702,727,-1,727,702,722,-1,727,722,728,-1,728,722,720,-1,728,720,729,-1,729,720,718,-1,729,718,730,-1,730,718,716,-1,730,716,731,-1,731,716,714,-1,731,714,732,-1,732,714,712,-1,732,712,733,-1,733,712,710,-1,733,710,734,-1,734,710,708,-1,734,708,735,-1,735,708,706,-1,735,706,736,-1,736,706,704,-1,736,704,699,-1,699,704,696,-1,699,696,697,-1,694,693,699,-1,699,693,698,-1,699,698,736,-1,736,698,737,-1,736,737,735,-1,735,737,738,-1,735,738,734,-1,734,738,739,-1,734,739,733,-1,733,739,740,-1,733,740,732,-1,732,740,741,-1,732,741,731,-1,731,741,742,-1,731,742,730,-1,730,742,743,-1,730,743,729,-1,729,743,744,-1,729,744,728,-1,728,744,745,-1,728,745,727,-1,727,745,746,-1,727,746,725,-1,725,746,747,-1,695,703,705,-1,721,695,719,-1,719,695,717,-1,748,674,724,-1,724,674,695,-1,724,695,723,-1,723,695,721,-1,705,707,695,-1,695,707,709,-1,695,709,711,-1,711,713,695,-1,695,713,715,-1,695,715,717,-1,749,668,750,-1,750,668,684,-1,750,684,751,-1,751,684,683,-1,751,683,752,-1,752,683,681,-1,752,681,753,-1,753,681,679,-1,753,679,754,-1,754,679,678,-1,754,678,755,-1,755,678,676,-1,755,676,756,-1,756,676,675,-1,756,675,748,-1,748,675,674,-1,749,757,668,-1,668,757,657,-1,758,656,759,-1,759,656,658,-1,759,658,757,-1,757,658,657,-1,643,656,758,-1,758,594,643,-1,643,594,593,-1,643,593,599,-1,651,650,649,-1,647,611,652,-1,652,611,646,-1,652,646,645,-1,651,649,652,-1,652,649,648,-1,652,648,647,-1,599,598,643,-1,643,598,652,-1,643,652,644,-1,644,652,645,-1,625,627,760,-1,760,627,761,-1,627,629,761,-1,761,629,591,-1,761,591,762,-1,594,758,595,-1,595,758,762,-1,595,762,590,-1,590,762,591,-1,763,616,615,-1,615,612,763,-1,763,612,638,-1,763,638,588,-1,588,638,637,-1,588,637,636,-1,636,630,588,-1,588,630,635,-1,588,635,634,-1,624,619,763,-1,763,619,618,-1,763,618,616,-1,760,764,625,-1,625,764,589,-1,625,589,626,-1,626,589,588,-1,626,588,633,-1,633,588,634,-1,765,653,766,-1,766,653,621,-1,766,621,763,-1,763,621,623,-1,763,623,624,-1,589,764,582,-1,582,764,583,-1,767,768,769,-1,769,768,770,-1,769,771,767,-1,767,771,772,-1,583,764,773,-1,773,764,774,-1,773,774,775,-1,775,774,776,-1,776,774,772,-1,776,772,771,-1,571,777,572,-1,572,777,778,-1,572,778,573,-1,573,778,584,-1,771,380,776,-1,776,380,379,-1,776,379,779,-1,779,379,773,-1,773,379,370,-1,773,370,583,-1,543,189,571,-1,571,189,188,-1,571,188,777,-1,770,385,769,-1,769,385,380,-1,769,380,771,-1,538,780,547,-1,547,780,781,-1,547,781,548,-1,548,781,550,-1,550,781,782,-1,550,782,551,-1,551,782,552,-1,552,782,783,-1,552,783,545,-1,545,783,542,-1,542,783,189,-1,542,189,543,-1,406,405,784,-1,784,405,785,-1,405,407,785,-1,785,407,387,-1,785,387,786,-1,387,386,786,-1,786,386,408,-1,786,408,787,-1,385,770,410,-1,410,770,787,-1,410,787,411,-1,411,787,408,-1,423,406,784,-1,423,784,533,-1,533,784,788,-1,533,788,433,-1,430,789,431,-1,431,789,780,-1,431,780,499,-1,499,780,538,-1,459,478,790,-1,790,478,791,-1,791,478,477,-1,791,477,788,-1,788,477,434,-1,788,434,433,-1,430,506,789,-1,789,506,428,-1,789,428,792,-1,792,428,427,-1,792,427,793,-1,793,427,489,-1,489,516,793,-1,793,516,515,-1,793,515,492,-1,464,463,790,-1,790,463,461,-1,790,461,459,-1,492,491,793,-1,793,491,454,-1,793,454,790,-1,790,454,456,-1,790,456,464,-1,794,790,795,-1,796,797,790,-1,790,797,798,-1,790,798,799,-1,800,794,801,-1,801,794,795,-1,801,795,802,-1,794,803,790,-1,790,803,804,-1,790,804,805,-1,805,806,790,-1,790,806,807,-1,790,807,808,-1,809,810,790,-1,790,810,811,-1,790,811,793,-1,808,812,790,-1,790,812,813,-1,790,813,796,-1,799,814,790,-1,790,814,815,-1,790,815,809,-1,812,808,816,-1,816,808,817,-1,812,816,813,-1,813,816,818,-1,813,818,796,-1,796,818,819,-1,814,799,820,-1,820,799,798,-1,820,798,819,-1,819,798,797,-1,819,797,796,-1,814,820,815,-1,815,820,821,-1,815,821,809,-1,809,821,810,-1,810,821,822,-1,810,822,811,-1,811,822,793,-1,793,822,823,-1,793,823,792,-1,792,823,824,-1,792,824,789,-1,780,789,825,-1,825,789,824,-1,781,780,825,-1,191,189,826,-1,826,189,783,-1,826,783,827,-1,827,783,782,-1,827,782,828,-1,828,782,781,-1,828,781,829,-1,829,781,825,-1,665,191,826,-1,665,826,691,-1,691,826,827,-1,691,827,690,-1,690,827,828,-1,690,828,689,-1,689,828,829,-1,689,829,688,-1,688,829,825,-1,688,825,669,-1,768,830,831,-1,768,831,832,-1,832,831,833,-1,832,833,834,-1,834,833,835,-1,834,835,836,-1,836,835,837,-1,836,837,838,-1,838,837,839,-1,838,839,840,-1,770,768,787,-1,787,768,832,-1,787,832,786,-1,840,784,838,-1,838,784,785,-1,838,785,836,-1,836,785,786,-1,836,786,834,-1,834,786,832,-1,840,841,784,-1,784,841,788,-1,805,804,842,-1,841,843,788,-1,788,843,791,-1,791,843,790,-1,790,843,844,-1,790,844,795,-1,845,801,844,-1,844,801,802,-1,844,802,795,-1,842,804,846,-1,804,803,846,-1,846,803,794,-1,846,794,845,-1,845,794,800,-1,845,800,801,-1,805,842,806,-1,806,842,847,-1,806,847,807,-1,807,847,817,-1,807,817,808,-1,692,669,825,-1,840,839,747,-1,840,747,841,-1,817,742,741,-1,692,825,698,-1,698,825,824,-1,698,824,737,-1,737,824,823,-1,737,823,738,-1,747,746,841,-1,841,746,745,-1,841,745,843,-1,843,745,744,-1,739,819,740,-1,740,819,818,-1,740,818,741,-1,741,818,816,-1,741,816,817,-1,823,822,738,-1,738,822,821,-1,738,821,739,-1,739,821,820,-1,739,820,819,-1,743,845,744,-1,744,845,844,-1,744,844,843,-1,817,847,742,-1,742,847,842,-1,742,842,743,-1,743,842,846,-1,743,846,845,-1,839,848,747,-1,747,848,725,-1,725,848,726,-1,726,848,849,-1,726,849,700,-1,700,849,701,-1,701,849,748,-1,701,748,724,-1,753,754,850,-1,755,756,851,-1,852,833,831,-1,853,835,833,-1,837,835,854,-1,854,835,853,-1,854,853,851,-1,852,831,855,-1,855,831,830,-1,855,830,856,-1,850,852,857,-1,857,852,855,-1,857,855,858,-1,858,855,856,-1,858,856,859,-1,839,837,848,-1,848,837,854,-1,848,854,849,-1,849,854,851,-1,849,851,748,-1,748,851,756,-1,833,852,853,-1,853,852,850,-1,853,850,851,-1,851,850,754,-1,851,754,755,-1,753,850,752,-1,752,850,857,-1,752,857,751,-1,751,857,858,-1,751,858,750,-1,750,858,859,-1,750,859,749,-1,830,860,861,-1,830,861,856,-1,856,861,862,-1,856,862,859,-1,859,862,757,-1,859,757,749,-1,860,863,861,-1,861,863,864,-1,861,864,862,-1,862,864,865,-1,862,865,757,-1,757,865,759,-1,863,760,864,-1,864,760,761,-1,864,761,865,-1,865,761,762,-1,865,762,759,-1,759,762,758,-1,866,663,867,-1,867,663,664,-1,867,664,868,-1,868,664,653,-1,868,653,765,-1,860,772,863,-1,863,772,774,-1,863,774,760,-1,760,774,764,-1,191,665,190,-1,190,665,663,-1,190,663,866,-1,830,768,860,-1,860,768,767,-1,860,767,772,-1,190,866,188,-1,188,866,777,-1,778,777,866,-1,765,584,869,-1,869,584,778,-1,869,778,867,-1,867,778,866,-1,585,584,766,-1,766,584,765,-1,587,585,763,-1,763,585,766,-1,587,763,870,-1,870,763,871,-1,870,871,187,-1,187,871,186,-1,187,872,870,-1,870,872,873,-1,587,870,586,-1,586,870,873,-1,873,874,586,-1,586,874,588,-1,874,871,588,-1,588,871,763,-1,871,874,186,-1,186,874,875,-1,872,875,873,-1,873,875,874,-1,872,876,875,-1,875,876,877,-1,877,876,878,-1,878,876,879,-1,878,879,880,-1,880,879,881,-1,880,881,882,-1,882,881,883,-1,882,883,884,-1,884,883,885,-1,884,885,886,-1,886,885,887,-1,886,887,888,-1,888,887,889,-1,168,170,30,-1,30,170,173,-1,30,173,174,-1,50,52,36,-1,36,52,54,-1,888,15,886,-1,886,15,26,-1,886,26,884,-1,150,152,75,-1,164,64,162,-1,162,64,63,-1,162,63,160,-1,70,68,164,-1,164,68,66,-1,164,66,64,-1,174,176,30,-1,30,176,178,-1,30,178,180,-1,890,891,11,-1,86,88,139,-1,130,132,94,-1,38,40,43,-1,26,28,884,-1,884,28,30,-1,884,30,882,-1,882,30,180,-1,882,180,182,-1,106,108,119,-1,119,108,110,-1,119,110,118,-1,118,110,112,-1,118,112,114,-1,43,45,38,-1,38,45,46,-1,38,46,36,-1,36,46,48,-1,36,48,50,-1,184,186,875,-1,891,892,11,-1,11,892,893,-1,11,893,894,-1,18,16,10,-1,10,16,15,-1,10,15,11,-1,11,15,888,-1,11,888,890,-1,152,154,75,-1,75,154,156,-1,75,156,63,-1,63,156,159,-1,63,159,160,-1,130,94,128,-1,88,90,139,-1,139,90,92,-1,139,92,136,-1,136,92,94,-1,136,94,134,-1,134,94,132,-1,56,58,166,-1,166,58,60,-1,166,60,164,-1,164,60,72,-1,164,72,70,-1,54,56,36,-1,36,56,166,-1,36,166,34,-1,34,166,168,-1,34,168,32,-1,32,168,30,-1,875,877,184,-1,184,877,878,-1,184,878,182,-1,182,878,880,-1,182,880,882,-1,24,22,10,-1,10,22,20,-1,10,20,18,-1,122,121,104,-1,144,142,84,-1,84,142,141,-1,84,141,77,-1,77,141,148,-1,77,148,78,-1,78,148,80,-1,86,139,84,-1,84,139,146,-1,84,146,144,-1,122,104,124,-1,100,98,121,-1,121,98,97,-1,121,97,104,-1,150,75,148,-1,148,75,82,-1,148,82,80,-1,106,119,104,-1,104,119,126,-1,104,126,124,-1,128,94,121,-1,121,94,102,-1,121,102,100,-1,13,11,894,-1,13,894,895,-1,895,894,893,-1,895,893,896,-1,896,893,892,-1,896,892,897,-1,897,892,891,-1,897,891,898,-1,898,891,890,-1,898,890,899,-1,899,890,888,-1,899,888,889,-1,876,872,187,-1,14,889,27,-1,27,889,887,-1,27,887,29,-1,29,887,885,-1,29,885,31,-1,883,881,187,-1,187,881,879,-1,187,879,876,-1,42,41,44,-1,44,41,39,-1,44,39,47,-1,47,39,37,-1,885,883,31,-1,31,883,187,-1,31,187,33,-1,33,187,185,-1,59,57,177,-1,177,57,55,-1,177,55,53,-1,53,51,177,-1,177,51,49,-1,177,49,179,-1,177,175,59,-1,59,175,172,-1,59,172,61,-1,61,172,171,-1,17,19,12,-1,171,169,61,-1,61,169,167,-1,61,167,73,-1,73,167,165,-1,73,165,71,-1,163,62,165,-1,165,62,65,-1,65,67,165,-1,165,67,69,-1,165,69,71,-1,135,133,95,-1,185,183,33,-1,33,183,181,-1,33,181,35,-1,35,181,179,-1,35,179,37,-1,37,179,49,-1,37,49,47,-1,93,91,138,-1,19,21,12,-1,12,21,23,-1,12,23,25,-1,898,899,13,-1,13,899,889,-1,13,889,12,-1,12,889,14,-1,12,14,17,-1,163,161,62,-1,62,161,158,-1,62,158,74,-1,74,158,157,-1,74,157,155,-1,895,896,13,-1,13,896,897,-1,13,897,898,-1,111,117,113,-1,113,117,116,-1,113,116,115,-1,93,138,95,-1,95,138,137,-1,95,137,135,-1,85,140,143,-1,140,85,149,-1,149,85,76,-1,149,76,79,-1,91,89,138,-1,138,89,87,-1,138,87,147,-1,147,87,85,-1,147,85,145,-1,145,85,143,-1,123,105,120,-1,120,105,96,-1,120,96,99,-1,155,153,74,-1,74,153,151,-1,74,151,83,-1,83,151,149,-1,83,149,81,-1,81,149,79,-1,111,109,117,-1,117,109,107,-1,117,107,127,-1,127,107,105,-1,127,105,125,-1,125,105,123,-1,133,131,95,-1,95,131,129,-1,95,129,103,-1,103,129,120,-1,103,120,101,-1,101,120,99,-1,115,116,9,-1,9,116,8,-1,9,900,115,-1,115,900,114,-1,900,901,114,-1,114,901,118,-1,116,118,8,-1,8,118,901,-1,8,901,6,-1,6,901,902,-1,6,902,4,-1,4,902,903,-1,4,903,2,-1,2,903,904,-1,2,904,0,-1,0,904,905,-1,901,900,906,-1,901,906,902,-1,902,906,907,-1,902,907,903,-1,903,907,908,-1,903,908,904,-1,904,908,909,-1,904,909,905,-1,1,909,3,-1,3,909,908,-1,3,908,5,-1,5,908,907,-1,5,907,7,-1,7,907,906,-1,7,906,9,-1,9,906,900,-1,910,911,1,-1,1,911,909,-1,911,912,909,-1,909,912,905,-1,0,905,913,-1,913,905,912,-1,1,0,910,-1,910,0,913,-1,914,915,916,-1,914,916,917,-1,917,916,918,-1,917,918,919,-1,919,918,920,-1,919,920,921,-1,921,920,910,-1,921,910,913,-1,915,914,922,-1,922,914,923,-1,923,924,922,-1,922,924,925,-1,922,925,915,-1,915,925,926,-1,911,910,927,-1,927,910,920,-1,927,920,928,-1,928,920,918,-1,928,918,929,-1,929,918,916,-1,929,916,926,-1,926,916,915,-1,912,911,930,-1,930,911,927,-1,930,927,931,-1,931,927,928,-1,931,928,932,-1,932,928,929,-1,932,929,933,-1,933,929,926,-1,933,914,932,-1,932,914,917,-1,932,917,931,-1,931,917,919,-1,931,919,930,-1,930,919,921,-1,930,921,912,-1,912,921,913,-1,914,933,923,-1,923,933,924,-1,925,924,926,-1,926,924,933,-1,934,935,936,-1,936,935,937,-1,936,937,938,-1,938,937,939,-1,938,939,940,-1,940,939,941,-1,940,941,942,-1,942,941,943,-1,944,945,946,-1,946,945,947,-1,944,946,948,-1,944,948,949,-1,949,948,950,-1,949,950,951,-1,951,950,952,-1,951,952,953,-1,953,952,954,-1,953,954,955,-1,955,954,956,-1,955,956,957,-1,957,956,958,-1,957,958,959,-1,960,959,961,-1,961,959,958,-1,960,961,962,-1,960,962,963,-1,963,962,964,-1,963,964,965,-1,965,964,966,-1,965,966,967,-1,967,966,968,-1,967,968,969,-1,969,968,970,-1,969,970,971,-1,971,970,972,-1,971,972,973,-1,974,973,975,-1,975,973,972,-1,976,977,978,-1,977,976,979,-1,980,981,982,-1,983,984,985,-1,986,987,988,-1,989,990,991,-1,991,990,992,-1,993,994,995,-1,996,997,998,-1,999,1000,1001,-1,1002,1003,1004,-1,1005,1006,1004,-1,1007,1008,1009,-1,1010,1011,1012,-1,1012,1011,1008,-1,1008,1011,1009,-1,1009,1011,1013,-1,1009,1013,1014,-1,1015,1016,1017,-1,1017,1016,1014,-1,1017,1014,1018,-1,1018,1014,1013,-1,1015,1019,1016,-1,1016,1019,1020,-1,1016,1020,1021,-1,1006,1005,1022,-1,1022,1005,1023,-1,1022,1023,1024,-1,1002,1004,1025,-1,1021,1025,1016,-1,1016,1025,1004,-1,1016,1004,1014,-1,1014,1004,1006,-1,1014,1006,1009,-1,1009,1006,1022,-1,1009,1022,1007,-1,1007,1022,1024,-1,1026,1027,1028,-1,1028,1027,1029,-1,1028,1029,1030,-1,1031,1030,1032,-1,1032,1030,1029,-1,1032,1029,1033,-1,1033,1029,1000,-1,999,1001,1034,-1,1000,1029,1001,-1,1001,1029,1027,-1,1001,1027,1035,-1,1035,1027,1026,-1,1035,1026,998,-1,998,1026,1036,-1,998,1036,996,-1,1037,1038,1039,-1,1039,1038,1034,-1,1039,1034,995,-1,995,1034,1040,-1,995,1040,993,-1,1041,1042,1043,-1,1043,1042,1044,-1,1043,1044,1045,-1,1045,1044,1046,-1,1047,1048,1049,-1,1049,1048,1050,-1,1049,1050,1051,-1,1051,1050,1052,-1,1051,1052,1046,-1,1046,1052,1053,-1,1046,1053,1045,-1,1054,1055,1047,-1,1047,1055,1056,-1,1047,1056,1048,-1,992,1057,991,-1,991,1057,1058,-1,991,1058,1054,-1,1054,1058,1059,-1,1054,1059,1055,-1,1060,989,1061,-1,1061,989,991,-1,1061,991,1062,-1,1062,991,1054,-1,1062,1054,1063,-1,1063,1054,1047,-1,1063,1047,1064,-1,1064,1047,1049,-1,1064,1049,1065,-1,1065,1049,1051,-1,1065,1051,1066,-1,1066,1051,1046,-1,1066,1046,1067,-1,1067,1046,1044,-1,1067,1044,1068,-1,1068,1044,1042,-1,1069,1070,1071,-1,1071,1070,1072,-1,1071,1072,1073,-1,1073,1072,1074,-1,1073,1074,1075,-1,1076,1077,1078,-1,1078,1077,1079,-1,1078,1079,1074,-1,1074,1079,1080,-1,1074,1080,1075,-1,985,984,1081,-1,1081,984,1082,-1,1081,1082,1076,-1,1076,1082,1083,-1,1076,1083,1077,-1,981,985,982,-1,982,985,1081,-1,982,1081,1084,-1,1084,1081,1076,-1,1084,1076,1085,-1,1085,1076,1078,-1,1085,1078,1086,-1,1086,1078,1074,-1,1086,1074,988,-1,988,1074,1072,-1,988,1072,986,-1,986,1072,1070,-1,1087,979,1088,-1,1088,979,976,-1,1088,976,1089,-1,1023,1089,1024,-1,1024,1089,976,-1,1024,976,1007,-1,1007,976,978,-1,1007,978,1008,-1,1008,978,1090,-1,1008,1090,1012,-1,1012,1090,1091,-1,1012,1091,1010,-1,1010,1091,1092,-1,1093,1060,1094,-1,1094,1060,1061,-1,1094,1061,1095,-1,1095,1061,1062,-1,1095,1062,1096,-1,1096,1062,1063,-1,1096,1063,1097,-1,1097,1063,1064,-1,1097,1064,1098,-1,1098,1064,1065,-1,1098,1065,1099,-1,1099,1065,1066,-1,1099,1066,1100,-1,1100,1066,1067,-1,1100,1067,1101,-1,1101,1067,1068,-1,1101,1068,1102,-1,1102,1068,1042,-1,1102,1042,1103,-1,1103,1042,1041,-1,1103,1041,1104,-1,1105,1106,1107,-1,1034,1001,1040,-1,1040,1001,1035,-1,1040,1035,993,-1,993,1035,998,-1,993,998,1107,-1,1107,998,997,-1,1107,997,1105,-1,994,993,1108,-1,1108,993,1107,-1,1108,1107,1109,-1,1109,1107,1106,-1,1109,1106,1110,-1,1111,1112,1026,-1,1026,1112,1113,-1,1026,1113,1036,-1,1037,1093,1038,-1,1038,1093,1094,-1,1038,1094,1034,-1,1034,1094,1095,-1,1034,1095,999,-1,999,1095,1096,-1,999,1096,1000,-1,1000,1096,1097,-1,1000,1097,1033,-1,1033,1097,1098,-1,1033,1098,1032,-1,1032,1098,1099,-1,1032,1099,1031,-1,1031,1099,1100,-1,1031,1100,1114,-1,1114,1100,1101,-1,1114,1101,980,-1,980,1101,1102,-1,980,1102,981,-1,981,1102,1103,-1,981,1103,985,-1,985,1103,1104,-1,985,1104,983,-1,1003,1111,1004,-1,1004,1111,1026,-1,1004,1026,1005,-1,1005,1026,1028,-1,1005,1028,1023,-1,1023,1028,1030,-1,1023,1030,1089,-1,1089,1030,1031,-1,1089,1031,1088,-1,1088,1031,1114,-1,1088,1114,1087,-1,1087,1114,980,-1,1087,980,979,-1,979,980,982,-1,979,982,977,-1,977,982,1084,-1,977,1084,978,-1,978,1084,1085,-1,978,1085,1090,-1,1090,1085,1086,-1,1090,1086,1091,-1,1091,1086,988,-1,1091,988,1092,-1,1092,988,987,-1,1115,1116,1117,-1,1115,1117,1118,-1,1118,1117,1119,-1,1118,1119,1120,-1,1120,1119,1121,-1,1120,1121,1122,-1,1123,1124,1125,-1,1126,1127,1128,-1,1129,1130,1131,-1,1132,1133,1134,-1,1134,1133,1135,-1,1134,1135,1136,-1,1137,1138,1139,-1,1137,1139,1140,-1,1140,1139,1141,-1,1140,1141,1135,-1,1135,1141,1142,-1,1135,1142,1136,-1,1143,1144,1145,-1,1145,1144,1146,-1,1145,1146,1147,-1,1147,1146,1128,-1,1147,1128,1148,-1,1124,1126,1125,-1,1125,1126,1128,-1,1125,1128,1149,-1,1149,1128,1146,-1,1149,1146,1150,-1,1150,1146,1144,-1,1150,1144,1151,-1,1151,1144,1152,-1,1151,1152,1153,-1,1153,1152,1137,-1,1153,1137,1154,-1,1154,1137,1140,-1,1154,1140,1131,-1,1131,1140,1135,-1,1131,1135,1129,-1,1129,1135,1133,-1,1155,1156,1157,-1,1155,1158,1156,-1,1156,1158,1159,-1,1156,1159,1160,-1,1160,1159,1161,-1,1160,1161,1162,-1,1163,1164,1165,-1,1165,1164,1166,-1,1162,1167,1168,-1,1168,1167,1169,-1,1168,1169,1166,-1,1166,1169,1170,-1,1166,1170,1165,-1,1171,1172,1173,-1,1173,1172,1174,-1,1173,1174,1175,-1,1176,1177,1178,-1,1178,1177,1179,-1,1178,1179,1171,-1,1180,1181,1182,-1,1174,1183,1175,-1,1175,1183,1184,-1,1175,1184,1182,-1,1182,1184,1185,-1,1182,1185,1180,-1,1171,1173,1178,-1,1178,1173,1186,-1,1178,1186,1176,-1,1180,1187,1181,-1,1181,1187,1188,-1,1181,1188,1157,-1,1157,1188,1189,-1,1157,1189,1155,-1,1127,1190,1128,-1,1128,1190,1191,-1,1128,1191,1148,-1,1143,1192,1144,-1,1144,1192,1193,-1,1144,1193,1152,-1,1152,1193,1194,-1,1152,1194,1137,-1,1137,1194,1195,-1,1137,1195,1138,-1,1149,1168,1125,-1,1125,1168,1166,-1,1125,1166,1123,-1,1123,1166,1164,-1,1123,1164,1196,-1,1196,1164,1163,-1,1196,1163,1197,-1,1162,1168,1160,-1,1160,1168,1149,-1,1160,1149,1156,-1,1156,1149,1150,-1,1156,1150,1157,-1,1157,1150,1151,-1,1157,1151,1181,-1,1181,1151,1153,-1,1181,1153,1182,-1,1182,1153,1154,-1,1182,1154,1175,-1,1175,1154,1131,-1,1175,1131,1173,-1,1173,1131,1130,-1,1173,1130,1186,-1,1197,1198,1196,-1,1196,1198,1199,-1,1196,1199,1123,-1,1123,1199,1124,-1,1124,1199,1200,-1,1124,1200,1126,-1,1126,1200,1127,-1,1127,1200,1201,-1,1127,1201,1190,-1,1201,1202,1190,-1,1190,1202,1132,-1,1190,1132,1191,-1,1191,1132,1148,-1,1132,1134,1148,-1,1148,1134,1136,-1,1148,1136,1142,-1,1138,1192,1143,-1,1142,1141,1148,-1,1148,1141,1139,-1,1148,1139,1138,-1,1192,1138,1193,-1,1193,1138,1195,-1,1193,1195,1194,-1,1143,1145,1138,-1,1138,1145,1147,-1,1138,1147,1148,-1,1177,1176,1203,-1,1203,1176,1204,-1,1176,1186,1204,-1,1204,1186,1130,-1,1204,1130,1205,-1,1132,1202,1133,-1,1133,1202,1205,-1,1133,1205,1129,-1,1129,1205,1130,-1,1203,1204,1206,-1,1204,1205,1207,-1,1205,1202,1208,-1,1209,1210,1211,-1,1211,1210,1212,-1,1211,1212,1206,-1,1206,1212,1213,-1,1206,1213,1203,-1,1214,1215,1209,-1,1209,1215,1216,-1,1209,1216,1210,-1,1217,1218,1219,-1,1219,1218,1220,-1,1219,1220,1214,-1,1214,1220,1221,-1,1214,1221,1215,-1,1205,1208,1207,-1,1207,1208,1222,-1,1207,1222,1223,-1,1223,1222,1224,-1,1223,1224,1225,-1,1225,1224,1226,-1,1225,1226,1227,-1,1227,1226,1228,-1,1227,1228,1229,-1,1229,1228,1230,-1,1229,1230,1231,-1,1204,1207,1206,-1,1206,1207,1223,-1,1206,1223,1211,-1,1211,1223,1225,-1,1211,1225,1209,-1,1209,1225,1227,-1,1209,1227,1214,-1,1214,1227,1229,-1,1214,1229,1219,-1,1219,1229,1231,-1,1219,1231,1217,-1,1232,1233,1217,-1,1217,1233,1234,-1,1217,1234,1218,-1,1235,1121,1236,-1,1236,1121,1119,-1,1236,1119,1237,-1,1237,1119,1117,-1,1230,1235,1231,-1,1231,1235,1236,-1,1231,1236,1217,-1,1217,1236,1237,-1,1217,1237,1232,-1,1232,1237,1117,-1,1232,1117,1116,-1,1238,1239,1240,-1,1241,1242,1243,-1,1243,1242,1244,-1,1241,1243,1245,-1,1245,1243,1246,-1,1245,1246,1247,-1,1240,1239,1246,-1,1246,1239,1248,-1,1246,1248,1247,-1,1249,1250,1251,-1,1251,1252,1249,-1,1249,1252,1253,-1,1249,1253,1240,-1,1240,1253,1254,-1,1240,1254,1238,-1,1255,1256,1257,-1,1257,1258,1255,-1,1255,1258,1259,-1,1255,1259,1250,-1,1250,1259,1260,-1,1250,1260,1251,-1,1261,1244,1262,-1,1262,1244,1242,-1,1263,1264,1265,-1,1265,1264,1266,-1,1265,1266,1267,-1,1267,1266,1268,-1,1268,1266,1269,-1,1268,1269,1270,-1,1270,1269,1271,-1,1271,1269,1272,-1,1271,1272,1273,-1,1273,1272,1274,-1,1274,1272,1275,-1,1274,1275,1276,-1,1277,1278,1262,-1,1262,1278,1279,-1,1278,1280,1279,-1,1279,1280,1281,-1,1279,1281,1282,-1,1281,1283,1282,-1,1282,1283,1284,-1,1282,1284,1285,-1,1286,1287,1288,-1,1288,1287,1285,-1,1288,1285,1289,-1,1289,1285,1284,-1,1290,1291,1292,-1,1292,1291,1287,-1,1287,1291,1285,-1,1285,1291,1293,-1,1285,1293,1282,-1,1261,1262,1294,-1,1294,1262,1279,-1,1294,1279,1295,-1,1295,1279,1282,-1,1295,1282,1296,-1,1296,1282,1293,-1,1116,1297,1232,-1,1232,1297,1298,-1,1232,1298,1233,-1,1233,1298,1234,-1,1234,1298,1299,-1,1234,1299,1218,-1,1300,1221,1299,-1,1299,1221,1220,-1,1299,1220,1218,-1,1212,1210,1301,-1,1301,1210,1216,-1,1301,1216,1300,-1,1300,1216,1215,-1,1300,1215,1221,-1,1212,1301,1213,-1,1213,1301,1302,-1,1213,1302,1203,-1,1303,1293,1304,-1,1304,1293,1291,-1,1304,1291,1305,-1,1303,1306,1293,-1,1293,1306,1307,-1,1293,1307,1296,-1,1308,1295,1309,-1,1309,1295,1296,-1,1309,1296,1310,-1,1310,1296,1307,-1,1308,1311,1295,-1,1295,1311,1312,-1,1295,1312,1294,-1,1198,1261,1313,-1,1313,1261,1294,-1,1313,1294,1314,-1,1314,1294,1312,-1,1315,1316,1297,-1,1297,1316,1275,-1,1266,1264,1302,-1,1297,1275,1298,-1,1298,1275,1272,-1,1298,1272,1299,-1,1299,1272,1269,-1,1299,1269,1300,-1,1300,1269,1266,-1,1300,1266,1301,-1,1301,1266,1302,-1,1264,1317,1302,-1,1302,1317,1318,-1,1177,1203,1302,-1,1174,1172,1318,-1,1318,1172,1171,-1,1318,1171,1302,-1,1302,1171,1179,-1,1302,1179,1177,-1,1174,1318,1183,-1,1183,1318,1319,-1,1183,1319,1184,-1,1184,1319,1320,-1,1184,1320,1185,-1,1185,1320,1321,-1,1185,1321,1180,-1,1180,1321,1322,-1,1180,1322,1187,-1,1187,1322,1323,-1,1187,1323,1188,-1,1165,1244,1163,-1,1163,1244,1261,-1,1163,1261,1197,-1,1197,1261,1198,-1,1323,1324,1188,-1,1188,1324,1325,-1,1188,1325,1189,-1,1189,1325,1256,-1,1189,1256,1155,-1,1155,1256,1255,-1,1155,1255,1158,-1,1158,1255,1250,-1,1158,1250,1159,-1,1159,1250,1249,-1,1159,1249,1161,-1,1161,1249,1240,-1,1161,1240,1162,-1,1162,1240,1246,-1,1162,1246,1167,-1,1167,1246,1243,-1,1167,1243,1169,-1,1169,1243,1244,-1,1169,1244,1170,-1,1170,1244,1165,-1,1256,1325,1257,-1,1257,1325,1326,-1,1253,1252,1327,-1,1327,1252,1251,-1,1327,1251,1260,-1,1260,1259,1327,-1,1327,1259,1258,-1,1327,1258,1257,-1,1245,1247,1327,-1,1327,1247,1248,-1,1327,1248,1239,-1,1328,1329,1330,-1,1330,1329,1331,-1,1330,1331,1332,-1,1257,1326,1327,-1,1327,1326,1330,-1,1327,1330,1333,-1,1333,1330,1332,-1,1239,1238,1327,-1,1327,1238,1254,-1,1327,1254,1253,-1,1334,1330,1335,-1,1335,1330,1336,-1,1334,1337,1330,-1,1330,1337,1338,-1,1330,1338,1328,-1,1336,1330,1324,-1,1324,1330,1326,-1,1324,1326,1325,-1,1336,1324,1335,-1,1335,1324,1323,-1,1335,1323,1334,-1,1334,1323,1337,-1,1337,1323,1322,-1,1337,1322,1338,-1,1338,1322,1328,-1,1328,1322,1321,-1,1328,1321,1329,-1,1329,1321,1331,-1,1331,1321,1320,-1,1331,1320,1332,-1,1332,1320,1333,-1,1333,1320,1319,-1,1333,1319,1327,-1,1327,1319,1339,-1,1339,1319,1318,-1,1339,1318,1317,-1,992,1277,1262,-1,1059,1058,1242,-1,1073,1317,1071,-1,1071,1317,1264,-1,1071,1264,1069,-1,1069,1264,1263,-1,1073,1075,1317,-1,1317,1075,1080,-1,1317,1080,1339,-1,1339,1080,1079,-1,1339,1079,1327,-1,1327,1079,1077,-1,1327,1077,1083,-1,1242,1058,1262,-1,1262,1058,1057,-1,1262,1057,992,-1,1083,1082,1327,-1,1327,1082,984,-1,1327,984,983,-1,1052,1245,1053,-1,1053,1245,1045,-1,1052,1050,1245,-1,1245,1050,1048,-1,1245,1048,1241,-1,1241,1048,1056,-1,1241,1056,1242,-1,1242,1056,1055,-1,1242,1055,1059,-1,983,1104,1327,-1,1327,1104,1041,-1,1327,1041,1245,-1,1245,1041,1043,-1,1245,1043,1045,-1,1019,1015,1340,-1,1340,1015,1341,-1,1013,1342,1018,-1,1018,1342,1341,-1,1018,1341,1017,-1,1017,1341,1015,-1,1013,1011,1342,-1,1342,1011,1010,-1,1342,1010,1343,-1,1010,1092,1343,-1,1343,1092,987,-1,1343,987,1344,-1,1069,1263,1070,-1,1070,1263,1344,-1,1070,1344,986,-1,986,1344,987,-1,1111,1003,1110,-1,1025,1021,1345,-1,1110,1003,1345,-1,1345,1003,1002,-1,1345,1002,1025,-1,1021,1020,1345,-1,1345,1020,1019,-1,1345,1019,1340,-1,1110,1106,1105,-1,1105,997,1110,-1,1110,997,996,-1,1110,996,1036,-1,1036,1113,1110,-1,1110,1113,1112,-1,1110,1112,1111,-1,1110,1345,1109,-1,1109,1345,1346,-1,1039,995,1347,-1,1347,995,994,-1,1347,994,1346,-1,1346,994,1108,-1,1346,1108,1109,-1,1039,1347,1037,-1,1037,1347,1348,-1,1037,1348,1093,-1,1093,1348,1060,-1,1060,1348,1349,-1,1060,1349,989,-1,989,1349,990,-1,990,1349,1277,-1,990,1277,992,-1,1283,1281,1350,-1,1346,1351,1352,-1,1353,1354,1355,-1,1356,1353,1357,-1,1346,1345,1351,-1,1351,1345,1358,-1,1351,1358,1359,-1,1360,1361,1362,-1,1356,1357,1363,-1,1364,1352,1365,-1,1365,1352,1351,-1,1365,1351,1360,-1,1360,1351,1359,-1,1360,1359,1361,-1,1366,1364,1367,-1,1367,1364,1365,-1,1367,1365,1368,-1,1368,1365,1360,-1,1368,1360,1369,-1,1369,1360,1362,-1,1369,1362,1363,-1,1350,1370,1371,-1,1347,1371,1348,-1,1348,1371,1370,-1,1348,1370,1349,-1,1349,1370,1278,-1,1349,1278,1277,-1,1350,1281,1370,-1,1370,1281,1280,-1,1370,1280,1278,-1,1284,1283,1366,-1,1366,1283,1350,-1,1366,1350,1364,-1,1364,1350,1371,-1,1364,1371,1352,-1,1352,1371,1347,-1,1352,1347,1346,-1,1372,1288,1289,-1,1363,1357,1369,-1,1369,1357,1373,-1,1369,1373,1368,-1,1368,1373,1374,-1,1368,1374,1367,-1,1367,1374,1372,-1,1367,1372,1366,-1,1366,1372,1289,-1,1366,1289,1284,-1,1353,1355,1357,-1,1357,1355,1375,-1,1357,1375,1373,-1,1373,1375,1376,-1,1373,1376,1374,-1,1374,1376,1377,-1,1374,1377,1372,-1,1372,1377,1286,-1,1372,1286,1288,-1,1354,1378,1355,-1,1355,1378,1379,-1,1355,1379,1375,-1,1375,1379,1380,-1,1375,1380,1376,-1,1376,1380,1381,-1,1376,1381,1377,-1,1377,1381,1382,-1,1377,1382,1286,-1,1286,1382,1383,-1,1384,1385,1386,-1,1387,1388,1389,-1,1386,1385,1390,-1,1387,1389,1391,-1,1392,1393,1394,-1,1390,1385,1389,-1,1389,1385,1395,-1,1389,1395,1391,-1,1396,1397,1398,-1,1398,1397,1389,-1,1398,1389,1399,-1,1399,1389,1388,-1,1392,1394,1386,-1,1386,1394,1400,-1,1386,1400,1384,-1,1401,1402,1403,-1,1402,1401,1404,-1,1405,1406,1407,-1,1408,1409,1410,-1,1411,1412,1413,-1,1414,1415,1416,-1,1416,1415,1417,-1,1418,1419,1420,-1,1393,1392,1421,-1,1422,1423,1424,-1,1391,1395,1425,-1,1426,1427,1425,-1,1428,1429,1430,-1,1431,1432,1433,-1,1433,1432,1429,-1,1429,1432,1430,-1,1430,1432,1434,-1,1430,1434,1435,-1,1436,1437,1438,-1,1438,1437,1435,-1,1438,1435,1439,-1,1439,1435,1434,-1,1436,1398,1437,-1,1437,1398,1399,-1,1437,1399,1388,-1,1427,1426,1440,-1,1440,1426,1441,-1,1440,1441,1442,-1,1391,1425,1387,-1,1388,1387,1437,-1,1437,1387,1425,-1,1437,1425,1435,-1,1435,1425,1427,-1,1435,1427,1430,-1,1430,1427,1440,-1,1430,1440,1428,-1,1428,1440,1442,-1,1443,1444,1445,-1,1445,1444,1446,-1,1445,1446,1447,-1,1448,1447,1449,-1,1449,1447,1446,-1,1449,1446,1450,-1,1450,1446,1423,-1,1422,1424,1451,-1,1423,1446,1424,-1,1424,1446,1444,-1,1424,1444,1452,-1,1452,1444,1443,-1,1452,1443,1421,-1,1421,1443,1394,-1,1421,1394,1393,-1,1453,1454,1455,-1,1455,1454,1451,-1,1455,1451,1420,-1,1420,1451,1456,-1,1420,1456,1418,-1,1457,1458,1459,-1,1459,1458,1460,-1,1459,1460,1461,-1,1461,1460,1462,-1,1463,1464,1465,-1,1465,1464,1466,-1,1465,1466,1467,-1,1467,1466,1468,-1,1467,1468,1462,-1,1462,1468,1469,-1,1462,1469,1461,-1,1470,1471,1463,-1,1463,1471,1472,-1,1463,1472,1464,-1,1417,1473,1416,-1,1416,1473,1474,-1,1416,1474,1470,-1,1470,1474,1475,-1,1470,1475,1471,-1,1476,1414,1477,-1,1477,1414,1416,-1,1477,1416,1478,-1,1478,1416,1470,-1,1478,1470,1479,-1,1479,1470,1463,-1,1479,1463,1480,-1,1480,1463,1465,-1,1480,1465,1481,-1,1481,1465,1467,-1,1481,1467,1482,-1,1482,1467,1462,-1,1482,1462,1483,-1,1483,1462,1460,-1,1483,1460,1484,-1,1484,1460,1458,-1,1485,1486,1487,-1,1487,1486,1488,-1,1487,1488,1489,-1,1489,1488,1490,-1,1489,1490,1491,-1,1492,1493,1494,-1,1494,1493,1495,-1,1494,1495,1490,-1,1490,1495,1496,-1,1490,1496,1491,-1,1410,1409,1497,-1,1497,1409,1498,-1,1497,1498,1492,-1,1492,1498,1499,-1,1492,1499,1493,-1,1406,1410,1407,-1,1407,1410,1497,-1,1407,1497,1500,-1,1500,1497,1492,-1,1500,1492,1501,-1,1501,1492,1494,-1,1501,1494,1502,-1,1502,1494,1490,-1,1502,1490,1413,-1,1413,1490,1488,-1,1413,1488,1411,-1,1411,1488,1486,-1,1503,1404,1504,-1,1504,1404,1401,-1,1504,1401,1505,-1,1441,1505,1442,-1,1442,1505,1401,-1,1442,1401,1428,-1,1428,1401,1403,-1,1428,1403,1429,-1,1429,1403,1506,-1,1429,1506,1433,-1,1433,1506,1507,-1,1433,1507,1431,-1,1431,1507,1508,-1,1509,1476,1510,-1,1510,1476,1477,-1,1510,1477,1511,-1,1511,1477,1478,-1,1511,1478,1512,-1,1512,1478,1479,-1,1512,1479,1513,-1,1513,1479,1480,-1,1513,1480,1514,-1,1514,1480,1481,-1,1514,1481,1515,-1,1515,1481,1482,-1,1515,1482,1516,-1,1516,1482,1483,-1,1516,1483,1517,-1,1517,1483,1484,-1,1517,1484,1518,-1,1518,1484,1458,-1,1518,1458,1519,-1,1519,1458,1457,-1,1519,1457,1520,-1,1386,1390,1521,-1,1451,1424,1456,-1,1456,1424,1452,-1,1456,1452,1418,-1,1418,1452,1421,-1,1418,1421,1521,-1,1521,1421,1392,-1,1521,1392,1386,-1,1419,1418,1522,-1,1522,1418,1521,-1,1522,1521,1523,-1,1523,1521,1390,-1,1523,1390,1389,-1,1385,1384,1443,-1,1443,1384,1400,-1,1443,1400,1394,-1,1453,1509,1454,-1,1454,1509,1510,-1,1454,1510,1451,-1,1451,1510,1511,-1,1451,1511,1422,-1,1422,1511,1512,-1,1422,1512,1423,-1,1423,1512,1513,-1,1423,1513,1450,-1,1450,1513,1514,-1,1450,1514,1449,-1,1449,1514,1515,-1,1449,1515,1448,-1,1448,1515,1516,-1,1448,1516,1524,-1,1524,1516,1517,-1,1524,1517,1405,-1,1405,1517,1518,-1,1405,1518,1406,-1,1406,1518,1519,-1,1406,1519,1410,-1,1410,1519,1520,-1,1410,1520,1408,-1,1395,1385,1425,-1,1425,1385,1443,-1,1425,1443,1426,-1,1426,1443,1445,-1,1426,1445,1441,-1,1441,1445,1447,-1,1441,1447,1505,-1,1505,1447,1448,-1,1505,1448,1504,-1,1504,1448,1524,-1,1504,1524,1503,-1,1503,1524,1405,-1,1503,1405,1404,-1,1404,1405,1407,-1,1404,1407,1402,-1,1402,1407,1500,-1,1402,1500,1403,-1,1403,1500,1501,-1,1403,1501,1506,-1,1506,1501,1502,-1,1506,1502,1507,-1,1507,1502,1413,-1,1507,1413,1508,-1,1508,1413,1412,-1,1396,1398,1436,-1,1396,1436,1525,-1,1525,1436,1438,-1,1525,1438,1526,-1,1526,1438,1439,-1,1526,1439,1434,-1,1434,1432,1526,-1,1526,1432,1431,-1,1526,1431,1527,-1,1431,1508,1527,-1,1527,1508,1412,-1,1527,1412,1528,-1,1485,1529,1486,-1,1486,1529,1528,-1,1486,1528,1411,-1,1411,1528,1412,-1,1530,1396,1525,-1,1378,1530,1531,-1,1378,1531,1379,-1,1379,1531,1532,-1,1379,1532,1380,-1,1380,1532,1533,-1,1380,1533,1381,-1,1381,1533,1534,-1,1381,1534,1382,-1,1382,1534,1535,-1,1382,1535,1383,-1,1530,1525,1531,-1,1531,1525,1526,-1,1531,1526,1532,-1,1532,1526,1527,-1,1532,1527,1533,-1,1533,1527,1528,-1,1533,1528,1534,-1,1534,1528,1529,-1,1534,1529,1535,-1,1378,1536,1537,-1,1378,1537,1530,-1,1530,1537,1397,-1,1530,1397,1396,-1,1538,1536,1354,-1,1354,1536,1378,-1,1345,1340,1358,-1,1358,1340,1539,-1,1358,1539,1359,-1,1359,1539,1540,-1,1359,1540,1361,-1,1361,1540,1541,-1,1361,1541,1362,-1,1362,1541,1542,-1,1362,1542,1363,-1,1363,1542,1543,-1,1363,1543,1356,-1,1356,1543,1544,-1,1356,1544,1353,-1,1353,1544,1545,-1,1353,1545,1354,-1,1354,1545,1538,-1,1542,1541,1546,-1,1344,1547,1548,-1,1274,1276,1549,-1,1273,1274,1550,-1,1344,1263,1547,-1,1547,1263,1265,-1,1547,1265,1267,-1,1551,1268,1270,-1,1273,1550,1271,-1,1552,1548,1553,-1,1553,1548,1547,-1,1553,1547,1551,-1,1551,1547,1267,-1,1551,1267,1268,-1,1554,1552,1555,-1,1555,1552,1553,-1,1555,1553,1556,-1,1556,1553,1551,-1,1556,1551,1557,-1,1557,1551,1270,-1,1557,1270,1271,-1,1546,1558,1559,-1,1343,1559,1342,-1,1342,1559,1558,-1,1342,1558,1341,-1,1341,1558,1539,-1,1341,1539,1340,-1,1546,1541,1558,-1,1558,1541,1540,-1,1558,1540,1539,-1,1543,1542,1554,-1,1554,1542,1546,-1,1554,1546,1552,-1,1552,1546,1559,-1,1552,1559,1548,-1,1548,1559,1343,-1,1548,1343,1344,-1,1560,1545,1544,-1,1271,1550,1557,-1,1557,1550,1561,-1,1557,1561,1556,-1,1556,1561,1562,-1,1556,1562,1555,-1,1555,1562,1560,-1,1555,1560,1554,-1,1554,1560,1544,-1,1554,1544,1543,-1,1274,1549,1550,-1,1550,1549,1563,-1,1550,1563,1561,-1,1561,1563,1564,-1,1561,1564,1562,-1,1562,1564,1565,-1,1562,1565,1560,-1,1560,1565,1538,-1,1560,1538,1545,-1,1536,1538,1566,-1,1566,1538,1565,-1,1566,1565,1567,-1,1567,1565,1564,-1,1567,1564,1568,-1,1568,1564,1563,-1,1568,1563,1569,-1,1569,1563,1549,-1,1569,1549,1570,-1,1570,1549,1276,-1,1571,1572,1573,-1,1570,1571,1574,-1,1570,1574,1569,-1,1569,1574,1575,-1,1569,1575,1568,-1,1568,1575,1576,-1,1568,1576,1567,-1,1567,1576,1577,-1,1567,1577,1566,-1,1566,1577,1537,-1,1566,1537,1536,-1,1571,1573,1574,-1,1574,1573,1578,-1,1574,1578,1575,-1,1575,1578,1579,-1,1575,1579,1576,-1,1576,1579,1580,-1,1576,1580,1577,-1,1577,1580,1397,-1,1577,1397,1537,-1,1389,1397,1523,-1,1523,1397,1580,-1,1523,1580,1522,-1,1522,1580,1419,-1,1476,1509,1578,-1,1578,1509,1453,-1,1578,1453,1579,-1,1579,1453,1455,-1,1579,1455,1580,-1,1580,1455,1420,-1,1580,1420,1419,-1,1476,1578,1414,-1,1414,1578,1573,-1,1414,1573,1415,-1,1415,1573,1572,-1,1415,1572,1417,-1,1466,1464,1581,-1,1581,1464,1472,-1,1581,1472,1471,-1,1572,1582,1417,-1,1417,1582,1583,-1,1584,1585,1529,-1,1471,1475,1581,-1,1581,1475,1474,-1,1581,1474,1583,-1,1583,1474,1473,-1,1583,1473,1417,-1,1529,1485,1584,-1,1584,1485,1487,-1,1584,1487,1586,-1,1586,1487,1489,-1,1586,1489,1491,-1,1491,1496,1586,-1,1586,1496,1495,-1,1586,1495,1493,-1,1459,1461,1581,-1,1493,1499,1586,-1,1586,1499,1498,-1,1586,1498,1409,-1,1461,1469,1581,-1,1581,1469,1468,-1,1581,1468,1466,-1,1409,1408,1586,-1,1586,1408,1520,-1,1586,1520,1581,-1,1581,1520,1457,-1,1581,1457,1459,-1,1570,1587,1571,-1,1571,1587,1588,-1,1571,1588,1572,-1,1572,1588,1582,-1,1589,1383,1590,-1,1590,1383,1535,-1,1590,1535,1591,-1,1591,1535,1592,-1,1592,1535,1529,-1,1592,1529,1585,-1,1276,1275,1570,-1,1570,1275,1316,-1,1570,1316,1587,-1,1287,1286,1292,-1,1292,1286,1383,-1,1292,1383,1589,-1,1292,1589,1290,-1,1290,1589,1593,-1,1593,1589,1590,-1,1593,1590,1594,-1,1585,1595,1592,-1,1592,1595,1594,-1,1592,1594,1596,-1,1596,1594,1590,-1,1597,1595,1584,-1,1584,1595,1585,-1,1598,1597,1586,-1,1586,1597,1584,-1,1599,1600,1601,-1,1602,1603,1604,-1,1605,1606,1607,-1,1608,1609,1610,-1,1610,1609,1611,-1,1610,1611,1612,-1,1613,1614,1615,-1,1613,1615,1616,-1,1616,1615,1617,-1,1616,1617,1611,-1,1611,1617,1618,-1,1611,1618,1612,-1,1619,1620,1621,-1,1621,1620,1622,-1,1621,1622,1623,-1,1623,1622,1604,-1,1623,1604,1624,-1,1600,1602,1601,-1,1601,1602,1604,-1,1601,1604,1625,-1,1625,1604,1622,-1,1625,1622,1626,-1,1626,1622,1620,-1,1626,1620,1627,-1,1627,1620,1628,-1,1627,1628,1629,-1,1629,1628,1613,-1,1629,1613,1630,-1,1630,1613,1616,-1,1630,1616,1607,-1,1607,1616,1611,-1,1607,1611,1605,-1,1605,1611,1609,-1,1631,1632,1633,-1,1631,1634,1632,-1,1632,1634,1635,-1,1632,1635,1636,-1,1636,1635,1637,-1,1636,1637,1638,-1,1639,1640,1641,-1,1641,1640,1642,-1,1638,1643,1644,-1,1644,1643,1645,-1,1644,1645,1642,-1,1642,1645,1646,-1,1642,1646,1641,-1,1647,1648,1649,-1,1649,1648,1650,-1,1649,1650,1651,-1,1652,1653,1654,-1,1654,1653,1655,-1,1654,1655,1647,-1,1656,1657,1658,-1,1650,1659,1651,-1,1651,1659,1660,-1,1651,1660,1658,-1,1658,1660,1661,-1,1658,1661,1656,-1,1647,1649,1654,-1,1654,1649,1662,-1,1654,1662,1652,-1,1656,1663,1657,-1,1657,1663,1664,-1,1657,1664,1633,-1,1633,1664,1665,-1,1633,1665,1631,-1,1603,1666,1604,-1,1604,1666,1667,-1,1604,1667,1624,-1,1619,1668,1620,-1,1620,1668,1669,-1,1620,1669,1628,-1,1628,1669,1670,-1,1628,1670,1613,-1,1613,1670,1671,-1,1613,1671,1614,-1,1625,1644,1601,-1,1601,1644,1642,-1,1601,1642,1599,-1,1599,1642,1640,-1,1599,1640,1672,-1,1672,1640,1639,-1,1672,1639,1673,-1,1638,1644,1636,-1,1636,1644,1625,-1,1636,1625,1632,-1,1632,1625,1626,-1,1632,1626,1633,-1,1633,1626,1627,-1,1633,1627,1657,-1,1657,1627,1629,-1,1657,1629,1658,-1,1658,1629,1630,-1,1658,1630,1651,-1,1651,1630,1607,-1,1651,1607,1649,-1,1649,1607,1606,-1,1649,1606,1662,-1,1624,1608,1610,-1,1674,1675,1666,-1,1666,1675,1608,-1,1666,1608,1667,-1,1667,1608,1624,-1,1610,1612,1624,-1,1624,1612,1618,-1,1624,1618,1617,-1,1670,1669,1671,-1,1671,1669,1614,-1,1669,1668,1614,-1,1614,1668,1619,-1,1614,1619,1621,-1,1617,1615,1624,-1,1624,1615,1614,-1,1624,1614,1623,-1,1623,1614,1621,-1,1653,1652,1676,-1,1676,1652,1677,-1,1652,1662,1677,-1,1677,1662,1606,-1,1677,1606,1678,-1,1608,1675,1609,-1,1609,1675,1678,-1,1609,1678,1605,-1,1605,1678,1606,-1,1659,1650,1598,-1,1679,1680,1681,-1,1676,1595,1653,-1,1653,1595,1597,-1,1650,1648,1598,-1,1598,1648,1647,-1,1598,1647,1597,-1,1597,1647,1655,-1,1597,1655,1653,-1,1663,1656,1598,-1,1634,1631,1682,-1,1682,1631,1665,-1,1682,1665,1598,-1,1598,1665,1664,-1,1598,1664,1663,-1,1656,1661,1598,-1,1598,1661,1660,-1,1598,1660,1659,-1,1681,1673,1679,-1,1679,1673,1639,-1,1679,1639,1682,-1,1682,1639,1641,-1,1682,1641,1646,-1,1646,1645,1682,-1,1682,1645,1643,-1,1682,1643,1638,-1,1638,1637,1682,-1,1682,1637,1635,-1,1682,1635,1634,-1,1673,1681,1672,-1,1672,1681,1683,-1,1672,1683,1599,-1,1599,1683,1600,-1,1600,1683,1684,-1,1600,1684,1602,-1,1602,1684,1603,-1,1603,1684,1674,-1,1603,1674,1666,-1,1122,1685,1120,-1,1120,1685,1686,-1,1120,1686,1118,-1,1118,1686,1687,-1,1118,1687,1115,-1,1115,1687,1688,-1,1685,1674,1686,-1,1686,1674,1684,-1,1686,1684,1687,-1,1687,1684,1683,-1,1687,1683,1688,-1,1688,1683,1681,-1,1675,1674,1689,-1,1689,1674,1685,-1,1689,1685,1690,-1,1690,1685,1122,-1,1691,1690,1121,-1,1121,1690,1122,-1,1691,1121,1692,-1,1692,1121,1235,-1,1692,1235,1693,-1,1693,1235,1230,-1,1693,1230,1694,-1,1694,1230,1228,-1,1694,1228,1695,-1,1695,1228,1226,-1,1695,1226,1696,-1,1696,1226,1224,-1,1696,1224,1697,-1,1697,1224,1222,-1,1697,1222,1698,-1,1698,1222,1208,-1,1698,1208,1201,-1,1201,1208,1202,-1,1201,1200,1699,-1,1199,1198,1313,-1,1200,1199,1700,-1,1700,1199,1313,-1,1700,1313,1701,-1,1701,1313,1314,-1,1314,1312,1701,-1,1701,1312,1311,-1,1701,1311,1702,-1,1702,1311,1308,-1,1702,1308,1703,-1,1308,1309,1703,-1,1703,1309,1310,-1,1703,1310,1704,-1,1310,1307,1704,-1,1704,1307,1306,-1,1704,1306,1705,-1,1705,1306,1303,-1,1705,1303,1706,-1,1303,1304,1706,-1,1706,1304,1305,-1,1706,1305,1707,-1,1200,1700,1699,-1,1699,1700,1701,-1,1699,1701,1708,-1,1708,1701,1702,-1,1708,1702,1709,-1,1709,1702,1703,-1,1709,1703,1710,-1,1710,1703,1704,-1,1710,1704,1711,-1,1711,1704,1705,-1,1711,1705,1712,-1,1712,1705,1706,-1,1712,1706,1713,-1,1713,1706,1707,-1,1713,1707,1714,-1,1201,1699,1698,-1,1698,1699,1708,-1,1698,1708,1697,-1,1697,1708,1709,-1,1697,1709,1696,-1,1696,1709,1710,-1,1696,1710,1695,-1,1695,1710,1711,-1,1695,1711,1694,-1,1694,1711,1712,-1,1694,1712,1693,-1,1693,1712,1713,-1,1693,1713,1692,-1,1692,1713,1714,-1,1692,1714,1691,-1,1305,1715,1716,-1,1305,1716,1707,-1,1707,1716,1717,-1,1707,1717,1714,-1,1714,1717,1690,-1,1714,1690,1691,-1,1715,1718,1716,-1,1716,1718,1719,-1,1716,1719,1717,-1,1717,1719,1720,-1,1717,1720,1690,-1,1690,1720,1689,-1,1718,1676,1719,-1,1719,1676,1677,-1,1719,1677,1720,-1,1720,1677,1678,-1,1720,1678,1689,-1,1689,1678,1675,-1,1721,1115,1722,-1,1722,1115,1688,-1,1722,1688,1723,-1,1723,1688,1724,-1,1724,1688,1681,-1,1724,1681,1680,-1,1715,1593,1718,-1,1718,1593,1594,-1,1718,1594,1676,-1,1676,1594,1595,-1,1297,1116,1315,-1,1315,1116,1115,-1,1315,1115,1721,-1,1305,1291,1715,-1,1715,1291,1290,-1,1715,1290,1593,-1,1315,1721,1316,-1,1316,1721,1587,-1,1587,1721,1722,-1,1587,1722,1588,-1,1680,1582,1724,-1,1724,1582,1588,-1,1724,1588,1725,-1,1725,1588,1722,-1,1583,1582,1679,-1,1679,1582,1680,-1,1581,1583,1682,-1,1682,1583,1679,-1,1581,1682,1726,-1,1726,1682,1727,-1,1726,1727,975,-1,975,1727,974,-1,975,1728,1726,-1,1726,1728,1729,-1,1581,1726,1586,-1,1586,1726,1729,-1,1729,1730,1586,-1,1586,1730,1598,-1,1730,1727,1598,-1,1598,1727,1682,-1,1727,1730,974,-1,974,1730,1731,-1,1728,1731,1729,-1,1729,1731,1730,-1,1728,1732,1731,-1,1731,1732,1733,-1,1734,1735,1736,-1,1736,1735,1737,-1,1736,1737,1738,-1,1738,1737,1739,-1,1738,1739,1740,-1,1740,1739,1741,-1,1740,1741,1742,-1,1742,1741,1743,-1,1742,1743,1744,-1,1744,1743,1745,-1,1744,1745,1732,-1,1732,1745,1733,-1,1734,1746,1735,-1,1735,1746,1747,-1,1748,1749,1750,-1,1750,1749,1751,-1,1750,1751,1752,-1,1752,1751,1753,-1,1752,1753,1754,-1,1754,1753,1755,-1,1754,1755,1756,-1,1756,1755,1757,-1,1756,1757,1758,-1,1758,1757,1759,-1,1758,1759,1746,-1,1746,1759,1747,-1,1748,1760,1749,-1,1749,1760,1761,-1,1761,1760,1762,-1,1762,1760,1763,-1,1763,1764,1762,-1,1762,1764,1765,-1,1766,1767,1768,-1,1768,1767,1769,-1,1768,1769,1770,-1,1770,1769,1771,-1,1770,1771,1772,-1,1772,1771,1773,-1,1772,1773,1764,-1,1764,1773,1765,-1,1766,1774,1767,-1,1767,1774,1775,-1,1775,1774,1776,-1,1775,1776,1777,-1,1777,1776,1778,-1,1777,1778,1779,-1,1779,1778,1780,-1,1779,1780,1781,-1,1781,1780,1782,-1,1781,1782,1783,-1,1784,1783,1785,-1,1785,1783,1782,-1,943,1786,1785,-1,1785,1786,1784,-1,1787,1784,1788,-1,1788,1784,1786,-1,1788,1786,1789,-1,1753,1751,944,-1,1735,1747,959,-1,959,1747,1759,-1,959,1759,957,-1,1735,959,1737,-1,1737,959,960,-1,1737,960,1739,-1,1739,960,963,-1,1739,963,965,-1,1731,1733,974,-1,974,1733,1745,-1,974,1745,973,-1,973,1745,1743,-1,973,1743,971,-1,971,1743,1741,-1,971,1741,969,-1,969,1741,1739,-1,969,1739,967,-1,967,1739,965,-1,1787,1790,1784,-1,1784,1790,1791,-1,1784,1791,1783,-1,949,1757,944,-1,944,1757,1755,-1,944,1755,1753,-1,949,951,1757,-1,1757,951,953,-1,1757,953,1759,-1,1759,953,955,-1,1759,955,957,-1,1765,1773,945,-1,945,1773,1771,-1,1751,1749,944,-1,944,1749,1761,-1,944,1761,945,-1,945,1761,1762,-1,945,1762,1765,-1,1791,1792,1783,-1,1783,1792,1793,-1,1783,1793,1781,-1,1781,1793,1794,-1,1781,1794,1779,-1,1779,1794,1777,-1,1777,1794,1775,-1,1775,1794,1795,-1,1775,1795,1796,-1,1771,1769,945,-1,945,1769,1767,-1,945,1767,1797,-1,1797,1767,1775,-1,1797,1775,1798,-1,1798,1775,1796,-1,1799,1800,1787,-1,1787,1800,1790,-1,1801,1794,1802,-1,1802,1794,1793,-1,1802,1793,1803,-1,1803,1793,1792,-1,1803,1792,1804,-1,1804,1792,1791,-1,1804,1791,1800,-1,1800,1791,1790,-1,1801,1805,1794,-1,1794,1805,1795,-1,1795,1805,1806,-1,1795,1806,1796,-1,1796,1806,1807,-1,1796,1807,1798,-1,1798,1807,1808,-1,1798,1808,1797,-1,1797,1808,947,-1,1797,947,945,-1,1728,975,1732,-1,1732,975,1744,-1,1799,1785,1800,-1,1800,1785,1804,-1,1756,1758,958,-1,968,966,1740,-1,958,956,1756,-1,1756,956,954,-1,1756,954,952,-1,1744,975,1742,-1,1742,975,972,-1,1742,972,1740,-1,1740,972,970,-1,1740,970,968,-1,961,1738,962,-1,962,1738,1740,-1,962,1740,964,-1,964,1740,966,-1,1804,1785,1803,-1,1803,1785,1782,-1,1803,1782,1802,-1,947,1772,1764,-1,1750,1752,946,-1,946,1752,1754,-1,946,1754,948,-1,948,1754,1756,-1,948,1756,950,-1,950,1756,952,-1,1758,1746,958,-1,958,1746,1734,-1,958,1734,961,-1,961,1734,1736,-1,961,1736,1738,-1,1776,1774,1801,-1,1766,1768,947,-1,947,1768,1770,-1,947,1770,1772,-1,1764,1763,947,-1,947,1763,1760,-1,947,1760,946,-1,946,1760,1748,-1,946,1748,1750,-1,1776,1801,1778,-1,1807,1806,1774,-1,1774,1806,1805,-1,1774,1805,1801,-1,1802,1782,1801,-1,1801,1782,1780,-1,1801,1780,1778,-1,1766,947,1774,-1,1774,947,1808,-1,1774,1808,1807,-1,942,943,1809,-1,1809,943,1785,-1,1809,1785,1799,-1,1788,1809,1787,-1,1787,1809,1799,-1,942,1809,1789,-1,1789,1809,1788,-1,942,1789,940,-1,940,1789,1810,-1,940,1810,938,-1,938,1810,1811,-1,938,1811,936,-1,936,1811,1812,-1,936,1812,934,-1,934,1812,1813,-1,1789,1786,1814,-1,1789,1814,1810,-1,1810,1814,1815,-1,1810,1815,1811,-1,1811,1815,1816,-1,1811,1816,1812,-1,1812,1816,1817,-1,1812,1817,1813,-1,935,1817,937,-1,937,1817,1816,-1,937,1816,939,-1,939,1816,1815,-1,939,1815,941,-1,941,1815,1814,-1,941,1814,943,-1,943,1814,1786,-1,1818,1819,935,-1,935,1819,1817,-1,1819,1820,1817,-1,1817,1820,1813,-1,934,1813,1821,-1,1821,1813,1820,-1,935,934,1818,-1,1818,934,1821,-1,1822,1823,1824,-1,1822,1824,1825,-1,1825,1824,1826,-1,1825,1826,1827,-1,1827,1826,1828,-1,1827,1828,1829,-1,1829,1828,1818,-1,1829,1818,1821,-1,1823,1822,1830,-1,1830,1822,1831,-1,1831,1832,1830,-1,1830,1832,1833,-1,1830,1833,1823,-1,1823,1833,1834,-1,1819,1818,1835,-1,1835,1818,1828,-1,1835,1828,1836,-1,1836,1828,1826,-1,1836,1826,1837,-1,1837,1826,1824,-1,1837,1824,1834,-1,1834,1824,1823,-1,1820,1819,1838,-1,1838,1819,1835,-1,1838,1835,1839,-1,1839,1835,1836,-1,1839,1836,1840,-1,1840,1836,1837,-1,1840,1837,1841,-1,1841,1837,1834,-1,1841,1822,1840,-1,1840,1822,1825,-1,1840,1825,1839,-1,1839,1825,1827,-1,1839,1827,1838,-1,1838,1827,1829,-1,1838,1829,1820,-1,1820,1829,1821,-1,1822,1841,1831,-1,1831,1841,1832,-1,1833,1832,1834,-1,1834,1832,1841,-1,1842,1843,1844,-1,1845,1846,1847,-1,1848,1849,1850,-1,1851,1852,1853,-1,1853,1852,1854,-1,1853,1854,1845,-1,1845,1854,1855,-1,1845,1855,1846,-1,1847,1856,1845,-1,1845,1856,1857,-1,1845,1857,1848,-1,1848,1857,1858,-1,1848,1858,1849,-1,1850,1859,1848,-1,1848,1859,1860,-1,1848,1860,1844,-1,1844,1860,1861,-1,1844,1861,1842,-1,1853,1845,1862,-1,1862,1845,1863,-1,1862,1864,1853,-1,1853,1864,1851,-1,1851,1864,1852,-1,1852,1864,1865,-1,1852,1865,1854,-1,1854,1865,1866,-1,1854,1866,1855,-1,1855,1866,1867,-1,1855,1867,1846,-1,1846,1867,1868,-1,1846,1868,1847,-1,1847,1868,1869,-1,1847,1869,1856,-1,1856,1869,1870,-1,1856,1870,1857,-1,1857,1870,1871,-1,1857,1871,1858,-1,1858,1871,1872,-1,1858,1872,1849,-1,1849,1872,1873,-1,1849,1873,1850,-1,1850,1873,1874,-1,1850,1874,1859,-1,1859,1874,1875,-1,1859,1875,1860,-1,1860,1875,1876,-1,1860,1876,1861,-1,1861,1876,1877,-1,1861,1877,1842,-1,1842,1877,1878,-1,1842,1878,1843,-1,1843,1878,1879,-1,1844,1843,1880,-1,1880,1843,1879,-1,1880,1881,1844,-1,1844,1881,1848,-1,1882,1883,1881,-1,1881,1883,1848,-1,1883,1884,1848,-1,1848,1884,1845,-1,1885,1886,1887,-1,1887,1886,1888,-1,1889,1890,1891,-1,1891,1890,1892,-1,1891,1892,1893,-1,1893,1892,1894,-1,1893,1894,1895,-1,1895,1894,1896,-1,1895,1896,1887,-1,1887,1896,1885,-1,1897,1890,1898,-1,1898,1890,1889,-1,1899,1900,1901,-1,1901,1900,1902,-1,1902,1900,1903,-1,1902,1903,1904,-1,1904,1903,1905,-1,1904,1905,1906,-1,1906,1905,1907,-1,1906,1907,1908,-1,1908,1907,1909,-1,1908,1909,1910,-1,1910,1909,1911,-1,1910,1911,1912,-1,1912,1911,1913,-1,1912,1913,1914,-1,1915,1914,1916,-1,1916,1914,1913,-1,1917,1918,1919,-1,1919,1918,1920,-1,1919,1920,1921,-1,1921,1920,1922,-1,1921,1922,1923,-1,1923,1922,1924,-1,1923,1924,1925,-1,1925,1924,1926,-1,1925,1926,1927,-1,1927,1926,1928,-1,1927,1928,1929,-1,1929,1928,1930,-1,1929,1930,1916,-1,1916,1930,1915,-1,1931,1918,1932,-1,1932,1918,1917,-1,1931,1932,1933,-1,1933,1932,1934,-1,1933,1934,1935,-1,1935,1934,1936,-1,1935,1936,1937,-1,1937,1936,1938,-1,1937,1938,1939,-1,1939,1938,1940,-1,1939,1940,1941,-1,1941,1940,1942,-1,1941,1942,1943,-1,1943,1942,1944,-1,1943,1944,1945,-1,1945,1944,1946,-1,1947,1948,1949,-1,1949,1948,1950,-1,1948,1947,1951,-1,1948,1951,1952,-1,1952,1951,1953,-1,1952,1953,1954,-1,1954,1953,1955,-1,1954,1955,1956,-1,1956,1955,1957,-1,1956,1957,1958,-1,1958,1957,1959,-1,1958,1959,1960,-1,1960,1959,1961,-1,1960,1961,1962,-1,1961,1963,1962,-1,1962,1963,1964,-1,1943,1945,1950,-1,1954,1956,1939,-1,1922,1964,1924,-1,1924,1964,1926,-1,1914,1915,1902,-1,1943,1950,1941,-1,1941,1950,1948,-1,1941,1948,1939,-1,1939,1948,1952,-1,1939,1952,1954,-1,1894,1892,1930,-1,1922,1920,1964,-1,1964,1920,1918,-1,1964,1918,1962,-1,1962,1918,1931,-1,1962,1931,1933,-1,1933,1935,1962,-1,1962,1935,1937,-1,1962,1937,1960,-1,1960,1937,1939,-1,1960,1939,1958,-1,1958,1939,1956,-1,1914,1902,1912,-1,1892,1890,1930,-1,1930,1890,1897,-1,1930,1897,1915,-1,1915,1897,1901,-1,1915,1901,1902,-1,1906,1908,1910,-1,1965,1886,1928,-1,1928,1886,1885,-1,1928,1885,1930,-1,1930,1885,1896,-1,1930,1896,1894,-1,1926,1964,1928,-1,1928,1964,1966,-1,1928,1966,1965,-1,1912,1902,1910,-1,1910,1902,1904,-1,1910,1904,1906,-1,1888,1886,1965,-1,1888,1965,1967,-1,1967,1965,1966,-1,1967,1966,1968,-1,1968,1966,1964,-1,1968,1964,1963,-1,1900,1899,1898,-1,1938,1936,1961,-1,1957,1955,1940,-1,1919,1921,1963,-1,1955,1953,1940,-1,1940,1953,1951,-1,1940,1951,1942,-1,1942,1951,1947,-1,1942,1947,1944,-1,1944,1947,1949,-1,1944,1949,1946,-1,1938,1961,1940,-1,1940,1961,1959,-1,1940,1959,1957,-1,1936,1934,1961,-1,1961,1934,1932,-1,1961,1932,1963,-1,1963,1932,1917,-1,1963,1917,1919,-1,1889,1891,1929,-1,1911,1909,1900,-1,1921,1923,1963,-1,1963,1923,1925,-1,1963,1925,1968,-1,1968,1925,1927,-1,1968,1927,1967,-1,1967,1927,1888,-1,1891,1893,1929,-1,1929,1893,1895,-1,1929,1895,1927,-1,1927,1895,1887,-1,1927,1887,1888,-1,1889,1929,1898,-1,1898,1929,1916,-1,1898,1916,1900,-1,1900,1916,1913,-1,1900,1913,1911,-1,1909,1907,1900,-1,1900,1907,1905,-1,1900,1905,1903,-1,1898,1899,1969,-1,1898,1969,1970,-1,1970,1969,1971,-1,1970,1971,1972,-1,1972,1971,1973,-1,1972,1973,1974,-1,1974,1973,1975,-1,1974,1975,1976,-1,1897,1898,1977,-1,1977,1898,1970,-1,1977,1970,1978,-1,1978,1970,1972,-1,1978,1972,1979,-1,1979,1972,1974,-1,1979,1974,1980,-1,1980,1974,1976,-1,1980,1981,1979,-1,1979,1981,1982,-1,1979,1982,1978,-1,1978,1982,1983,-1,1978,1983,1977,-1,1977,1983,1984,-1,1977,1984,1897,-1,1897,1984,1901,-1,1981,1975,1982,-1,1982,1975,1973,-1,1982,1973,1983,-1,1983,1973,1971,-1,1983,1971,1984,-1,1984,1971,1969,-1,1984,1969,1901,-1,1901,1969,1899,-1,1975,1981,1985,-1,1985,1981,1986,-1,1985,1987,1975,-1,1975,1987,1976,-1,1980,1976,1988,-1,1988,1976,1987,-1,1981,1980,1986,-1,1986,1980,1988,-1,1884,1883,1989,-1,1884,1989,1990,-1,1990,1989,1991,-1,1990,1991,1992,-1,1992,1991,1993,-1,1992,1993,1994,-1,1994,1993,1995,-1,1994,1995,1996,-1,1996,1995,1986,-1,1996,1986,1988,-1,1985,1986,1997,-1,1997,1986,1995,-1,1997,1995,1998,-1,1998,1995,1993,-1,1998,1993,1999,-1,1999,1993,1991,-1,1999,1991,2000,-1,2000,1991,1989,-1,2000,1989,1882,-1,1882,1989,1883,-1,1987,1985,2001,-1,2001,1985,1997,-1,2001,1997,2002,-1,2002,1997,1998,-1,2002,1998,2003,-1,2003,1998,1999,-1,2003,1999,2004,-1,2004,1999,2000,-1,2004,2000,2005,-1,2005,2000,1882,-1,2005,1884,2004,-1,2004,1884,1990,-1,2004,1990,2003,-1,2003,1990,1992,-1,2003,1992,2002,-1,2002,1992,1994,-1,2002,1994,2001,-1,2001,1994,1996,-1,2001,1996,1987,-1,1987,1996,1988,-1,1884,2005,1845,-1,1845,2005,1863,-1,1881,1863,1882,-1,1882,1863,2005,-1,1865,1864,1862,-1,1881,1875,1874,-1,1879,1878,1880,-1,1880,1878,1877,-1,1880,1877,1881,-1,1881,1877,1876,-1,1881,1876,1875,-1,1863,1870,1869,-1,1874,1873,1881,-1,1881,1873,1872,-1,1881,1872,1863,-1,1863,1872,1871,-1,1863,1871,1870,-1,1869,1868,1863,-1,1863,1868,1867,-1,1863,1867,1862,-1,1862,1867,1866,-1,1862,1866,1865,-1,
        ]
    }
}
Shape{
    appearance Appearance {
        material  Material 	{
            diffuseColor 0.25098039215686274 0.25098039215686274 0.25098039215686274
            specularColor 0.12549019607843137 0.12549019607843137 0.12549019607843137
            ambientIntensity 0.251
            transparency 0.0
            shininess 0.5
        }
    }
    geometry IndexedFaceSet {
        ccw TRUE
        solid FALSE
        coord DEF co Coordinate {
            point [
                -1.1536 -2.6216 0.1142, -1.1536 -2.6216 0.0669, -1.4291 -2.6216 0.1142, -1.4291 -2.6216 0.0669
            ]
        }
        coordIndex [
            0,1,2,-1,2,1,3,-1,
        ]
    }
}
Shape{
    appearance Appearance {
        material  Material 	{
            diffuseColor 0.7529411764705882 0.7529411764705882 0.7529411764705882
            specularColor 0.6627450980392157 0.6627450980392157 0.6627450980392157
            ambientIntensity 0.7529
            transparency 0.0
            shininess 0.5
        }
    }
    geometry IndexedFaceSet {
        ccw TRUE
        solid FALSE
        coord DEF co Coordinate {
            point [
                -1.3484 2.3601 0.0498, -1.1516 2.3601 0.0498, -1.3484 2.3526 0.057, -1.1516 2.3526 0.057, -1.3484 2.3438 0.0624, -1.1516 2.3438 0.0624, -1.3484 2.334 0.0658, -1.1516 2.334 0.0658, -1.3484 2.3236 0.0669, -1.1516 2.3236 0.0669, -1.441 -0.3102 0.1142, -1.441 1.9989 0.1142, -1.441 -0.3102 0.0669, -1.441 1.9989 0.0669, -1.4389 -0.3255 0.0669, -1.4389 -0.3255 0.1142, -1.433 -0.3397 0.0669, -1.433 -0.3397 0.1142, -1.4237 -0.352 0.0669, -1.4237 -0.352 0.1142, -1.4114 -0.3614 0.0669, -1.4114 -0.3614 0.1142, -1.3972 -0.3673 0.0669, -1.3972 -0.3673 0.1142, -1.3819 -0.3693 0.0669, -1.3819 -0.3693 0.1142, -0.9213 -0.3693 0.1142, -0.9213 -0.3693 0.0669, -0.906 -0.3673 0.0669, -0.906 -0.3673 0.1142, -0.8917 -0.3614 0.0669, -0.8917 -0.3614 0.1142, -0.8795 -0.352 0.0669, -0.8795 -0.352 0.1142, -0.8701 -0.3397 0.0669, -0.8701 -0.3397 0.1142, -0.8642 -0.3255 0.0669, -0.8642 -0.3255 0.1142, -0.8622 -0.3102 0.0669, -0.8622 -0.3102 0.1142, -0.8622 0.0323 0.1142, -0.8622 0.0323 0.0669, -0.987 1.2234 0.3061, -0.9862 1.2238 0.3049, -0.9833 1.2209 0.3064, -0.9896 1.226 0.3038, -0.9928 1.2279 0.3017, -0.9925 1.2282 0.3003, -0.9886 1.2266 0.3012, -0.9934 1.229 0.2946, -0.9916 1.2283 0.2949, -0.9919 1.2285 0.2976, -0.9767 1.2088 0.3093, -0.9774 1.2091 0.31, -0.9778 1.2133 0.3079, -1.0233 1.2088 0.3093, -1.0242 1.2081 0.3079, -1.0238 1.2125 0.3057, -1.0256 1.207 0.3058, -1.0119 1.2167 0.3132, -1.013 1.2119 0.3156, -1.0158 1.2115 0.3147, -1.0038 1.2182 0.3134, -1.0053 1.2171 0.3139, -1.0069 1.2191 0.3127, -1.0148 1.2205 0.3086, -1.0123 1.223 0.3073, -1.0105 1.222 0.3094, -0.9947 1.2171 0.3139, -0.995 1.2173 0.3138, -0.9931 1.2191 0.3127, -0.9957 1.223 0.3101, -0.9913 1.2206 0.3112, -0.9852 1.2205 0.3086, -0.9833 1.2175 0.3101, -0.9856 1.2172 0.3118, -0.9818 1.2108 0.3134, -0.9837 1.2114 0.3145, -0.9821 1.2142 0.3118, -0.9843 1.2115 0.3147, -0.9881 1.2167 0.3132, -0.9897 1.2122 0.3161, -0.9906 1.216 0.3143, -0.9879 1.2121 0.3159, -0.987 1.2119 0.3156, -0.9925 1.2123 0.3163, -0.9927 1.2141 0.3155, -0.9932 1.215 0.315, -0.9895 1.222 0.3094, -0.9948 1.2248 0.308, -0.9878 1.223 0.3073, -0.9935 1.2157 0.3146, -1.0 1.2214 0.3115, -1.0044 1.223 0.3101, -1.0 1.2236 0.3097, -1.0053 1.2248 0.308, -1.0 1.2256 0.3076, -1.0 1.2272 0.3052, -1.0061 1.2263 0.3056, -1.0093 1.225 0.3063, -1.0168 1.2175 0.3101, -1.0087 1.2206 0.3112, -1.002 1.2188 0.313, -1.0183 1.2108 0.3134, -1.018 1.2142 0.3118, -1.0164 1.2114 0.3145, -1.0144 1.2172 0.3118, -1.0 1.2298 0.2942, -1.0 1.2298 0.2969, -1.0041 1.2293 0.2944, -1.0039 1.2295 0.2971, -1.0066 1.229 0.2946, -1.0081 1.2285 0.2976, -1.0197 1.2209 0.3015, -1.0181 1.2231 0.2976, -1.0163 1.2242 0.2998, -1.017 1.2239 0.2972, -1.0123 1.2268 0.2985, -1.0128 1.2267 0.2958, -1.0085 1.2283 0.2949, -1.0222 1.2169 0.3035, -1.0222 1.2184 0.3, -1.0205 1.2203 0.299, -1.0249 1.2116 0.3035, -1.0247 1.2129 0.3028, -1.0232 1.2162 0.3011, -1.0226 1.2091 0.31, -1.0222 1.2133 0.3079, -1.0207 1.2173 0.3059, -1.0183 1.221 0.304, -1.0151 1.2242 0.3024, -1.0115 1.2266 0.3012, -1.0076 1.2282 0.3003, -1.0037 1.2291 0.2999, -1.0 1.2293 0.2997, -0.9744 1.207 0.3058, -0.9758 1.2081 0.3079, -0.9751 1.2116 0.3035, -0.9762 1.2125 0.3057, -0.9753 1.2129 0.3028, -0.9778 1.2169 0.3035, -0.9768 1.2162 0.3011, -0.9838 1.2242 0.2998, -0.9819 1.2231 0.2976, -0.9804 1.2209 0.3015, -0.9795 1.2203 0.299, -0.9778 1.2184 0.3, -0.9877 1.2268 0.2985, -0.9872 1.2267 0.2958, -0.983 1.2239 0.2972, -0.9849 1.2242 0.3024, -0.9817 1.221 0.304, -0.9793 1.2173 0.3059, -0.9931 1.2274 0.3031, -0.9935 1.2269 0.3044, -0.9939 1.2263 0.3056, -0.9811 1.2175 0.3081, -0.9798 1.2138 0.31, -0.9798 1.2103 0.3123, -1.0202 1.2103 0.3123, -1.0202 1.2138 0.31, -1.0189 1.2175 0.3081, -1.0167 1.2209 0.3064, -1.0138 1.2238 0.3049, -1.0104 1.226 0.3038, -1.0069 1.2274 0.3031, -1.0034 1.2282 0.3026, -1.0 1.229 0.3011, -0.9963 1.2291 0.2999, -0.9961 1.2295 0.2971, -0.9959 1.2293 0.2944, -1.0065 1.2157 0.3146, -1.0073 1.2141 0.3155, -1.0094 1.216 0.3143, -1.0121 1.2121 0.3159, -1.0103 1.2122 0.3161, -1.0076 1.2123 0.3163, -0.9962 1.2182 0.3134, -0.9981 1.2188 0.313, -1.0 1.2191 0.3129, -1.0 1.2285 0.3025, -0.9545 0.8133 0.1994, -0.9545 1.0382 0.3454, -0.9663 1.0347 0.3509, -0.9663 0.8097 0.2048, -0.9791 1.0325 0.3542, -0.9791 0.8076 0.2082, -0.9925 1.0317 0.3553, -0.9925 0.8068 0.2093, -1.0338 1.2314 0.3537, -1.0273 1.2323 0.3555, -1.0251 1.2423 0.3507, -1.0209 1.2332 0.3572, -1.0175 1.2333 0.3575, -1.0161 1.2398 0.3545, -0.9791 1.2332 0.3572, -0.9727 1.2323 0.3555, -0.9749 1.2423 0.3507, -0.9925 1.2338 0.3584, -0.9825 1.2333 0.3575, -0.9927 1.2355 0.3576, -0.984 1.2398 0.3545, -0.9932 1.2365 0.3571, -0.9942 1.2482 0.3503, -0.9975 1.2401 0.3552, -0.9962 1.2396 0.3555, -0.9883 1.2451 0.3518, -0.9947 1.2385 0.356, -0.9935 1.2372 0.3567, -1.0038 1.2396 0.3555, -1.0059 1.2482 0.3503, -1.0053 1.2385 0.356, -1.0117 1.2451 0.3518, -1.0065 1.2372 0.3567, -1.0069 1.2365 0.3571, -1.0183 1.2506 0.3465, -1.0091 1.2555 0.344, -1.0 1.2569 0.3433, -1.0 1.2491 0.3498, -0.9909 1.2555 0.344, -0.9817 1.2506 0.3465, -1.0118 1.2676 0.328, -1.0123 1.2617 0.3366, -1.0 1.2636 0.3357, -1.015 1.2664 0.3286, -1.0228 1.2636 0.33, -1.0246 1.2552 0.34, -1.0303 1.2584 0.3326, -1.0322 1.2571 0.3333, -1.0443 1.2367 0.3437, -1.0361 1.2374 0.349, -1.044 1.2389 0.3426, -1.0337 1.244 0.3456, -1.0365 1.2521 0.3358, -1.0298 1.2501 0.3426, -1.0394 1.2487 0.3376, -1.0413 1.2447 0.3396, -0.956 1.2389 0.3426, -0.9587 1.2447 0.3396, -0.9663 1.244 0.3456, -0.9606 1.2487 0.3376, -0.9702 1.2501 0.3426, -0.9633 1.2306 0.3522, -0.9545 1.2284 0.3479, -0.9639 1.2374 0.349, -0.9557 1.2367 0.3437, -0.9773 1.2636 0.33, -0.9877 1.2617 0.3366, -0.9754 1.2552 0.34, -0.9635 1.2521 0.3358, -0.9678 1.2571 0.3333, -0.9698 1.2584 0.3326, -0.9663 1.2314 0.3537, -0.985 1.2664 0.3286, -0.9882 1.2676 0.328, -1.0 1.269 0.3273, -1.0076 1.2338 0.3584, -1.0073 1.2355 0.3576, -1.0025 1.2401 0.3552, -1.002 1.2403 0.3551, -1.0 1.2405 0.355, -0.9981 1.2403 0.3551, -1.0367 1.2306 0.3522, -1.0455 1.2284 0.3479, -1.0455 1.2151 0.3547, -1.0338 1.218 0.3605, -1.0209 1.2199 0.364, -1.0076 1.2205 0.3652, -0.9925 1.2205 0.3652, -0.9545 1.2151 0.3547, -0.9663 1.218 0.3605, -0.9791 1.2199 0.364, -0.9663 1.196 0.37, -0.9791 1.1973 0.3737, -0.9925 1.1978 0.375, -0.9663 1.1491 0.3799, -0.9545 1.1715 0.3701, -0.9663 1.1729 0.3765, -0.9545 1.1804 0.3676, -0.9545 1.1938 0.3639, -0.9663 1.1251 0.3802, -0.9545 1.1439 0.3735, -0.9545 1.1486 0.3735, -0.9663 1.0779 0.3715, -0.9545 1.1024 0.371, -0.9663 1.1012 0.3774, -0.9545 1.107 0.3716, -0.9545 1.1254 0.3738, -0.9925 1.174 0.3817, -0.9791 1.1737 0.3804, -0.9925 1.1495 0.3852, -0.9791 1.1494 0.3839, -0.9925 1.1248 0.3856, -0.9791 1.1249 0.3842, -0.9925 1.1002 0.3827, -0.9791 1.1005 0.3813, -0.9925 1.0763 0.3766, -0.9791 1.0767 0.3753, -0.9545 1.0584 0.3568, -0.9545 1.0713 0.3619, -0.9545 1.0799 0.3653, -0.9925 1.0533 0.3674, -0.9791 1.0539 0.3662, -0.9663 1.0556 0.3626, -1.0814 1.3078 0.2655, -1.0818 1.3071 0.2656, -1.0818 1.3242 0.2991, -1.0973 1.2714 0.273, -1.0984 1.2596 0.279, -1.0973 1.2928 0.3151, -1.0984 1.281 0.3211, -1.0959 1.2771 0.2701, -1.0917 1.3093 0.3067, -1.0915 1.2896 0.2682, -1.0901 1.2935 0.2676, -1.0681 1.3364 0.2929, -1.0515 1.3452 0.2884, -1.0513 1.3315 0.2619, -1.0573 1.3288 0.2623, -1.068 1.3212 0.2634, -1.0698 1.3199 0.2636, -1.0329 1.3502 0.2859, -1.0197 1.3512 0.2854, -1.0197 1.3387 0.2608, -1.0268 1.3384 0.2608, -1.0328 1.3372 0.261, -1.0425 1.3353 0.2613, -1.0984 1.2151 0.3547, -1.0984 1.1937 0.3126, -0.9744 1.1937 0.3126, -0.9016 1.1937 0.3126, -0.9744 1.1683 0.3223, -0.9016 1.1617 0.3239, -0.9744 1.1616 0.3234, -0.9744 1.1415 0.3266, -0.9016 1.1279 0.3266, -0.9744 1.1279 0.3259, -0.9744 1.1143 0.3252, -0.9016 1.0945 0.3204, -0.9744 1.0947 0.3199, -0.9744 1.0881 0.3181, -0.9016 1.0639 0.3058, -0.9744 1.0639 0.3058, -1.0256 1.1937 0.3126, -1.0256 1.1683 0.3223, -1.0984 1.1617 0.3239, -1.0256 1.1616 0.3234, -1.0256 1.1415 0.3266, -1.0984 1.1279 0.3266, -1.0256 1.1279 0.3259, -1.0256 1.1143 0.3252, -1.0984 1.0945 0.3204, -1.0256 1.0639 0.3058, -1.0984 1.0639 0.3058, -1.0256 1.0881 0.3181, -1.0256 1.0947 0.3199, -1.0984 0.9337 0.2776, -1.0984 1.0382 0.3454, -1.0984 0.9594 0.238, -1.0984 1.0712 0.3622, -1.0984 1.1805 0.368, -1.0984 1.1439 0.3738, -1.0984 1.107 0.3718, -0.9016 1.0382 0.3454, -0.9016 1.0712 0.3622, -0.9016 1.107 0.3718, -0.9016 1.1439 0.3738, -0.9016 1.1805 0.368, -0.9016 1.2151 0.3547, -1.0455 1.0713 0.3619, -1.0455 1.0584 0.3568, -1.0455 1.0382 0.3454, -1.0455 1.0799 0.3653, -1.0455 1.1024 0.371, -1.0455 1.1439 0.3735, -1.0455 1.1254 0.3738, -1.0455 1.107 0.3716, -1.0455 1.1486 0.3735, -1.0455 1.1715 0.3701, -1.0455 1.1938 0.3639, -1.0455 1.1804 0.3676, -0.9016 0.9337 0.2776, -0.9016 0.9594 0.238, -0.9016 1.2596 0.279, -0.9016 1.281 0.3211, -0.9027 1.2928 0.3151, -0.9083 1.3093 0.3067, -0.9182 1.3242 0.2991, -0.9319 1.3364 0.2929, -0.9486 1.3452 0.2884, -0.9671 1.3502 0.2859, -0.9803 1.3512 0.2854, -0.9803 1.3387 0.2608, -0.9041 1.2771 0.2701, -0.9226 1.3125 0.2647, -0.9184 1.3069 0.2656, -0.9672 1.3373 0.261, -0.9129 1.2993 0.2667, -0.9086 1.2896 0.2682, -0.9061 1.2841 0.269, -0.9485 1.3318 0.2618, -0.9489 1.332 0.2618, -0.964 1.337 0.2611, -0.9349 1.3237 0.2631, -0.9321 1.3211 0.2634, -0.9027 1.2714 0.273, -0.9879 1.1988 0.3227, -0.9925 1.199 0.3231, -0.9837 1.1981 0.3213, -0.9798 1.1969 0.3191, -0.9767 1.1954 0.3161, -1.0076 1.199 0.3231, -1.0121 1.1988 0.3227, -1.0164 1.1981 0.3213, -1.0202 1.1969 0.3191, -1.0233 1.1954 0.3161, -1.0233 1.1417 0.3305, -1.0121 1.1712 0.3332, -1.0164 1.1708 0.3317, -1.0076 1.0839 0.3292, -1.0076 1.0575 0.3157, -1.0121 1.0578 0.3153, -1.0076 1.091 0.3311, -1.0121 1.0841 0.3287, -1.0076 1.1714 0.3338, -1.0076 1.164 0.3349, -1.0121 1.1421 0.3379, -1.0076 1.1421 0.3384, -1.0076 1.1273 0.3376, -1.0076 1.1125 0.3368, -1.0202 1.1418 0.3338, -1.0164 1.142 0.3363, -1.0233 1.1137 0.3291, -1.0202 1.1132 0.3323, -1.0164 1.1128 0.3348, -1.0121 1.1126 0.3363, -1.0233 1.1693 0.3261, -1.0202 1.1702 0.3293, -1.0233 1.0867 0.3218, -1.0164 1.0846 0.3272, -1.0202 1.0855 0.3249, -1.0164 1.0586 0.314, -1.0202 1.06 0.3119, -1.0233 1.0618 0.3091, -1.0076 0.8326 0.1697, -1.0121 0.8329 0.1692, -1.0164 0.8337 0.1679, -1.0202 0.8351 0.1658, -1.0233 0.8369 0.1631, -1.0256 0.839 0.1598, -1.002 0.5111 0.107, -1.0038 0.5118 0.1071, -0.9935 0.5146 0.1076, -1.0065 0.5146 0.1076, -1.0069 0.5153 0.1077, -0.9925 0.5183 0.1082, -0.9927 0.5164 0.1079, -1.0053 0.513 0.1073, -0.9947 0.513 0.1073, -0.9962 0.5118 0.1071, -0.9981 0.5111 0.107, -1.005 0.5128 0.1073, -1.0076 0.7806 0.1497, -0.9925 0.7806 0.1497, -1.0076 0.5183 0.1082, -1.0073 0.5164 0.1079, -1.0 0.5108 0.107, -1.0131 0.5046 0.1019, -1.0138 0.5039 0.1008, -1.0167 0.5071 0.1013, -1.0104 0.5015 0.1004, -1.0072 0.499 0.099, -1.0076 0.4983 0.0978, -1.0115 0.5001 0.0981, -1.0066 0.4957 0.0926, -1.0085 0.4965 0.0928, -1.0081 0.4971 0.0953, -1.0233 0.5195 0.1004, -1.0226 0.5194 0.1011, -1.0222 0.5148 0.1005, -0.9767 0.5195 0.1004, -0.9758 0.5198 0.0988, -0.9762 0.5149 0.0981, -0.9744 0.5202 0.0965, -0.9881 0.5132 0.1066, -0.987 0.5184 0.1073, -0.9843 0.5186 0.1063, -0.9931 0.5108 0.1068, -0.9852 0.5081 0.1033, -0.9878 0.5053 0.1029, -0.9895 0.507 0.1046, -1.0069 0.5108 0.1068, -1.0044 0.5063 0.1055, -1.0087 0.5088 0.1059, -1.0148 0.5081 0.1033, -1.0168 0.5115 0.1038, -1.0144 0.5123 0.1054, -1.0183 0.5188 0.1049, -1.0164 0.5186 0.1061, -1.018 0.5151 0.1044, -1.0158 0.5186 0.1063, -1.0119 0.5132 0.1066, -1.0103 0.5184 0.1079, -1.0094 0.5142 0.1073, -1.0121 0.5184 0.1076, -1.013 0.5184 0.1073, -1.0105 0.507 0.1046, -1.0053 0.5039 0.1041, -1.0123 0.5053 0.1029, -1.0 0.5082 0.1064, -0.9957 0.5063 0.1055, -1.0 0.5055 0.1053, -0.9948 0.5039 0.1041, -1.0 0.503 0.1039, -1.0 0.5007 0.1021, -0.9939 0.5017 0.1023, -0.9907 0.5032 0.1025, -0.9833 0.5115 0.1038, -0.9913 0.5088 0.1059, -0.9818 0.5188 0.1049, -0.9821 0.5151 0.1044, -0.9837 0.5186 0.1061, -0.9856 0.5123 0.1054, -1.0 0.4949 0.0925, -1.0 0.4957 0.0951, -0.9959 0.4954 0.0926, -0.9961 0.4961 0.0952, -0.9934 0.4957 0.0926, -0.9919 0.4971 0.0953, -0.9804 0.5056 0.0967, -0.9819 0.5023 0.0937, -0.9838 0.5019 0.0961, -0.983 0.5015 0.0935, -0.9877 0.499 0.0956, -0.9872 0.4983 0.093, -0.9916 0.4965 0.0928, -0.9778 0.51 0.0974, -0.9778 0.5075 0.0945, -0.9795 0.5054 0.0942, -0.9751 0.515 0.0957, -0.9753 0.5136 0.0955, -0.9768 0.51 0.0949, -0.9774 0.5194 0.1011, -0.9778 0.5148 0.1005, -0.9793 0.5103 0.0997, -0.9817 0.5062 0.0991, -0.9849 0.5027 0.0985, -0.9886 0.5001 0.0981, -0.9925 0.4983 0.0978, -0.9963 0.4973 0.0977, -1.0 0.497 0.0976, -1.0256 0.5202 0.0965, -1.0242 0.5198 0.0988, -1.0249 0.515 0.0957, -1.0238 0.5149 0.0981, -1.0247 0.5136 0.0955, -1.0222 0.51 0.0974, -1.0232 0.51 0.0949, -1.0163 0.5019 0.0961, -1.0181 0.5023 0.0937, -1.0197 0.5056 0.0967, -1.0205 0.5054 0.0942, -1.0222 0.5075 0.0945, -1.0123 0.499 0.0956, -1.0128 0.4983 0.093, -1.017 0.5015 0.0935, -1.0151 0.5027 0.0985, -1.0183 0.5062 0.0991, -1.0207 0.5103 0.0997, -1.0069 0.4998 0.1002, -1.0065 0.5008 0.1013, -1.0061 0.5017 0.1023, -1.0189 0.5108 0.1019, -1.0202 0.5149 0.1026, -1.0202 0.519 0.1037, -0.9798 0.519 0.1037, -0.9798 0.5149 0.1026, -0.9811 0.5108 0.1019, -0.9833 0.5071 0.1013, -0.9862 0.5039 0.1008, -0.9896 0.5015 0.1004, -0.9931 0.4998 0.1002, -0.9967 0.499 0.1, -1.0 0.4978 0.0988, -1.0037 0.4973 0.0977, -1.0039 0.4961 0.0952, -1.0041 0.4954 0.0926, -0.9906 0.5142 0.1073, -0.9879 0.5184 0.1076, -0.9897 0.5184 0.1079, -1.0 0.4987 0.1, -1.0121 0.7807 0.1492, -1.0164 0.7809 0.1477, -1.0202 0.7813 0.1452, -1.0233 0.7818 0.1419, -1.0256 0.7825 0.138, -1.0076 0.8076 0.157, -1.0121 0.8078 0.1565, -1.0164 0.8084 0.155, -1.0202 0.8093 0.1527, -1.0233 0.8105 0.1496, -1.0256 0.8119 0.1459, -0.9925 0.8326 0.1697, -0.9925 0.8076 0.157, -0.9925 1.0575 0.3157, -0.9925 1.1714 0.3338, -0.9925 1.164 0.3349, -0.9925 1.1421 0.3384, -0.9925 1.1273 0.3376, -0.9925 1.1125 0.3368, -0.9925 1.091 0.3311, -0.9925 1.0839 0.3292, -0.9879 1.1421 0.3379, -0.9767 1.1693 0.3261, -0.9798 1.1702 0.3293, -0.9767 1.0618 0.3091, -0.9767 1.0867 0.3218, -0.9767 1.1417 0.3305, -0.9837 1.142 0.3363, -0.9798 1.1418 0.3338, -0.9879 1.1126 0.3363, -0.9837 1.1128 0.3348, -0.9798 1.1132 0.3323, -0.9767 1.1137 0.3291, -0.9879 1.1712 0.3332, -0.9837 1.1708 0.3317, -0.9879 1.0841 0.3287, -0.9798 1.0855 0.3249, -0.9837 1.0846 0.3272, -0.9798 1.06 0.3119, -0.9837 1.0586 0.314, -0.9879 1.0578 0.3153, -0.9879 0.8329 0.1692, -0.9837 0.8337 0.1679, -0.9798 0.8351 0.1658, -0.9767 0.8369 0.1631, -0.9744 0.839 0.1598, -0.9744 0.8119 0.1459, -0.9744 0.7825 0.138, -0.9767 0.7818 0.1419, -0.9767 0.8105 0.1496, -0.9798 0.8093 0.1527, -0.9837 0.8084 0.155, -0.9879 0.8078 0.1565, -0.9798 0.7813 0.1452, -0.9837 0.7809 0.1477, -0.9879 0.7807 0.1492, -0.8622 0.3509 0.0697, -0.8823 0.7825 0.138, -0.8622 0.5863 0.107, -1.1378 0.5863 0.107, -1.1177 0.7825 0.138, -1.1378 0.3509 0.0697, -0.8871 0.839 0.1598, -0.8847 0.8119 0.1459, -1.1129 0.839 0.1598, -1.1142 0.8251 0.1518, -1.1153 0.8117 0.1463, -1.116 0.8043 0.1433, -1.1129 0.8133 0.1994, -1.1153 0.7949 0.19, -1.1177 0.7751 0.1847, -1.1153 0.8117 0.1463, -1.1378 0.5789 0.1536, -1.1378 0.3435 0.1164, -0.9663 0.5117 0.1496, -0.9727 0.5114 0.1515, -0.9749 0.5004 0.1501, -0.9791 0.5111 0.1535, -0.9825 0.5111 0.1538, -0.984 0.504 0.153, -1.0209 0.5111 0.1535, -1.0273 0.5114 0.1515, -1.0251 0.5004 0.1501, -1.0076 0.5109 0.1548, -1.0175 0.5111 0.1538, -1.0073 0.509 0.1545, -1.0161 0.504 0.153, -1.0069 0.5079 0.1544, -1.0059 0.4947 0.1515, -1.0025 0.5039 0.1537, -1.0038 0.5045 0.1538, -1.0117 0.4981 0.152, -1.0053 0.5056 0.154, -1.0065 0.5072 0.1542, -0.9962 0.5045 0.1538, -0.9942 0.4947 0.1515, -0.9947 0.5056 0.154, -0.9883 0.4981 0.152, -0.9935 0.5072 0.1542, -0.9932 0.5079 0.1544, -0.9817 0.4912 0.1487, -0.9909 0.4858 0.1478, -1.0 0.4843 0.1476, -1.0 0.4937 0.1513, -1.0091 0.4858 0.1478, -1.0183 0.4912 0.1487, -0.9882 0.4693 0.1363, -0.9877 0.4776 0.1427, -1.0 0.4756 0.1424, -0.985 0.4707 0.1365, -0.9773 0.4738 0.137, -0.9754 0.4849 0.1439, -0.9698 0.4795 0.1379, -0.9678 0.481 0.1381, -0.9557 0.5036 0.1417, -0.9639 0.5045 0.147, -0.956 0.5011 0.1413, -0.9663 0.4972 0.1458, -0.9635 0.4865 0.139, -0.9702 0.4905 0.1448, -0.9606 0.4903 0.1396, -0.9587 0.4947 0.1403, -1.044 0.5011 0.1413, -1.0413 0.4947 0.1403, -1.0337 0.4972 0.1458, -1.0394 0.4903 0.1396, -1.0298 0.4905 0.1448, -1.0367 0.512 0.1479, -1.0455 0.5128 0.1432, -1.0361 0.5045 0.147, -1.0443 0.5036 0.1417, -1.0228 0.4738 0.137, -1.0123 0.4776 0.1427, -1.0246 0.4849 0.1439, -1.0365 0.4865 0.139, -1.0322 0.481 0.1381, -1.0303 0.4795 0.1379, -1.0338 0.5117 0.1496, -1.015 0.4707 0.1365, -1.0118 0.4693 0.1363, -1.0 0.4678 0.136, -0.9925 0.5109 0.1548, -0.9927 0.509 0.1545, -0.9975 0.5039 0.1537, -0.9981 0.5037 0.1537, -1.0 0.5035 0.1536, -1.002 0.5037 0.1537, -0.9633 0.512 0.1479, -0.9545 0.5128 0.1432, -0.9925 0.7732 0.1964, -1.0076 0.7732 0.1964, -1.0455 0.7751 0.1847, -1.0338 0.774 0.1911, -1.0209 0.7734 0.195, -0.8622 0.5789 0.1536, -0.8823 0.7751 0.1847, -0.9545 0.7751 0.1847, -0.8622 0.3435 0.1164, -0.9663 0.774 0.1911, -0.9791 0.7734 0.195, -0.9925 0.7907 0.2011, -0.9791 0.7912 0.1998, -0.9663 0.7926 0.1961, -0.9545 0.7949 0.19, -1.0076 0.7907 0.2011, -1.0076 0.8068 0.2093, -1.0076 1.0317 0.3553, -1.0076 1.0533 0.3674, -1.0076 1.0763 0.3766, -1.0076 1.1002 0.3827, -1.0076 1.1248 0.3856, -1.0076 1.1495 0.3852, -1.0076 1.174 0.3817, -1.0076 1.1978 0.375, -1.0209 1.1973 0.3737, -1.0338 1.196 0.37, -1.0338 1.1729 0.3765, -1.0338 1.1491 0.3799, -1.0338 1.1251 0.3802, -1.0338 1.1012 0.3774, -1.0338 1.0779 0.3715, -1.0338 1.0556 0.3626, -1.0338 1.0347 0.3509, -1.0209 1.1737 0.3804, -1.0209 1.1494 0.3839, -1.0209 1.1249 0.3842, -1.0209 1.1005 0.3813, -1.0209 1.0767 0.3753, -1.0209 1.0539 0.3662, -1.0209 1.0325 0.3542, -1.0455 0.8133 0.1994, -1.0338 0.8097 0.2048, -1.0209 0.8076 0.2082, -1.0455 0.7949 0.19, -1.0338 0.7926 0.1961, -1.0209 0.7912 0.1998, -0.8871 0.8133 0.1994, -0.8866 0.8096 0.1971, -0.8847 0.7949 0.1902, -0.8844 0.7929 0.1893, -0.8847 0.7949 0.1902, -0.8622 0.3158 0.0669, -0.8622 0.3158 0.1142, -1.1378 0.0323 0.0669, -1.1378 0.3158 0.0669, -1.1378 0.3158 0.1142, -1.1378 0.0323 0.1142, -1.1378 0.0048 0.0669, -1.1378 0.0048 0.1142, -1.1969 -0.0543 0.0669, -1.1969 -0.0543 0.1142, -1.1816 -0.0523 0.0669, -1.1816 -0.0523 0.1142, -1.1673 -0.0464 0.0669, -1.1673 -0.0464 0.1142, -1.1551 -0.037 0.0669, -1.1551 -0.037 0.1142, -1.1457 -0.0248 0.0669, -1.1457 -0.0248 0.1142, -1.1398 -0.0105 0.0669, -1.1398 -0.0105 0.1142, -1.2244 -0.0543 0.0669, -1.2244 -0.0543 0.1142, -1.2835 0.0048 0.0669, -1.2835 0.0048 0.1142, -1.2815 -0.0105 0.0669, -1.2815 -0.0105 0.1142, -1.2756 -0.0248 0.0669, -1.2756 -0.0248 0.1142, -1.2662 -0.037 0.0669, -1.2662 -0.037 0.1142, -1.2539 -0.0464 0.0669, -1.2539 -0.0464 0.1142, -1.2397 -0.0523 0.0669, -1.2397 -0.0523 0.1142, -1.2835 1.4922 0.0669, -1.2835 1.4922 0.1142, -1.2835 1.6662 0.1142, -1.2835 1.6662 0.0669, -1.2835 1.6835 0.0669, -1.2835 1.6835 0.1142, -1.2548 1.7342 0.0669, -1.2548 1.7342 0.1142, -1.2667 1.7247 0.0669, -1.2667 1.7247 0.1142, -1.2758 1.7126 0.0669, -1.2758 1.7126 0.1142, -1.2815 1.6986 0.0669, -1.2815 1.6986 0.1142, -1.1803 1.7789 0.0669, -1.1803 1.7789 0.1142, -1.1684 1.7883 0.0669, -1.1684 1.7883 0.1142, -1.1593 1.8004 0.0669, -1.1593 1.8004 0.1142, -1.1535 1.8145 0.0669, -1.1535 1.8145 0.1142, -1.1516 1.8295 0.0669, -1.1516 1.8295 0.1142, -1.1516 2.1504 0.1142, -1.1516 2.1504 0.0669, -1.1516 2.3236 0.1142, -1.3484 2.1504 0.1142, -1.3484 2.2161 0.1142, -1.3484 2.3236 0.1142, -1.3484 2.1213 0.1142, -1.3504 2.1062 0.1142, -1.3561 2.0922 0.1142, -1.3652 2.08 0.1142, -1.3771 2.0706 0.1142, -1.4123 2.0495 0.1142, -1.4242 2.0401 0.1142, -1.439 2.0139 0.1142, -1.4333 2.028 0.1142, -1.3484 2.1504 0.0669, -1.3484 2.1213 0.0669, -1.3771 2.0706 0.0669, -1.3652 2.08 0.0669, -1.3561 2.0922 0.0669, -1.3504 2.1062 0.0669, -1.4123 2.0495 0.0669, -1.4242 2.0401 0.0669, -1.4333 2.028 0.0669, -1.439 2.0139 0.0669, -1.3484 2.2161 0.0669, -1.3484 2.3443 0.1119, -1.3484 2.3639 0.1052, -1.3484 2.3816 0.0943, -1.3484 2.3965 0.0799, -1.1516 2.3443 0.1119, -1.1516 2.3639 0.1052, -1.1516 2.3816 0.0943, -1.1516 2.3965 0.0799, -1.1516 2.3729 0.0343, -1.1516 2.4093 0.0644, -1.3484 2.4093 0.0644, -1.3484 2.3729 0.0343, -1.3484 2.4457 0.0, -1.1516 2.4457 0.0, -1.1516 2.4251 0.0023, -1.3484 2.4251 0.0023, -1.1516 2.4054 0.009, -1.3484 2.4054 0.009, -1.1516 2.3877 0.0199, -1.3484 2.3877 0.0199, -1.1516 2.6622 0.0, -1.3484 2.6622 0.0, -1.3484 2.6622 0.0472, -1.1516 2.6622 0.0472, -1.1516 2.4457 0.0472, -1.1516 2.4167 0.0572, -1.1516 2.4256 0.0517, -1.1516 2.4354 0.0484, -1.3484 2.4167 0.0572, -1.3484 2.4256 0.0517, -1.3484 2.4354 0.0484, -1.3484 2.4457 0.0472, 1.9921 -2.3279 0.1811, 2.0394 -2.3279 0.1811, 2.0394 -2.3179 0.1739, 1.9921 -2.3179 0.1739, 2.0394 -2.3097 0.1647, 1.9921 -2.3097 0.1647, 2.0394 -2.3035 0.154, 1.9921 -2.3035 0.154, 2.0394 -2.2997 0.1423, 1.9921 -2.2997 0.1423, 2.0394 -2.2984 0.13, 1.9921 -2.2984 0.13, 1.9921 -2.3279 0.2834, 2.0394 -2.3279 0.2834, 1.9921 -2.3389 0.2752, 2.0394 -2.3389 0.2752, 1.9921 -2.3477 0.2647, 2.0394 -2.3477 0.2647, 1.9921 -2.3539 0.2525, 2.0394 -2.3539 0.2525, 1.9921 -2.3571 0.2391, 2.0394 -2.3571 0.2391, 1.9921 -2.3571 0.2254, 2.0394 -2.3571 0.2254, 1.9921 -2.3539 0.2121, 2.0394 -2.3539 0.2121, 1.9921 -2.3477 0.1998, 2.0394 -2.3477 0.1998, 1.9921 -2.3389 0.1893, 2.0394 -2.3389 0.1893, 1.9921 -2.2984 0.3346, 2.0394 -2.2984 0.3346, 2.0394 -2.2997 0.3223, 1.9921 -2.2997 0.3223, 2.0394 -2.3035 0.3105, 1.9921 -2.3035 0.3105, 2.0394 -2.3097 0.2999, 1.9921 -2.3097 0.2999, 2.0394 -2.3179 0.2907, 1.9921 -2.3179 0.2907, 1.9921 -2.2984 0.1063, 2.0394 -2.2984 0.1063, 1.9921 -2.2984 0.3425, 2.0394 -2.2984 0.3425, 2.0408 -2.7708 0.0932, 2.0394 -2.7708 0.1063, 1.9921 -2.7708 0.1063, 2.0984 -2.7708 0.0, 2.0984 -2.7708 0.0472, 2.08 -2.7708 0.0016, 2.0853 -2.7708 0.0487, 2.0621 -2.7708 0.0064, 2.0728 -2.7708 0.0531, 1.9937 -2.7708 0.0878, 1.9985 -2.7708 0.0699, 2.0452 -2.7708 0.0807, 2.0064 -2.7708 0.0531, 2.0522 -2.7708 0.0695, 2.017 -2.7708 0.038, 2.0616 -2.7708 0.0601, 2.0301 -2.7708 0.0249, 2.0453 -2.7708 0.0142, 2.4409 -2.7708 0.0, 2.4409 -2.6527 0.0, 2.4409 -2.7708 0.0472, 2.4409 -2.6527 0.0472, 2.4016 -2.6527 0.0, 2.3759 -2.4224 0.0, 2.0984 -2.2984 0.0, 2.3884 -2.418 0.0, 2.4409 -2.2984 0.0, 2.4016 -2.4165 0.0, 2.4409 -2.4165 0.0, 2.3647 -2.4294 0.0, 2.3554 -2.4387 0.0, 2.3484 -2.4499 0.0, 2.344 -2.6068 0.0, 2.3484 -2.6193 0.0, 2.3554 -2.6305 0.0, 2.3647 -2.6398 0.0, 2.3759 -2.6469 0.0, 2.3884 -2.6512 0.0, 2.344 -2.4624 0.0, 2.3425 -2.4756 0.0, 2.3425 -2.5937 0.0, 2.0984 -2.2984 0.0472, 2.4409 -2.2984 0.0472, 2.4409 -2.4165 0.0472, 2.4016 -2.4165 0.0472, 2.3884 -2.418 0.0472, 2.3759 -2.4224 0.0472, 2.3647 -2.4294 0.0472, 2.3554 -2.4387 0.0472, 2.3484 -2.4499 0.0472, 2.344 -2.4624 0.0472, 2.3425 -2.4756 0.0472, 2.3425 -2.5937 0.0472, 2.344 -2.6068 0.0472, 2.3484 -2.6193 0.0472, 2.3554 -2.6305 0.0472, 2.3647 -2.6398 0.0472, 2.3759 -2.6469 0.0472, 2.3884 -2.6512 0.0472, 2.4016 -2.6527 0.0472, 2.0408 -2.2984 0.0932, 2.0452 -2.2984 0.0807, 2.0522 -2.2984 0.0695, 2.0616 -2.2984 0.0601, 2.0728 -2.2984 0.0531, 2.0853 -2.2984 0.0487, 2.08 -2.2984 0.0016, 2.0621 -2.2984 0.0064, 2.0453 -2.2984 0.0142, 2.0301 -2.2984 0.0249, 2.017 -2.2984 0.038, 1.9937 -2.2984 0.0878, 1.9985 -2.2984 0.0699, 2.0064 -2.2984 0.0531, 1.9921 -2.3575 0.4016, 1.9921 -2.7118 0.4016, 1.9921 -2.7249 0.4001, 1.9921 -2.7374 0.3957, 1.9921 -2.7215 0.2647, 1.9921 -2.7413 0.1811, 1.9921 -2.7303 0.1893, 1.9921 -2.3042 0.3681, 1.9921 -2.3318 0.3957, 1.9921 -2.3113 0.3793, 1.9921 -2.3206 0.3887, 1.9921 -2.3443 0.4001, 1.9921 -2.2999 0.3557, 1.9921 -2.7215 0.1998, 1.9921 -2.7153 0.2121, 1.9921 -2.7122 0.2254, 1.9921 -2.7122 0.2391, 1.9921 -2.7153 0.2525, 1.9921 -2.765 0.3681, 1.9921 -2.758 0.3793, 1.9921 -2.7486 0.3887, 1.9921 -2.7708 0.13, 1.9921 -2.7695 0.1423, 1.9921 -2.7657 0.154, 1.9921 -2.7596 0.1647, 1.9921 -2.7513 0.1739, 1.9921 -2.7303 0.2752, 1.9921 -2.7413 0.2834, 1.9921 -2.7513 0.2907, 1.9921 -2.7596 0.2999, 1.9921 -2.7657 0.3105, 1.9921 -2.7695 0.3223, 1.9921 -2.7708 0.3346, 1.9921 -2.7708 0.3425, 1.9921 -2.7694 0.3557, 2.0394 -2.7708 0.13, 2.0394 -2.7695 0.1423, 2.0394 -2.7657 0.154, 2.0394 -2.7596 0.1647, 2.0394 -2.7513 0.1739, 2.0394 -2.7413 0.1811, 2.0394 -2.7303 0.1893, 2.0394 -2.7215 0.1998, 2.0394 -2.7153 0.2121, 2.0394 -2.7122 0.2254, 2.0394 -2.7122 0.2391, 2.0394 -2.7153 0.2525, 2.0394 -2.7215 0.2647, 2.0394 -2.7303 0.2752, 2.0394 -2.7413 0.2834, 2.0394 -2.7513 0.2907, 2.0394 -2.7596 0.2999, 2.0394 -2.7657 0.3105, 2.0394 -2.7695 0.3223, 2.0394 -2.7708 0.3346, 2.0394 -2.7708 0.3425, 2.0394 -2.7694 0.3557, 2.0394 -2.765 0.3681, 2.0394 -2.758 0.3793, 2.0394 -2.7486 0.3887, 2.0394 -2.7374 0.3957, 2.0394 -2.7249 0.4001, 2.0394 -2.7118 0.4016, 2.0394 -2.3575 0.4016, 2.0394 -2.3443 0.4001, 2.0394 -2.3318 0.3957, 2.0394 -2.3206 0.3887, 2.0394 -2.3113 0.3793, 2.0394 -2.3042 0.3681, 2.0394 -2.2999 0.3557
            ]
        }
        coordIndex [
            0,1,2,-1,2,1,3,-1,2,3,4,-1,4,3,5,-1,4,5,6,-1,6,5,7,-1,6,7,8,-1,8,7,9,-1,10,11,12,-1,12,11,13,-1,10,12,14,-1,10,14,15,-1,15,14,16,-1,15,16,17,-1,17,16,18,-1,17,18,19,-1,19,18,20,-1,19,20,21,-1,21,20,22,-1,21,22,23,-1,23,22,24,-1,23,24,25,-1,26,25,27,-1,27,25,24,-1,26,27,28,-1,26,28,29,-1,29,28,30,-1,29,30,31,-1,31,30,32,-1,31,32,33,-1,33,32,34,-1,33,34,35,-1,35,34,36,-1,35,36,37,-1,37,36,38,-1,37,38,39,-1,40,39,41,-1,41,39,38,-1,42,43,44,-1,43,42,45,-1,46,47,48,-1,49,50,51,-1,52,53,54,-1,55,56,57,-1,57,56,58,-1,59,60,61,-1,62,63,64,-1,65,66,67,-1,68,69,70,-1,71,72,70,-1,73,74,75,-1,76,77,78,-1,78,77,74,-1,74,77,75,-1,75,77,79,-1,75,79,80,-1,81,82,83,-1,83,82,80,-1,83,80,84,-1,84,80,79,-1,81,85,82,-1,82,85,86,-1,82,86,87,-1,72,71,88,-1,88,71,89,-1,88,89,90,-1,68,70,91,-1,87,91,82,-1,82,91,70,-1,82,70,80,-1,80,70,72,-1,80,72,75,-1,75,72,88,-1,75,88,73,-1,73,88,90,-1,92,93,94,-1,94,93,95,-1,94,95,96,-1,97,96,98,-1,98,96,95,-1,98,95,99,-1,99,95,66,-1,65,67,100,-1,66,95,67,-1,67,95,93,-1,67,93,101,-1,101,93,92,-1,101,92,64,-1,64,92,102,-1,64,102,62,-1,103,104,105,-1,105,104,100,-1,105,100,61,-1,61,100,106,-1,61,106,59,-1,107,108,109,-1,109,108,110,-1,109,110,111,-1,111,110,112,-1,113,114,115,-1,115,114,116,-1,115,116,117,-1,117,116,118,-1,117,118,112,-1,112,118,119,-1,112,119,111,-1,120,121,113,-1,113,121,122,-1,113,122,114,-1,58,123,57,-1,57,123,124,-1,57,124,120,-1,120,124,125,-1,120,125,121,-1,126,55,127,-1,127,55,57,-1,127,57,128,-1,128,57,120,-1,128,120,129,-1,129,120,113,-1,129,113,130,-1,130,113,115,-1,130,115,131,-1,131,115,117,-1,131,117,132,-1,132,117,112,-1,132,112,133,-1,133,112,110,-1,133,110,134,-1,134,110,108,-1,135,136,137,-1,137,136,138,-1,137,138,139,-1,139,138,140,-1,139,140,141,-1,142,143,144,-1,144,143,145,-1,144,145,140,-1,140,145,146,-1,140,146,141,-1,51,50,147,-1,147,50,148,-1,147,148,142,-1,142,148,149,-1,142,149,143,-1,47,51,48,-1,48,51,147,-1,48,147,150,-1,150,147,142,-1,150,142,151,-1,151,142,144,-1,151,144,152,-1,152,144,140,-1,152,140,54,-1,54,140,138,-1,54,138,52,-1,52,138,136,-1,153,45,154,-1,154,45,42,-1,154,42,155,-1,89,155,90,-1,90,155,42,-1,90,42,73,-1,73,42,44,-1,73,44,74,-1,74,44,156,-1,74,156,78,-1,78,156,157,-1,78,157,76,-1,76,157,158,-1,159,126,160,-1,160,126,127,-1,160,127,161,-1,161,127,128,-1,161,128,162,-1,162,128,129,-1,162,129,163,-1,163,129,130,-1,163,130,164,-1,164,130,131,-1,164,131,165,-1,165,131,132,-1,165,132,166,-1,166,132,133,-1,166,133,167,-1,167,133,134,-1,167,134,168,-1,168,134,108,-1,168,108,169,-1,169,108,107,-1,169,107,170,-1,171,172,173,-1,100,67,106,-1,106,67,101,-1,106,101,59,-1,59,101,64,-1,59,64,173,-1,173,64,63,-1,173,63,171,-1,60,59,174,-1,174,59,173,-1,174,173,175,-1,175,173,172,-1,175,172,176,-1,177,178,92,-1,92,178,179,-1,92,179,102,-1,103,159,104,-1,104,159,160,-1,104,160,100,-1,100,160,161,-1,100,161,65,-1,65,161,162,-1,65,162,66,-1,66,162,163,-1,66,163,99,-1,99,163,164,-1,99,164,98,-1,98,164,165,-1,98,165,97,-1,97,165,166,-1,97,166,180,-1,180,166,167,-1,180,167,46,-1,46,167,168,-1,46,168,47,-1,47,168,169,-1,47,169,51,-1,51,169,170,-1,51,170,49,-1,69,177,70,-1,70,177,92,-1,70,92,71,-1,71,92,94,-1,71,94,89,-1,89,94,96,-1,89,96,155,-1,155,96,97,-1,155,97,154,-1,154,97,180,-1,154,180,153,-1,153,180,46,-1,153,46,45,-1,45,46,48,-1,45,48,43,-1,43,48,150,-1,43,150,44,-1,44,150,151,-1,44,151,156,-1,156,151,152,-1,156,152,157,-1,157,152,54,-1,157,54,158,-1,158,54,53,-1,181,182,183,-1,181,183,184,-1,184,183,185,-1,184,185,186,-1,186,185,187,-1,186,187,188,-1,189,190,191,-1,192,193,194,-1,195,196,197,-1,198,199,200,-1,200,199,201,-1,200,201,202,-1,203,204,205,-1,203,205,206,-1,206,205,207,-1,206,207,201,-1,201,207,208,-1,201,208,202,-1,209,210,211,-1,211,210,212,-1,211,212,213,-1,213,212,194,-1,213,194,214,-1,190,192,191,-1,191,192,194,-1,191,194,215,-1,215,194,212,-1,215,212,216,-1,216,212,210,-1,216,210,217,-1,217,210,218,-1,217,218,219,-1,219,218,203,-1,219,203,220,-1,220,203,206,-1,220,206,197,-1,197,206,201,-1,197,201,195,-1,195,201,199,-1,221,222,223,-1,221,224,222,-1,222,224,225,-1,222,225,226,-1,226,225,227,-1,226,227,228,-1,229,230,231,-1,231,230,232,-1,228,233,234,-1,234,233,235,-1,234,235,232,-1,232,235,236,-1,232,236,231,-1,237,238,239,-1,239,238,240,-1,239,240,241,-1,242,243,244,-1,244,243,245,-1,244,245,237,-1,246,247,248,-1,240,249,241,-1,241,249,250,-1,241,250,248,-1,248,250,251,-1,248,251,246,-1,237,239,244,-1,244,239,252,-1,244,252,242,-1,246,253,247,-1,247,253,254,-1,247,254,223,-1,223,254,255,-1,223,255,221,-1,193,256,194,-1,194,256,257,-1,194,257,214,-1,209,258,210,-1,210,258,259,-1,210,259,218,-1,218,259,260,-1,218,260,203,-1,203,260,261,-1,203,261,204,-1,215,234,191,-1,191,234,232,-1,191,232,189,-1,189,232,230,-1,189,230,262,-1,262,230,229,-1,262,229,263,-1,228,234,226,-1,226,234,215,-1,226,215,222,-1,222,215,216,-1,222,216,223,-1,223,216,217,-1,223,217,247,-1,247,217,219,-1,247,219,248,-1,248,219,220,-1,248,220,241,-1,241,220,197,-1,241,197,239,-1,239,197,196,-1,239,196,252,-1,263,264,262,-1,262,264,265,-1,262,265,189,-1,189,265,190,-1,190,265,266,-1,190,266,192,-1,192,266,193,-1,193,266,267,-1,193,267,256,-1,267,268,256,-1,256,268,198,-1,256,198,257,-1,257,198,214,-1,198,200,214,-1,214,200,202,-1,214,202,208,-1,204,258,209,-1,208,207,214,-1,214,207,205,-1,214,205,204,-1,258,204,259,-1,259,204,261,-1,259,261,260,-1,209,211,204,-1,204,211,213,-1,204,213,214,-1,243,242,269,-1,269,242,270,-1,242,252,270,-1,270,252,196,-1,270,196,271,-1,198,268,199,-1,199,268,271,-1,199,271,195,-1,195,271,196,-1,269,270,272,-1,270,271,273,-1,271,268,274,-1,275,276,277,-1,277,276,278,-1,277,278,272,-1,272,278,279,-1,272,279,269,-1,280,281,275,-1,275,281,282,-1,275,282,276,-1,283,284,285,-1,285,284,286,-1,285,286,280,-1,280,286,287,-1,280,287,281,-1,271,274,273,-1,273,274,288,-1,273,288,289,-1,289,288,290,-1,289,290,291,-1,291,290,292,-1,291,292,293,-1,293,292,294,-1,293,294,295,-1,295,294,296,-1,295,296,297,-1,270,273,272,-1,272,273,289,-1,272,289,277,-1,277,289,291,-1,277,291,275,-1,275,291,293,-1,275,293,280,-1,280,293,295,-1,280,295,285,-1,285,295,297,-1,285,297,283,-1,298,299,283,-1,283,299,300,-1,283,300,284,-1,301,187,302,-1,302,187,185,-1,302,185,303,-1,303,185,183,-1,296,301,297,-1,297,301,302,-1,297,302,283,-1,283,302,303,-1,283,303,298,-1,298,303,183,-1,298,183,182,-1,304,305,306,-1,307,308,309,-1,309,308,310,-1,307,309,311,-1,311,309,312,-1,311,312,313,-1,306,305,312,-1,312,305,314,-1,312,314,313,-1,315,316,317,-1,317,318,315,-1,315,318,319,-1,315,319,306,-1,306,319,320,-1,306,320,304,-1,321,322,323,-1,323,324,321,-1,321,324,325,-1,321,325,316,-1,316,325,326,-1,316,326,317,-1,327,310,328,-1,328,310,308,-1,329,330,331,-1,331,330,332,-1,331,332,333,-1,333,332,334,-1,334,332,335,-1,334,335,336,-1,336,335,337,-1,337,335,338,-1,337,338,339,-1,339,338,340,-1,340,338,341,-1,340,341,342,-1,343,344,328,-1,328,344,345,-1,344,346,345,-1,345,346,347,-1,345,347,348,-1,347,349,348,-1,348,349,350,-1,348,350,351,-1,352,353,354,-1,354,353,351,-1,354,351,355,-1,355,351,350,-1,356,357,358,-1,358,357,353,-1,353,357,351,-1,351,357,359,-1,351,359,348,-1,327,328,360,-1,360,328,345,-1,360,345,361,-1,361,345,348,-1,361,348,362,-1,362,348,359,-1,182,363,298,-1,298,363,364,-1,298,364,299,-1,299,364,300,-1,300,364,365,-1,300,365,284,-1,366,287,365,-1,365,287,286,-1,365,286,284,-1,278,276,367,-1,367,276,282,-1,367,282,366,-1,366,282,281,-1,366,281,287,-1,278,367,279,-1,279,367,368,-1,279,368,269,-1,369,359,370,-1,370,359,357,-1,370,357,371,-1,369,372,359,-1,359,372,373,-1,359,373,362,-1,374,361,375,-1,375,361,362,-1,375,362,376,-1,376,362,373,-1,374,377,361,-1,361,377,378,-1,361,378,360,-1,264,327,379,-1,379,327,360,-1,379,360,380,-1,380,360,378,-1,381,382,363,-1,363,382,341,-1,332,330,368,-1,363,341,364,-1,364,341,338,-1,364,338,365,-1,365,338,335,-1,365,335,366,-1,366,335,332,-1,366,332,367,-1,367,332,368,-1,330,383,368,-1,368,383,384,-1,243,269,368,-1,240,238,384,-1,384,238,237,-1,384,237,368,-1,368,237,245,-1,368,245,243,-1,240,384,249,-1,249,384,385,-1,249,385,250,-1,250,385,386,-1,250,386,251,-1,251,386,387,-1,251,387,246,-1,246,387,388,-1,246,388,253,-1,253,388,389,-1,253,389,254,-1,231,310,229,-1,229,310,327,-1,229,327,263,-1,263,327,264,-1,389,390,254,-1,254,390,391,-1,254,391,255,-1,255,391,322,-1,255,322,221,-1,221,322,321,-1,221,321,224,-1,224,321,316,-1,224,316,225,-1,225,316,315,-1,225,315,227,-1,227,315,306,-1,227,306,228,-1,228,306,312,-1,228,312,233,-1,233,312,309,-1,233,309,235,-1,235,309,310,-1,235,310,236,-1,236,310,231,-1,322,391,323,-1,323,391,392,-1,319,318,393,-1,393,318,317,-1,393,317,326,-1,326,325,393,-1,393,325,324,-1,393,324,323,-1,311,313,393,-1,393,313,314,-1,393,314,305,-1,394,395,396,-1,396,395,397,-1,396,397,398,-1,323,392,393,-1,393,392,396,-1,393,396,399,-1,399,396,398,-1,305,304,393,-1,393,304,320,-1,393,320,319,-1,400,396,401,-1,401,396,402,-1,400,403,396,-1,396,403,404,-1,396,404,394,-1,402,396,390,-1,390,396,392,-1,390,392,391,-1,402,390,401,-1,401,390,389,-1,401,389,400,-1,400,389,403,-1,403,389,388,-1,403,388,404,-1,404,388,394,-1,394,388,387,-1,394,387,395,-1,395,387,397,-1,397,387,386,-1,397,386,398,-1,398,386,399,-1,399,386,385,-1,399,385,393,-1,393,385,405,-1,405,385,384,-1,405,384,383,-1,58,343,328,-1,125,124,308,-1,139,383,137,-1,137,383,330,-1,137,330,135,-1,135,330,329,-1,139,141,383,-1,383,141,146,-1,383,146,405,-1,405,146,145,-1,405,145,393,-1,393,145,143,-1,393,143,149,-1,308,124,328,-1,328,124,123,-1,328,123,58,-1,149,148,393,-1,393,148,50,-1,393,50,49,-1,118,311,119,-1,119,311,111,-1,118,116,311,-1,311,116,114,-1,311,114,307,-1,307,114,122,-1,307,122,308,-1,308,122,121,-1,308,121,125,-1,49,170,393,-1,393,170,107,-1,393,107,311,-1,311,107,109,-1,311,109,111,-1,83,406,81,-1,81,406,407,-1,81,407,85,-1,83,84,406,-1,406,84,79,-1,406,79,408,-1,79,77,408,-1,408,77,76,-1,408,76,409,-1,76,158,409,-1,409,158,53,-1,409,53,410,-1,135,329,136,-1,136,329,410,-1,136,410,52,-1,52,410,53,-1,177,69,176,-1,91,87,411,-1,176,69,411,-1,411,69,68,-1,411,68,91,-1,87,86,411,-1,411,86,85,-1,411,85,407,-1,176,172,171,-1,171,63,176,-1,176,63,62,-1,176,62,102,-1,102,179,176,-1,176,179,178,-1,176,178,177,-1,176,411,175,-1,175,411,412,-1,105,61,413,-1,413,61,60,-1,413,60,412,-1,412,60,174,-1,412,174,175,-1,105,413,103,-1,103,413,414,-1,103,414,159,-1,159,414,126,-1,126,414,415,-1,126,415,55,-1,55,415,56,-1,56,415,343,-1,56,343,58,-1,349,347,416,-1,412,417,418,-1,419,420,421,-1,422,419,423,-1,412,411,417,-1,417,411,424,-1,417,424,425,-1,426,427,428,-1,422,423,429,-1,430,418,431,-1,431,418,417,-1,431,417,426,-1,426,417,425,-1,426,425,427,-1,432,430,433,-1,433,430,431,-1,433,431,434,-1,434,431,426,-1,434,426,435,-1,435,426,428,-1,435,428,429,-1,416,436,437,-1,413,437,414,-1,414,437,436,-1,414,436,415,-1,415,436,344,-1,415,344,343,-1,416,347,436,-1,436,347,346,-1,436,346,344,-1,350,349,432,-1,432,349,416,-1,432,416,430,-1,430,416,437,-1,430,437,418,-1,418,437,413,-1,418,413,412,-1,438,354,355,-1,429,423,435,-1,435,423,439,-1,435,439,434,-1,434,439,440,-1,434,440,433,-1,433,440,438,-1,433,438,432,-1,432,438,355,-1,432,355,350,-1,419,421,423,-1,423,421,441,-1,423,441,439,-1,439,441,442,-1,439,442,440,-1,440,442,443,-1,440,443,438,-1,438,443,352,-1,438,352,354,-1,420,444,421,-1,421,444,445,-1,421,445,441,-1,441,445,446,-1,441,446,442,-1,442,446,447,-1,442,447,443,-1,443,447,448,-1,443,448,352,-1,352,448,449,-1,450,451,452,-1,453,454,455,-1,452,451,456,-1,453,455,457,-1,458,459,460,-1,456,451,455,-1,455,451,461,-1,455,461,457,-1,462,463,464,-1,464,463,455,-1,464,455,465,-1,465,455,454,-1,458,460,452,-1,452,460,466,-1,452,466,450,-1,467,468,469,-1,468,467,470,-1,471,472,473,-1,474,475,476,-1,477,478,479,-1,480,481,482,-1,482,481,483,-1,484,485,486,-1,459,458,487,-1,488,489,490,-1,457,461,491,-1,492,493,491,-1,494,495,496,-1,497,498,499,-1,499,498,495,-1,495,498,496,-1,496,498,500,-1,496,500,501,-1,502,503,504,-1,504,503,501,-1,504,501,505,-1,505,501,500,-1,502,464,503,-1,503,464,465,-1,503,465,454,-1,493,492,506,-1,506,492,507,-1,506,507,508,-1,457,491,453,-1,454,453,503,-1,503,453,491,-1,503,491,501,-1,501,491,493,-1,501,493,496,-1,496,493,506,-1,496,506,494,-1,494,506,508,-1,509,510,511,-1,511,510,512,-1,511,512,513,-1,514,513,515,-1,515,513,512,-1,515,512,516,-1,516,512,489,-1,488,490,517,-1,489,512,490,-1,490,512,510,-1,490,510,518,-1,518,510,509,-1,518,509,487,-1,487,509,460,-1,487,460,459,-1,519,520,521,-1,521,520,517,-1,521,517,486,-1,486,517,522,-1,486,522,484,-1,523,524,525,-1,525,524,526,-1,525,526,527,-1,527,526,528,-1,529,530,531,-1,531,530,532,-1,531,532,533,-1,533,532,534,-1,533,534,528,-1,528,534,535,-1,528,535,527,-1,536,537,529,-1,529,537,538,-1,529,538,530,-1,483,539,482,-1,482,539,540,-1,482,540,536,-1,536,540,541,-1,536,541,537,-1,542,480,543,-1,543,480,482,-1,543,482,544,-1,544,482,536,-1,544,536,545,-1,545,536,529,-1,545,529,546,-1,546,529,531,-1,546,531,547,-1,547,531,533,-1,547,533,548,-1,548,533,528,-1,548,528,549,-1,549,528,526,-1,549,526,550,-1,550,526,524,-1,551,552,553,-1,553,552,554,-1,553,554,555,-1,555,554,556,-1,555,556,557,-1,558,559,560,-1,560,559,561,-1,560,561,556,-1,556,561,562,-1,556,562,557,-1,476,475,563,-1,563,475,564,-1,563,564,558,-1,558,564,565,-1,558,565,559,-1,472,476,473,-1,473,476,563,-1,473,563,566,-1,566,563,558,-1,566,558,567,-1,567,558,560,-1,567,560,568,-1,568,560,556,-1,568,556,479,-1,479,556,554,-1,479,554,477,-1,477,554,552,-1,569,470,570,-1,570,470,467,-1,570,467,571,-1,507,571,508,-1,508,571,467,-1,508,467,494,-1,494,467,469,-1,494,469,495,-1,495,469,572,-1,495,572,499,-1,499,572,573,-1,499,573,497,-1,497,573,574,-1,575,542,576,-1,576,542,543,-1,576,543,577,-1,577,543,544,-1,577,544,578,-1,578,544,545,-1,578,545,579,-1,579,545,546,-1,579,546,580,-1,580,546,547,-1,580,547,581,-1,581,547,548,-1,581,548,582,-1,582,548,549,-1,582,549,583,-1,583,549,550,-1,583,550,584,-1,584,550,524,-1,584,524,585,-1,585,524,523,-1,585,523,586,-1,452,456,587,-1,517,490,522,-1,522,490,518,-1,522,518,484,-1,484,518,487,-1,484,487,587,-1,587,487,458,-1,587,458,452,-1,485,484,588,-1,588,484,587,-1,588,587,589,-1,589,587,456,-1,589,456,455,-1,451,450,509,-1,509,450,466,-1,509,466,460,-1,519,575,520,-1,520,575,576,-1,520,576,517,-1,517,576,577,-1,517,577,488,-1,488,577,578,-1,488,578,489,-1,489,578,579,-1,489,579,516,-1,516,579,580,-1,516,580,515,-1,515,580,581,-1,515,581,514,-1,514,581,582,-1,514,582,590,-1,590,582,583,-1,590,583,471,-1,471,583,584,-1,471,584,472,-1,472,584,585,-1,472,585,476,-1,476,585,586,-1,476,586,474,-1,461,451,491,-1,491,451,509,-1,491,509,492,-1,492,509,511,-1,492,511,507,-1,507,511,513,-1,507,513,571,-1,571,513,514,-1,571,514,570,-1,570,514,590,-1,570,590,569,-1,569,590,471,-1,569,471,470,-1,470,471,473,-1,470,473,468,-1,468,473,566,-1,468,566,469,-1,469,566,567,-1,469,567,572,-1,572,567,568,-1,572,568,573,-1,573,568,479,-1,573,479,574,-1,574,479,478,-1,462,464,502,-1,462,502,591,-1,591,502,504,-1,591,504,592,-1,592,504,505,-1,592,505,500,-1,500,498,592,-1,592,498,497,-1,592,497,593,-1,497,574,593,-1,593,574,478,-1,593,478,594,-1,551,595,552,-1,552,595,594,-1,552,594,477,-1,477,594,478,-1,596,462,591,-1,444,596,597,-1,444,597,445,-1,445,597,598,-1,445,598,446,-1,446,598,599,-1,446,599,447,-1,447,599,600,-1,447,600,448,-1,448,600,601,-1,448,601,449,-1,596,591,597,-1,597,591,592,-1,597,592,598,-1,598,592,593,-1,598,593,599,-1,599,593,594,-1,599,594,600,-1,600,594,595,-1,600,595,601,-1,444,602,603,-1,444,603,596,-1,596,603,463,-1,596,463,462,-1,604,602,420,-1,420,602,444,-1,411,407,424,-1,424,407,605,-1,424,605,425,-1,425,605,606,-1,425,606,427,-1,427,606,607,-1,427,607,428,-1,428,607,608,-1,428,608,429,-1,429,608,609,-1,429,609,422,-1,422,609,610,-1,422,610,419,-1,419,610,611,-1,419,611,420,-1,420,611,604,-1,608,607,612,-1,410,613,614,-1,340,342,615,-1,339,340,616,-1,410,329,613,-1,613,329,331,-1,613,331,333,-1,617,334,336,-1,339,616,337,-1,618,614,619,-1,619,614,613,-1,619,613,617,-1,617,613,333,-1,617,333,334,-1,620,618,621,-1,621,618,619,-1,621,619,622,-1,622,619,617,-1,622,617,623,-1,623,617,336,-1,623,336,337,-1,612,624,625,-1,409,625,408,-1,408,625,624,-1,408,624,406,-1,406,624,605,-1,406,605,407,-1,612,607,624,-1,624,607,606,-1,624,606,605,-1,609,608,620,-1,620,608,612,-1,620,612,618,-1,618,612,625,-1,618,625,614,-1,614,625,409,-1,614,409,410,-1,626,611,610,-1,337,616,623,-1,623,616,627,-1,623,627,622,-1,622,627,628,-1,622,628,621,-1,621,628,626,-1,621,626,620,-1,620,626,610,-1,620,610,609,-1,340,615,616,-1,616,615,629,-1,616,629,627,-1,627,629,630,-1,627,630,628,-1,628,630,631,-1,628,631,626,-1,626,631,604,-1,626,604,611,-1,602,604,632,-1,632,604,631,-1,632,631,633,-1,633,631,630,-1,633,630,634,-1,634,630,629,-1,634,629,635,-1,635,629,615,-1,635,615,636,-1,636,615,342,-1,637,638,639,-1,636,637,640,-1,636,640,635,-1,635,640,641,-1,635,641,634,-1,634,641,642,-1,634,642,633,-1,633,642,643,-1,633,643,632,-1,632,643,603,-1,632,603,602,-1,637,639,640,-1,640,639,644,-1,640,644,641,-1,641,644,645,-1,641,645,642,-1,642,645,646,-1,642,646,643,-1,643,646,463,-1,643,463,603,-1,455,463,589,-1,589,463,646,-1,589,646,588,-1,588,646,485,-1,542,575,644,-1,644,575,519,-1,644,519,645,-1,645,519,521,-1,645,521,646,-1,646,521,486,-1,646,486,485,-1,542,644,480,-1,480,644,639,-1,480,639,481,-1,481,639,638,-1,481,638,483,-1,532,530,647,-1,647,530,538,-1,647,538,537,-1,638,648,483,-1,483,648,649,-1,650,651,595,-1,537,541,647,-1,647,541,540,-1,647,540,649,-1,649,540,539,-1,649,539,483,-1,595,551,650,-1,650,551,553,-1,650,553,652,-1,652,553,555,-1,652,555,557,-1,557,562,652,-1,652,562,561,-1,652,561,559,-1,525,527,647,-1,559,565,652,-1,652,565,564,-1,652,564,475,-1,527,535,647,-1,647,535,534,-1,647,534,532,-1,475,474,652,-1,652,474,586,-1,652,586,647,-1,647,586,523,-1,647,523,525,-1,636,653,637,-1,637,653,654,-1,637,654,638,-1,638,654,648,-1,655,449,656,-1,656,449,601,-1,656,601,657,-1,657,601,658,-1,658,601,595,-1,658,595,651,-1,342,341,636,-1,636,341,382,-1,636,382,653,-1,353,352,358,-1,358,352,449,-1,358,449,655,-1,358,655,356,-1,356,655,659,-1,659,655,656,-1,659,656,660,-1,651,661,658,-1,658,661,660,-1,658,660,662,-1,662,660,656,-1,663,661,650,-1,650,661,651,-1,664,663,652,-1,652,663,650,-1,665,666,667,-1,668,669,670,-1,671,672,673,-1,674,675,676,-1,676,675,677,-1,676,677,678,-1,679,680,681,-1,679,681,682,-1,682,681,683,-1,682,683,677,-1,677,683,684,-1,677,684,678,-1,685,686,687,-1,687,686,688,-1,687,688,689,-1,689,688,670,-1,689,670,690,-1,666,668,667,-1,667,668,670,-1,667,670,691,-1,691,670,688,-1,691,688,692,-1,692,688,686,-1,692,686,693,-1,693,686,694,-1,693,694,695,-1,695,694,679,-1,695,679,696,-1,696,679,682,-1,696,682,673,-1,673,682,677,-1,673,677,671,-1,671,677,675,-1,697,698,699,-1,697,700,698,-1,698,700,701,-1,698,701,702,-1,702,701,703,-1,702,703,704,-1,705,706,707,-1,707,706,708,-1,704,709,710,-1,710,709,711,-1,710,711,708,-1,708,711,712,-1,708,712,707,-1,713,714,715,-1,715,714,716,-1,715,716,717,-1,718,719,720,-1,720,719,721,-1,720,721,713,-1,722,723,724,-1,716,725,717,-1,717,725,726,-1,717,726,724,-1,724,726,727,-1,724,727,722,-1,713,715,720,-1,720,715,728,-1,720,728,718,-1,722,729,723,-1,723,729,730,-1,723,730,699,-1,699,730,731,-1,699,731,697,-1,669,732,670,-1,670,732,733,-1,670,733,690,-1,685,734,686,-1,686,734,735,-1,686,735,694,-1,694,735,736,-1,694,736,679,-1,679,736,737,-1,679,737,680,-1,691,710,667,-1,667,710,708,-1,667,708,665,-1,665,708,706,-1,665,706,738,-1,738,706,705,-1,738,705,739,-1,704,710,702,-1,702,710,691,-1,702,691,698,-1,698,691,692,-1,698,692,699,-1,699,692,693,-1,699,693,723,-1,723,693,695,-1,723,695,724,-1,724,695,696,-1,724,696,717,-1,717,696,673,-1,717,673,715,-1,715,673,672,-1,715,672,728,-1,690,674,676,-1,740,741,732,-1,732,741,674,-1,732,674,733,-1,733,674,690,-1,676,678,690,-1,690,678,684,-1,690,684,683,-1,736,735,737,-1,737,735,680,-1,735,734,680,-1,680,734,685,-1,680,685,687,-1,683,681,690,-1,690,681,680,-1,690,680,689,-1,689,680,687,-1,719,718,742,-1,742,718,743,-1,718,728,743,-1,743,728,672,-1,743,672,744,-1,674,741,675,-1,675,741,744,-1,675,744,671,-1,671,744,672,-1,725,716,664,-1,745,746,747,-1,742,661,719,-1,719,661,663,-1,716,714,664,-1,664,714,713,-1,664,713,663,-1,663,713,721,-1,663,721,719,-1,729,722,664,-1,700,697,748,-1,748,697,731,-1,748,731,664,-1,664,731,730,-1,664,730,729,-1,722,727,664,-1,664,727,726,-1,664,726,725,-1,747,739,745,-1,745,739,705,-1,745,705,748,-1,748,705,707,-1,748,707,712,-1,712,711,748,-1,748,711,709,-1,748,709,704,-1,704,703,748,-1,748,703,701,-1,748,701,700,-1,739,747,738,-1,738,747,749,-1,738,749,665,-1,665,749,666,-1,666,749,750,-1,666,750,668,-1,668,750,669,-1,669,750,740,-1,669,740,732,-1,188,751,186,-1,186,751,752,-1,186,752,184,-1,184,752,753,-1,184,753,181,-1,181,753,754,-1,751,740,752,-1,752,740,750,-1,752,750,753,-1,753,750,749,-1,753,749,754,-1,754,749,747,-1,741,740,755,-1,755,740,751,-1,755,751,756,-1,756,751,188,-1,757,756,187,-1,187,756,188,-1,757,187,758,-1,758,187,301,-1,758,301,759,-1,759,301,296,-1,759,296,760,-1,760,296,294,-1,760,294,761,-1,761,294,292,-1,761,292,762,-1,762,292,290,-1,762,290,763,-1,763,290,288,-1,763,288,764,-1,764,288,274,-1,764,274,267,-1,267,274,268,-1,267,266,765,-1,265,264,379,-1,266,265,766,-1,766,265,379,-1,766,379,767,-1,767,379,380,-1,380,378,767,-1,767,378,377,-1,767,377,768,-1,768,377,374,-1,768,374,769,-1,374,375,769,-1,769,375,376,-1,769,376,770,-1,376,373,770,-1,770,373,372,-1,770,372,771,-1,771,372,369,-1,771,369,772,-1,369,370,772,-1,772,370,371,-1,772,371,773,-1,266,766,765,-1,765,766,767,-1,765,767,774,-1,774,767,768,-1,774,768,775,-1,775,768,769,-1,775,769,776,-1,776,769,770,-1,776,770,777,-1,777,770,771,-1,777,771,778,-1,778,771,772,-1,778,772,779,-1,779,772,773,-1,779,773,780,-1,267,765,764,-1,764,765,774,-1,764,774,763,-1,763,774,775,-1,763,775,762,-1,762,775,776,-1,762,776,761,-1,761,776,777,-1,761,777,760,-1,760,777,778,-1,760,778,759,-1,759,778,779,-1,759,779,758,-1,758,779,780,-1,758,780,757,-1,371,781,782,-1,371,782,773,-1,773,782,783,-1,773,783,780,-1,780,783,756,-1,780,756,757,-1,781,784,782,-1,782,784,785,-1,782,785,783,-1,783,785,786,-1,783,786,756,-1,756,786,755,-1,784,742,785,-1,785,742,743,-1,785,743,786,-1,786,743,744,-1,786,744,755,-1,755,744,741,-1,787,181,788,-1,788,181,754,-1,788,754,789,-1,789,754,790,-1,790,754,747,-1,790,747,746,-1,781,659,784,-1,784,659,660,-1,784,660,742,-1,742,660,661,-1,363,182,381,-1,381,182,181,-1,381,181,787,-1,371,357,781,-1,781,357,356,-1,781,356,659,-1,381,787,382,-1,382,787,653,-1,653,787,788,-1,653,788,654,-1,746,648,790,-1,790,648,654,-1,790,654,791,-1,791,654,788,-1,649,648,745,-1,745,648,746,-1,647,649,748,-1,748,649,745,-1,647,748,792,-1,792,748,793,-1,792,793,41,-1,41,793,40,-1,41,794,792,-1,792,794,795,-1,647,792,652,-1,652,792,795,-1,795,796,652,-1,652,796,664,-1,796,793,664,-1,664,793,748,-1,793,796,40,-1,40,796,797,-1,794,797,795,-1,795,797,796,-1,794,798,797,-1,797,798,799,-1,800,801,802,-1,802,801,803,-1,802,803,804,-1,804,803,805,-1,804,805,806,-1,806,805,807,-1,806,807,808,-1,808,807,809,-1,808,809,810,-1,810,809,811,-1,810,811,798,-1,798,811,799,-1,800,812,801,-1,801,812,813,-1,814,815,816,-1,816,815,817,-1,816,817,818,-1,818,817,819,-1,818,819,820,-1,820,819,821,-1,820,821,822,-1,822,821,823,-1,822,823,824,-1,824,823,825,-1,824,825,812,-1,812,825,813,-1,814,826,815,-1,815,826,827,-1,827,826,828,-1,828,826,829,-1,829,830,828,-1,828,830,831,-1,832,833,834,-1,834,833,835,-1,834,835,836,-1,836,835,837,-1,836,837,838,-1,838,837,839,-1,838,839,830,-1,830,839,831,-1,832,840,833,-1,833,840,841,-1,841,840,842,-1,841,842,843,-1,843,842,844,-1,843,844,845,-1,845,844,846,-1,845,846,847,-1,847,846,848,-1,847,848,849,-1,850,849,851,-1,851,849,848,-1,9,852,851,-1,851,852,850,-1,853,850,854,-1,854,850,852,-1,854,852,855,-1,801,813,25,-1,25,813,825,-1,25,825,23,-1,10,819,817,-1,801,25,803,-1,803,25,26,-1,803,26,805,-1,805,26,29,-1,805,29,31,-1,797,799,40,-1,40,799,811,-1,40,811,39,-1,39,811,809,-1,39,809,37,-1,37,809,807,-1,37,807,35,-1,35,807,805,-1,35,805,33,-1,33,805,31,-1,15,823,10,-1,10,823,821,-1,10,821,819,-1,15,17,823,-1,823,17,19,-1,823,19,825,-1,825,19,21,-1,825,21,23,-1,831,839,11,-1,11,839,837,-1,853,856,850,-1,850,856,857,-1,850,857,849,-1,817,815,10,-1,10,815,827,-1,10,827,11,-1,11,827,828,-1,11,828,831,-1,857,858,849,-1,849,858,859,-1,849,859,847,-1,847,859,860,-1,847,860,845,-1,845,860,843,-1,843,860,841,-1,841,860,861,-1,841,861,862,-1,837,835,11,-1,11,835,833,-1,11,833,863,-1,863,833,841,-1,863,841,864,-1,864,841,862,-1,865,866,853,-1,853,866,856,-1,867,860,868,-1,868,860,859,-1,868,859,869,-1,869,859,858,-1,869,858,870,-1,870,858,857,-1,870,857,866,-1,866,857,856,-1,867,871,860,-1,860,871,861,-1,861,871,872,-1,861,872,862,-1,862,872,873,-1,862,873,864,-1,864,873,874,-1,864,874,863,-1,863,874,13,-1,863,13,11,-1,866,865,851,-1,816,818,12,-1,12,818,820,-1,12,820,14,-1,14,820,822,-1,14,822,16,-1,794,41,798,-1,798,41,810,-1,868,869,848,-1,13,838,830,-1,34,32,806,-1,848,869,851,-1,851,869,870,-1,851,870,866,-1,824,24,822,-1,822,24,22,-1,22,20,822,-1,822,20,18,-1,822,18,16,-1,810,41,808,-1,808,41,38,-1,808,38,806,-1,806,38,36,-1,806,36,34,-1,27,804,28,-1,28,804,806,-1,28,806,30,-1,30,806,32,-1,842,840,867,-1,832,834,13,-1,13,834,836,-1,13,836,838,-1,830,829,13,-1,13,829,826,-1,13,826,12,-1,12,826,814,-1,12,814,816,-1,824,812,24,-1,24,812,800,-1,24,800,27,-1,27,800,802,-1,27,802,804,-1,842,867,844,-1,873,872,840,-1,840,872,871,-1,840,871,867,-1,868,848,867,-1,867,848,846,-1,867,846,844,-1,832,13,840,-1,840,13,874,-1,840,874,873,-1,8,9,875,-1,875,9,851,-1,875,851,865,-1,854,875,853,-1,853,875,865,-1,8,875,855,-1,855,875,854,-1,8,855,6,-1,6,855,876,-1,6,876,4,-1,4,876,877,-1,4,877,2,-1,2,877,878,-1,2,878,0,-1,0,878,879,-1,855,852,880,-1,855,880,876,-1,876,880,881,-1,876,881,877,-1,877,881,882,-1,877,882,878,-1,878,882,883,-1,878,883,879,-1,1,883,3,-1,3,883,882,-1,3,882,5,-1,5,882,881,-1,5,881,7,-1,7,881,880,-1,7,880,9,-1,9,880,852,-1,884,885,1,-1,1,885,883,-1,885,886,883,-1,883,886,879,-1,0,879,887,-1,887,879,886,-1,1,0,884,-1,884,0,887,-1,888,889,890,-1,888,890,891,-1,891,890,892,-1,891,892,893,-1,893,892,894,-1,893,894,895,-1,895,894,884,-1,895,884,887,-1,889,888,896,-1,896,888,897,-1,897,898,896,-1,896,898,899,-1,896,899,889,-1,889,899,900,-1,885,884,901,-1,901,884,894,-1,901,894,902,-1,902,894,892,-1,902,892,903,-1,903,892,890,-1,903,890,900,-1,900,890,889,-1,886,885,904,-1,904,885,901,-1,904,901,905,-1,905,901,902,-1,905,902,906,-1,906,902,903,-1,906,903,907,-1,907,903,900,-1,907,888,906,-1,906,888,891,-1,906,891,905,-1,905,891,893,-1,905,893,904,-1,904,893,895,-1,904,895,886,-1,886,895,887,-1,888,907,897,-1,897,907,898,-1,899,898,900,-1,900,898,907,-1,908,909,910,-1,908,910,911,-1,911,910,912,-1,911,912,913,-1,913,912,914,-1,913,914,915,-1,915,914,916,-1,915,916,917,-1,917,916,918,-1,917,918,919,-1,920,921,922,-1,922,921,923,-1,922,923,924,-1,924,923,925,-1,924,925,926,-1,926,925,927,-1,926,927,928,-1,928,927,929,-1,928,929,930,-1,930,929,931,-1,930,931,932,-1,932,931,933,-1,932,933,934,-1,934,933,935,-1,934,935,936,-1,936,935,937,-1,936,937,908,-1,908,937,909,-1,938,939,940,-1,938,940,941,-1,941,940,942,-1,941,942,943,-1,943,942,944,-1,943,944,945,-1,945,944,946,-1,945,946,947,-1,947,946,921,-1,947,921,920,-1,948,919,949,-1,949,919,918,-1,938,950,939,-1,939,950,951,-1,952,953,954,-1,955,956,957,-1,957,956,958,-1,957,958,959,-1,959,958,960,-1,954,961,952,-1,952,961,962,-1,952,962,963,-1,963,962,964,-1,963,964,965,-1,965,964,966,-1,965,966,967,-1,967,966,968,-1,967,968,960,-1,960,968,969,-1,960,969,959,-1,970,971,972,-1,972,971,973,-1,970,972,955,-1,955,972,956,-1,974,971,970,-1,975,976,977,-1,977,976,978,-1,977,978,979,-1,979,978,980,-1,975,981,976,-1,976,981,982,-1,976,982,983,-1,984,985,955,-1,955,985,986,-1,986,987,955,-1,955,987,988,-1,955,988,970,-1,970,988,989,-1,970,989,974,-1,983,990,976,-1,976,990,991,-1,976,991,955,-1,955,991,992,-1,955,992,984,-1,976,993,978,-1,978,993,994,-1,994,995,978,-1,978,995,980,-1,980,995,979,-1,979,995,996,-1,979,996,977,-1,977,996,997,-1,977,997,975,-1,975,997,998,-1,975,998,981,-1,981,998,999,-1,981,999,982,-1,982,999,1000,-1,982,1000,983,-1,983,1000,1001,-1,983,1001,990,-1,990,1001,1002,-1,990,1002,991,-1,991,1002,1003,-1,991,1003,992,-1,992,1003,1004,-1,992,1004,984,-1,984,1004,1005,-1,984,1005,985,-1,985,1005,1006,-1,985,1006,986,-1,986,1006,1007,-1,986,1007,987,-1,987,1007,1008,-1,987,1008,988,-1,988,1008,1009,-1,988,1009,989,-1,989,1009,1010,-1,989,1010,974,-1,974,1010,1011,-1,974,1011,971,-1,971,1011,973,-1,996,995,994,-1,1006,956,1007,-1,1007,956,1008,-1,1001,1000,993,-1,1001,993,1002,-1,1000,999,993,-1,993,999,998,-1,993,998,994,-1,994,998,997,-1,994,997,996,-1,973,1011,972,-1,972,1011,1010,-1,972,1010,956,-1,956,1010,1009,-1,956,1009,1008,-1,1006,1005,956,-1,956,1005,1004,-1,956,1004,993,-1,993,1004,1003,-1,993,1003,1002,-1,949,953,1012,-1,1012,953,952,-1,1012,952,1013,-1,1013,952,963,-1,1013,963,1014,-1,1014,963,965,-1,1014,965,1015,-1,1015,965,967,-1,1015,967,1016,-1,1016,967,960,-1,1016,960,1017,-1,1017,960,958,-1,1017,958,993,-1,993,958,956,-1,1017,993,976,-1,976,1018,1017,-1,1017,1018,1019,-1,1017,1019,1016,-1,1016,1019,1020,-1,1016,1020,1015,-1,1015,1020,1021,-1,1015,1021,1014,-1,1014,1021,1022,-1,1014,1022,1013,-1,948,949,1023,-1,1023,949,1012,-1,1023,1012,1024,-1,1024,1012,1013,-1,1024,1013,1025,-1,1025,1013,1022,-1,976,955,957,-1,976,957,1018,-1,1018,957,959,-1,1018,959,1019,-1,1019,959,969,-1,1019,969,1020,-1,1020,969,968,-1,1020,968,1021,-1,1021,968,966,-1,1021,966,1022,-1,1022,966,964,-1,1022,964,1025,-1,1025,964,962,-1,1025,962,1024,-1,1024,962,961,-1,1024,961,1023,-1,1023,961,954,-1,1023,954,948,-1,919,948,954,-1,932,934,954,-1,954,934,936,-1,950,938,1026,-1,1027,924,1028,-1,1028,924,926,-1,1028,926,1029,-1,1029,926,1030,-1,1031,1032,932,-1,938,941,1026,-1,1026,941,943,-1,1026,943,945,-1,945,947,1026,-1,1026,947,920,-1,1026,920,1027,-1,1027,920,922,-1,1027,922,924,-1,936,908,954,-1,954,908,911,-1,954,911,913,-1,1033,1034,1035,-1,1035,1034,1036,-1,1026,1037,950,-1,950,1037,1034,-1,950,1034,1038,-1,1038,1034,1033,-1,1032,1039,932,-1,932,1039,1040,-1,932,1040,930,-1,930,1040,1041,-1,930,1041,928,-1,928,1041,1042,-1,928,1042,926,-1,926,1042,1043,-1,926,1043,1030,-1,1044,1045,1046,-1,913,915,954,-1,954,915,917,-1,954,917,919,-1,932,954,1031,-1,1031,954,1047,-1,1031,1047,1048,-1,1048,1049,1031,-1,1031,1049,1050,-1,1031,1050,1051,-1,1030,1052,1029,-1,1029,1052,1053,-1,1029,1053,1054,-1,1054,1055,1029,-1,1029,1055,1056,-1,1029,1056,1057,-1,1057,1058,1029,-1,1029,1058,1059,-1,1029,1059,1046,-1,1046,1059,1060,-1,1046,1060,1044,-1,1047,1061,1062,-1,1047,1062,1048,-1,1048,1062,1063,-1,1048,1063,1049,-1,1049,1063,1064,-1,1049,1064,1050,-1,1050,1064,1065,-1,1050,1065,1051,-1,1051,1065,1066,-1,1051,1066,1031,-1,1031,1066,1032,-1,1032,1066,1067,-1,1032,1067,1039,-1,1039,1067,1068,-1,1039,1068,1040,-1,1040,1068,1069,-1,1040,1069,1041,-1,1041,1069,1070,-1,1041,1070,1042,-1,1042,1070,1071,-1,1042,1071,1043,-1,1043,1071,1072,-1,1043,1072,1030,-1,1030,1072,1073,-1,1030,1073,1052,-1,1052,1073,1074,-1,1052,1074,1053,-1,1053,1074,1075,-1,1053,1075,1076,-1,1053,1076,1054,-1,1054,1076,1077,-1,1054,1077,1055,-1,1055,1077,1078,-1,1055,1078,1056,-1,1056,1078,1079,-1,1056,1079,1057,-1,1057,1079,1080,-1,1057,1080,1058,-1,953,1061,954,-1,954,1061,1047,-1,1080,1081,1058,-1,1058,1081,1059,-1,1059,1081,1082,-1,1059,1082,1060,-1,1060,1082,1083,-1,1060,1083,1044,-1,1044,1083,1084,-1,1044,1084,1045,-1,1045,1084,1085,-1,1045,1085,1046,-1,1046,1085,1086,-1,1046,1086,1029,-1,1029,1086,1087,-1,1029,1087,1028,-1,1028,1087,1088,-1,1028,1088,1027,-1,1088,1089,1027,-1,1027,1089,1026,-1,1026,1089,1090,-1,1026,1090,1037,-1,1037,1090,1091,-1,1037,1091,1034,-1,1034,1091,1092,-1,1034,1092,1036,-1,1036,1092,1093,-1,1036,1093,1035,-1,1035,1093,1094,-1,1035,1094,1033,-1,1033,1094,1095,-1,1033,1095,1038,-1,1038,1095,951,-1,1038,951,950,-1,935,933,953,-1,1088,1087,927,-1,927,1087,1086,-1,927,1086,1074,-1,1070,1069,931,-1,931,1069,933,-1,910,909,953,-1,953,909,937,-1,953,937,935,-1,1074,1073,927,-1,927,1073,1072,-1,927,1072,1071,-1,944,942,1089,-1,944,1089,946,-1,942,940,1089,-1,1089,940,939,-1,1089,939,951,-1,1080,1086,1081,-1,1081,1086,1085,-1,1069,1068,933,-1,933,1068,1067,-1,933,1067,953,-1,953,1067,1066,-1,927,925,1088,-1,1088,925,923,-1,1088,923,1089,-1,1089,923,921,-1,1089,921,946,-1,1080,1079,1086,-1,1086,1079,1078,-1,1086,1078,1077,-1,1077,1076,1086,-1,1086,1076,1075,-1,1086,1075,1074,-1,949,918,953,-1,953,918,916,-1,1070,931,1071,-1,1071,931,929,-1,1071,929,927,-1,1095,1091,951,-1,951,1091,1090,-1,951,1090,1089,-1,1095,1094,1091,-1,1091,1094,1093,-1,1091,1093,1092,-1,1084,1083,1085,-1,1085,1083,1082,-1,1085,1082,1081,-1,916,914,953,-1,953,914,912,-1,953,912,910,-1,1063,1066,1064,-1,1064,1066,1065,-1,1063,1062,1066,-1,1066,1062,1061,-1,1066,1061,953,-1,
        ]
    }
}
Shape{
    appearance Appearance {
        material  Material 	{
            diffuseColor 0.25098039215686274 0.25098039215686274 0.25098039215686274
            specularColor 0.2196078431372549 0.2196078431372549 0.2196078431372549
            ambientIntensity 0.251
            transparency 0.0
            shininess 0.5
        }
    }
    geometry IndexedFaceSet {
        ccw TRUE
        solid FALSE
        coord DEF co Coordinate {
            point [
                -0.5866 -2.6134 0.1693, -0.5866 -2.6134 0.0118, -0.7008 -2.6134 0.1693, -0.7343 -2.6134 0.0118, -0.7343 -2.6134 0.1693, -0.8524 -2.6134 0.0118, -1.1476 -2.6134 0.1693, -1.1162 -2.6134 0.0118, -1.2559 -2.6134 0.1693, -1.2559 -2.6134 0.0118, -1.2559 -1.1567 0.1693, -1.2559 -1.1567 0.0118, -1.1476 -1.1567 0.1693, -1.1162 -1.1567 0.0118, -0.7343 -1.1567 0.1693, -0.8524 -1.1567 0.0118, -0.7343 -1.1567 0.0118, -0.7008 -1.1567 0.1693, -0.5866 -1.1567 0.0118, -0.5866 -1.1567 0.1693, 2.1457 -2.0005 0.4843, 2.1457 -2.889 0.4843, 2.2047 -2.0819 0.4252, 2.2047 -2.889 0.4252, 2.2047 -2.0819 0.0118, 2.0426 -1.8585 0.0118, 2.0426 -1.8585 0.4843, 2.0343 -1.8442 0.4843, 2.0343 -1.8442 0.0118, 2.0293 -1.8286 0.4843, 2.0293 -1.8286 0.0118, 2.0275 -1.8122 0.4843, 2.0275 -1.8122 0.0118, 2.0275 -1.7133 0.0118, 2.0275 -1.7133 0.4843, 2.0286 -1.7042 0.4843, 2.0286 -1.7042 0.0118, 2.0317 -1.6956 0.4843, 2.0317 -1.6956 0.0118, 2.0367 -1.688 0.4843, 2.0367 -1.688 0.0118, 2.0434 -1.6817 0.4843, 2.0434 -1.6817 0.0118, 2.0513 -1.6771 0.4843, 2.0513 -1.6771 0.0118, 2.06 -1.6745 0.4843, 2.06 -1.6745 0.0118, 2.1722 -1.6546 0.0118, 2.1722 -1.6546 0.4577, 2.1457 -1.6593 0.4843, 2.2042 -1.5175 0.4257, 2.2047 -1.5238 0.4252, 2.2047 -1.5238 0.0118, 2.2039 -1.516 0.426, 2.2039 -1.516 0.0118, 2.2028 -1.5116 0.4271, 2.2011 -1.5074 0.0118, 2.201 -1.5074 0.4289, 2.2001 -1.5052 0.4298, 2.1972 -1.5007 0.0118, 2.1972 -1.5007 0.4327, 2.1457 -1.4296 0.4843, 2.0426 -1.2876 0.0118, 2.0426 -1.2876 0.4843, 2.0343 -1.2733 0.4843, 2.0343 -1.2733 0.0118, 2.0293 -1.2577 0.4843, 2.0293 -1.2577 0.0118, 2.0275 -1.2413 0.4843, 2.0275 -1.2413 0.0118, 2.2047 -0.9992 0.0118, 2.2047 -0.9992 0.4252, 2.0275 -0.9992 0.0118, 2.1457 -0.9992 0.4843, 2.0275 -0.9992 0.4843, -2.2047 1.4221 0.4055, -2.1575 1.4221 0.4055, -2.1575 1.4201 0.3902, -2.2047 1.4201 0.3902, -2.1575 1.4142 0.376, -2.2047 1.4142 0.376, -2.1575 1.4048 0.3638, -2.2047 1.4048 0.3638, -2.1575 1.3925 0.3544, -2.2047 1.3925 0.3544, -2.1575 1.3783 0.3485, -2.2047 1.3783 0.3485, -2.1575 1.363 0.3465, -2.2047 1.363 0.3465, -2.1575 1.4221 0.5039, -2.2047 1.4221 0.5039, -2.1575 1.4236 0.5171, -2.2047 1.4236 0.5171, -2.1575 1.4279 0.5296, -2.2047 1.4279 0.5296, -2.1575 1.435 0.5408, -2.2047 1.435 0.5408, -2.1575 1.4443 0.5501, -2.2047 1.4443 0.5501, -2.1575 1.4555 0.5571, -2.2047 1.4555 0.5571, -2.1575 1.468 0.5615, -2.2047 1.468 0.5615, -2.1575 1.4811 0.563, -2.2047 1.4811 0.563, 1.9882 2.4063 0.563, 1.9291 2.3473 0.563, 1.9882 2.4063 0.1142, 1.9291 2.3473 0.1142, -1.9291 2.3473 0.563, -1.9882 2.4063 0.563, -1.9291 2.3473 0.1142, -1.9882 2.4063 0.1142, -1.7756 2.5441 0.0669, -1.7756 2.5441 0.1142, -2.1181 2.5441 0.0669, -2.1181 2.5441 0.1142, -1.6969 2.4654 0.0669, -1.6969 2.4654 0.1142, -1.6995 2.4858 0.0669, -1.6995 2.4858 0.1142, -1.7074 2.5048 0.0669, -1.7074 2.5048 0.1142, -1.7199 2.5211 0.0669, -1.7199 2.5211 0.1142, -1.7362 2.5336 0.0669, -1.7362 2.5336 0.1142, -1.7552 2.5414 0.0669, -1.7552 2.5414 0.1142, -1.6969 2.1898 0.0669, -1.6969 2.1898 0.1142, -1.7362 2.1504 0.0669, -1.7362 2.1504 0.1142, -1.726 2.1518 0.0669, -1.726 2.1518 0.1142, -1.7165 2.1557 0.0669, -1.7165 2.1557 0.1142, -1.7084 2.162 0.0669, -1.7084 2.162 0.1142, -1.7021 2.1701 0.0669, -1.7021 2.1701 0.1142, -1.6982 2.1796 0.0669, -1.6982 2.1796 0.1142, -1.7464 2.1491 0.0669, -1.7464 2.1491 0.1142, -1.7559 2.1451 0.0669, -1.7559 2.1451 0.1142, -1.7641 2.1389 0.0669, -1.7641 2.1389 0.1142, -1.7703 2.1307 0.0669, -1.7703 2.1307 0.1142, -1.7743 2.1212 0.0669, -1.7743 2.1212 0.1142, -1.7756 2.111 0.0669, -1.7756 2.111 0.1142, -1.7756 1.7961 0.0669, -1.7756 1.7961 0.1142, -1.7743 1.7859 0.0669, -1.7743 1.7859 0.1142, -1.7703 1.7764 0.0669, -1.7703 1.7764 0.1142, -1.7641 1.7682 0.0669, -1.7641 1.7682 0.1142, -1.7559 1.762 0.0669, -1.7559 1.762 0.1142, -1.7464 1.7581 0.0669, -1.7464 1.7581 0.1142, -1.7362 1.7567 0.0669, -1.7362 1.7567 0.1142, -1.6969 1.7173 0.0669, -1.6969 1.7173 0.1142, -1.6982 1.7275 0.0669, -1.6982 1.7275 0.1142, -1.7021 1.737 0.0669, -1.7021 1.737 0.1142, -1.7084 1.7452 0.0669, -1.7084 1.7452 0.1142, -1.7165 1.7514 0.0669, -1.7165 1.7514 0.1142, -1.726 1.7554 0.0669, -1.726 1.7554 0.1142, -1.6969 0.7725 0.0669, -1.6969 0.7725 0.1142, -1.7756 0.6937 0.0669, -1.7756 0.6937 0.1142, -1.7581 0.6957 0.0669, -1.7581 0.6957 0.1142, -1.7414 0.7015 0.0669, -1.7414 0.7015 0.1142, -1.7265 0.7109 0.0669, -1.7265 0.7109 0.1142, -1.714 0.7234 0.0669, -1.714 0.7234 0.1142, -1.7047 0.7383 0.0669, -1.7047 0.7383 0.1142, -1.6988 0.7549 0.0669, -1.6988 0.7549 0.1142, -1.9961 0.6937 0.1142, -1.9961 0.6937 0.0669, -1.9961 1.1662 0.0669, -2.0038 1.1662 0.0661, -2.0038 0.6937 0.0661, -2.0113 1.1662 0.0637, -2.0113 0.6937 0.0637, -2.0181 1.1662 0.0598, -2.0181 0.6937 0.0598, -2.0239 1.1662 0.0546, -2.0239 0.6937 0.0546, -2.0285 1.1662 0.0482, -2.0285 0.6937 0.0482, -2.0694 1.1662 0.0719, -2.0694 0.6937 0.0719, -2.0722 1.1662 0.0669, -2.0722 0.6937 0.0669, -2.0381 0.6937 0.0472, -2.1063 0.6937 0.0472, -2.0961 0.6937 0.0486, -2.0866 0.6937 0.0525, -2.0785 0.6937 0.0588, -2.1063 1.1662 0.0472, -2.0961 1.1662 0.0486, -2.0866 1.1662 0.0525, -2.0785 1.1662 0.0588, -2.0381 1.1662 0.0472, -2.029 1.1662 0.0472, -2.029 0.6937 0.0472, 2.0694 0.6937 0.0719, 2.0694 1.1662 0.0719, 2.0722 0.6937 0.0669, 2.0722 1.1662 0.0669, 1.9961 1.1662 0.0669, 1.9961 0.6937 0.0669, 2.0038 0.6937 0.0661, 2.0038 1.1662 0.0661, 2.0113 0.6937 0.0637, 2.0113 1.1662 0.0637, 2.018 0.6937 0.0598, 2.018 1.1662 0.0598, 2.0238 0.6937 0.0546, 2.0238 1.1662 0.0546, 2.0284 0.6937 0.0482, 2.0284 1.1662 0.0482, 1.9961 1.304 0.1142, 1.9961 1.304 0.0669, 1.9782 1.3016 0.0669, 1.9782 1.3016 0.1142, 1.9616 1.2947 0.0669, 1.9616 1.2947 0.1142, 1.9473 1.2838 0.0669, 1.9473 1.2838 0.1142, 1.9364 1.2695 0.0669, 1.9364 1.2695 0.1142, 1.9295 1.2529 0.0669, 1.9295 1.2529 0.1142, 1.9272 1.2351 0.0669, 1.9272 1.2351 0.1142, 1.9295 1.2172 0.0669, 1.9295 1.2172 0.1142, 1.9364 1.2006 0.0669, 1.9364 1.2006 0.1142, 1.9473 1.1863 0.0669, 1.9473 1.1863 0.1142, 1.9616 1.1754 0.0669, 1.9616 1.1754 0.1142, 1.9782 1.1685 0.0669, 1.9782 1.1685 0.1142, 1.9961 1.1662 0.1142, 2.1181 1.304 0.0669, 2.1181 1.304 0.1142, 2.1575 1.4811 0.563, 2.2047 1.4811 0.563, 2.1575 1.468 0.5615, 2.2047 1.468 0.5615, 2.1575 1.4555 0.5571, 2.2047 1.4555 0.5571, 2.1575 1.4443 0.5501, 2.2047 1.4443 0.5501, 2.1575 1.435 0.5408, 2.2047 1.435 0.5408, 2.1575 1.4279 0.5296, 2.2047 1.4279 0.5296, 2.1575 1.4236 0.5171, 2.2047 1.4236 0.5171, 2.1575 1.4221 0.5039, 2.2047 1.4221 0.5039, 2.1575 1.4221 0.4055, 2.2047 1.4221 0.4055, 2.2047 1.363 0.3465, 2.1575 1.363 0.3465, 2.1575 1.3783 0.3485, 2.2047 1.3783 0.3485, 2.1575 1.3925 0.3544, 2.2047 1.3925 0.3544, 2.1575 1.4048 0.3638, 2.2047 1.4048 0.3638, 2.1575 1.4142 0.376, 2.2047 1.4142 0.376, 2.1575 1.4201 0.3902, 2.2047 1.4201 0.3902, 2.1575 1.3499 0.345, 2.2047 1.3499 0.345, 2.1575 1.3374 0.3406, 2.2047 1.3374 0.3406, 2.1575 1.3262 0.3336, 2.2047 1.3262 0.3336, 2.1575 1.3168 0.3242, 2.2047 1.3168 0.3242, 2.1575 1.3098 0.313, 2.2047 1.3098 0.313, 2.1575 1.3054 0.3005, 2.2047 1.3054 0.3005, 2.1575 1.304 0.2874, 2.2047 1.304 0.2874, 2.1575 1.304 0.1535, 2.2047 1.304 0.1535, 2.1561 1.304 0.1434, 2.2018 1.304 0.1311, 2.1522 1.304 0.1339, 2.1931 1.304 0.1102, 2.1459 1.304 0.1257, 2.1793 1.304 0.0923, 2.1378 1.304 0.1194, 2.1614 1.304 0.0785, 2.1283 1.304 0.1155, 2.1405 1.304 0.0699, 2.1181 1.5796 0.1142, 2.1283 1.5796 0.1155, 2.1378 1.5796 0.1194, 2.1459 1.5796 0.1257, 2.1522 1.5796 0.1339, 2.1561 1.5796 0.1434, 2.1575 1.5796 0.1535, 2.1181 2.4063 0.1142, 2.1181 2.5441 0.1142, 2.1283 2.5441 0.1155, 2.1283 2.4063 0.1155, 2.1378 2.5441 0.1194, 2.1378 2.4063 0.1194, 2.1459 2.5441 0.1257, 2.1459 2.4063 0.1257, 2.1522 2.5441 0.1339, 2.1522 2.4063 0.1339, 2.1561 2.5441 0.1434, 2.1561 2.4063 0.1434, 2.1575 2.5441 0.1535, 2.1575 2.4063 0.1535, 1.9291 1.6386 0.563, 1.9882 1.5796 0.563, 1.9291 1.6386 0.1142, 1.9882 1.5796 0.1142, 2.1575 1.5796 0.563, 2.2018 1.5796 0.1311, 2.2047 1.5796 0.1535, 2.2047 1.5796 0.0118, 2.1931 1.5796 0.1102, 2.1405 1.5796 0.0699, 2.1614 1.5796 0.0785, 2.1793 1.5796 0.0923, 1.9291 1.5796 0.0118, 1.9291 1.5796 0.0669, 2.1181 1.5796 0.0669, 2.1575 2.5441 0.563, 2.1575 2.4063 0.563, 2.2047 2.5441 0.1535, 2.2047 2.5441 0.563, 2.2025 2.5441 0.1343, 2.1961 2.5441 0.116, 2.1858 2.5441 0.0995, 2.1181 2.5441 0.0669, 2.1374 2.5441 0.0691, 2.1557 2.5441 0.0755, 2.1721 2.5441 0.0858, 1.7756 2.5441 0.0669, 1.7756 2.5441 0.1142, 1.7552 2.5414 0.0669, 1.7552 2.5414 0.1142, 1.7362 2.5336 0.0669, 1.7362 2.5336 0.1142, 1.7199 2.5211 0.0669, 1.7199 2.5211 0.1142, 1.7074 2.5048 0.0669, 1.7074 2.5048 0.1142, 1.6995 2.4858 0.0669, 1.6995 2.4858 0.1142, 1.6968 2.4654 0.0669, 1.6968 2.4654 0.1142, 1.6968 2.1898 0.0669, 1.6968 2.1898 0.1142, 1.6982 2.1796 0.0669, 1.6982 2.1796 0.1142, 1.7021 2.1701 0.0669, 1.7021 2.1701 0.1142, 1.7084 2.162 0.0669, 1.7084 2.162 0.1142, 1.7165 2.1557 0.0669, 1.7165 2.1557 0.1142, 1.726 2.1518 0.0669, 1.726 2.1518 0.1142, 1.7362 2.1504 0.0669, 1.7362 2.1504 0.1142, 1.7756 2.111 0.1142, 1.7756 2.111 0.0669, 1.7742 2.1212 0.0669, 1.7742 2.1212 0.1142, 1.7703 2.1307 0.0669, 1.7703 2.1307 0.1142, 1.764 2.1389 0.0669, 1.764 2.1389 0.1142, 1.7559 2.1451 0.0669, 1.7559 2.1451 0.1142, 1.7464 2.1491 0.0669, 1.7464 2.1491 0.1142, 1.7756 1.7961 0.0669, 1.7756 1.7961 0.1142, 1.7362 1.7567 0.1142, 1.7362 1.7567 0.0669, 1.7464 1.7581 0.0669, 1.7464 1.7581 0.1142, 1.7559 1.762 0.0669, 1.7559 1.762 0.1142, 1.764 1.7682 0.0669, 1.764 1.7682 0.1142, 1.7703 1.7764 0.0669, 1.7703 1.7764 0.1142, 1.7742 1.7859 0.0669, 1.7742 1.7859 0.1142, 1.726 1.7554 0.0669, 1.726 1.7554 0.1142, 1.7165 1.7514 0.0669, 1.7165 1.7514 0.1142, 1.7084 1.7452 0.0669, 1.7084 1.7452 0.1142, 1.7021 1.737 0.0669, 1.7021 1.737 0.1142, 1.6982 1.7275 0.0669, 1.6982 1.7275 0.1142, 1.6968 1.7173 0.0669, 1.6968 1.7173 0.1142, 1.6968 0.7725 0.0669, 1.6968 0.7725 0.1142, 1.6995 0.7521 0.0669, 1.6995 0.7521 0.1142, 1.7074 0.7331 0.0669, 1.7074 0.7331 0.1142, 1.7199 0.7168 0.0669, 1.7199 0.7168 0.1142, 1.7362 0.7043 0.0669, 1.7362 0.7043 0.1142, 1.7552 0.6964 0.0669, 1.7552 0.6964 0.1142, 1.7756 0.6937 0.0669, 1.7756 0.6937 0.1142, 1.9961 0.6937 0.1142, 2.0137 0.6937 0.1123, 2.0305 0.6937 0.1069, 2.0458 0.6937 0.098, 2.059 0.6937 0.0862, 2.059 1.1662 0.0862, 2.0458 1.1662 0.098, 2.0305 1.1662 0.1069, 2.0137 1.1662 0.1123, 2.029 1.1662 0.0472, 2.0381 1.1662 0.0472, 2.1063 1.1662 0.0472, 2.0961 1.1662 0.0486, 2.0866 1.1662 0.0525, 2.0785 1.1662 0.0588, 2.1063 0.6937 0.0472, 2.0961 0.6937 0.0486, 2.0866 0.6937 0.0525, 2.0785 0.6937 0.0588, 2.0381 0.6937 0.0472, 2.029 0.6937 0.0472, -2.2047 1.2843 0.0472, -2.2047 1.2843 0.0118, -1.9685 1.2843 0.0472, -1.9685 1.2843 0.0118, -1.9685 0.5756 0.0472, -1.9685 0.5756 0.0118, -2.2047 0.5756 0.0472, -2.2047 0.5756 0.0118, 2.2047 0.5756 0.0472, 2.2047 0.5756 0.0118, 1.9685 0.5756 0.0472, 1.9685 0.5756 0.0118, 1.9685 1.2843 0.0472, 1.9685 1.2843 0.0118, 2.2047 1.2843 0.0472, 2.2047 1.2843 0.0118, 1.9685 -2.889 0.0118, 1.9685 -2.8397 0.0118, 1.9685 -2.889 0.0472, 1.9685 -2.6626 0.0118, 1.9685 -2.1803 0.0472, 1.9685 -2.3968 0.0118, 1.9685 -2.1803 0.0118, 2.2047 -2.1803 0.0472, 2.2047 -2.1803 0.0118, -2.2047 -2.1803 0.0472, -2.2047 -2.1803 0.0118, -1.9685 -2.1803 0.0472, -1.9685 -2.1803 0.0118, -1.9685 -2.3968 0.0118, -1.9685 -2.6626 0.0118, -1.9685 -2.889 0.0472, -1.9685 -2.8397 0.0118, -1.9685 -2.889 0.0118, 2.2047 -2.889 0.0472, -2.2047 -2.889 0.0472, -2.059 0.6937 0.0862, -2.0458 0.6937 0.098, -2.0305 0.6937 0.1069, -2.0137 0.6937 0.1123, -2.059 1.1662 0.0862, -2.0458 1.1662 0.098, -2.0305 1.1662 0.1069, -2.0137 1.1662 0.1123, -1.9961 1.1662 0.1142, -1.9782 1.1685 0.0669, -1.9782 1.1685 0.1142, -1.9616 1.1754 0.0669, -1.9616 1.1754 0.1142, -1.9474 1.1863 0.0669, -1.9474 1.1863 0.1142, -1.9364 1.2006 0.0669, -1.9364 1.2006 0.1142, -1.9295 1.2172 0.0669, -1.9295 1.2172 0.1142, -1.9272 1.2351 0.0669, -1.9272 1.2351 0.1142, -1.9295 1.2529 0.0669, -1.9295 1.2529 0.1142, -1.9364 1.2695 0.0669, -1.9364 1.2695 0.1142, -1.9474 1.2838 0.0669, -1.9474 1.2838 0.1142, -1.9616 1.2947 0.0669, -1.9616 1.2947 0.1142, -1.9782 1.3016 0.0669, -1.9782 1.3016 0.1142, -1.9961 1.304 0.0669, -1.9961 1.304 0.1142, -2.1181 1.304 0.0669, -2.1181 1.304 0.1142, -2.1181 2.4063 0.1142, -2.1283 2.4063 0.1155, -2.1283 2.5441 0.1155, -2.1378 2.4063 0.1194, -2.1378 2.5441 0.1194, -2.146 2.4063 0.1257, -2.146 2.5441 0.1257, -2.1522 2.4063 0.1339, -2.1522 2.5441 0.1339, -2.1561 2.4063 0.1434, -2.1561 2.5441 0.1434, -2.1575 2.4063 0.1535, -2.1575 2.5441 0.1535, -2.1181 1.5796 0.1142, -2.1283 1.304 0.1155, -2.1283 1.5796 0.1155, -2.1378 1.304 0.1194, -2.1378 1.5796 0.1194, -2.146 1.304 0.1257, -2.146 1.5796 0.1257, -2.1522 1.304 0.1339, -2.1522 1.5796 0.1339, -2.1561 1.304 0.1434, -2.1561 1.5796 0.1434, -2.1575 1.304 0.1535, -2.1575 1.5796 0.1535, -1.9882 1.5796 0.563, -1.9291 1.6386 0.563, -1.9882 1.5796 0.1142, -1.9291 1.6386 0.1142, 1.9291 2.1186 0.1142, 1.9291 2.1186 0.3268, 1.9307 2.105 0.1142, 1.9307 2.105 0.3268, 1.9355 2.092 0.1142, 1.9355 2.092 0.3268, 1.9431 2.0805 0.1142, 1.9431 2.0805 0.3268, 1.9531 2.0711 0.1142, 1.9531 2.0711 0.3268, 1.9651 2.0643 0.1142, 1.9651 2.0643 0.3268, 2.0429 2.0312 0.3268, 2.0429 2.0312 0.1142, 2.0669 1.995 0.3268, 2.0669 1.995 0.1142, 2.0658 2.0041 0.1142, 2.0658 2.0041 0.3268, 2.0627 2.0128 0.1142, 2.0627 2.0128 0.3268, 2.0576 2.0204 0.1142, 2.0576 2.0204 0.3268, 2.0509 2.0267 0.1142, 2.0509 2.0267 0.3268, 2.0669 1.9279 0.3268, 2.0669 1.9279 0.1142, 1.9291 1.8042 0.3268, 1.9291 1.8042 0.1142, 1.9307 1.8179 0.3268, 1.9307 1.8179 0.1142, 1.9355 1.8309 0.3268, 1.9355 1.8309 0.1142, 1.9431 1.8424 0.3268, 1.9431 1.8424 0.1142, 1.9531 1.8518 0.3268, 1.9531 1.8518 0.1142, 1.9651 1.8586 0.3268, 1.9651 1.8586 0.1142, 2.0429 1.8916 0.1142, 2.0429 1.8916 0.3268, 2.0509 1.8962 0.1142, 2.0509 1.8962 0.3268, 2.0576 1.9025 0.1142, 2.0576 1.9025 0.3268, 2.0627 1.9101 0.1142, 2.0627 1.9101 0.3268, 2.0658 1.9188 0.1142, 2.0658 1.9188 0.3268, -1.9651 1.8586 0.3268, -2.043 1.8916 0.3268, -1.9651 1.8586 0.1142, -2.043 1.8916 0.1142, -1.9308 1.8179 0.3268, -1.9291 1.8042 0.3268, -1.9291 2.1186 0.3268, -1.9308 2.105 0.3268, -1.9431 1.8424 0.3268, -1.9355 1.8309 0.3268, -1.9355 2.092 0.3268, -1.9431 2.0805 0.3268, -1.9532 1.8518 0.3268, -1.9532 2.0711 0.3268, -1.9651 2.0643 0.3268, -2.043 2.0312 0.3268, -2.0669 1.995 0.3268, -2.0669 1.9279 0.3268, -2.0659 1.9188 0.3268, -2.0627 1.9101 0.3268, -2.0576 1.9025 0.3268, -2.0509 1.8962 0.3268, -2.0509 2.0267 0.3268, -2.0576 2.0204 0.3268, -2.0659 2.0041 0.3268, -2.0627 2.0128 0.3268, -1.9291 2.1186 0.1142, -1.9308 2.105 0.1142, -1.9355 2.092 0.1142, -1.9431 2.0805 0.1142, -1.9532 2.0711 0.1142, -1.9651 2.0643 0.1142, -2.043 2.0312 0.1142, -2.0509 2.0267 0.1142, -2.0576 2.0204 0.1142, -2.0627 2.0128 0.1142, -2.0659 2.0041 0.1142, -2.0669 1.995 0.1142, -2.0669 1.9279 0.1142, -2.0659 1.9188 0.1142, -2.0627 1.9101 0.1142, -2.0576 1.9025 0.1142, -2.0509 1.8962 0.1142, -1.9291 1.8042 0.1142, -1.9308 1.8179 0.1142, -1.9355 1.8309 0.1142, -1.9431 1.8424 0.1142, -1.9532 1.8518 0.1142, -1.9291 1.5796 0.0118, -1.9291 1.5796 0.0669, -1.9291 2.4063 0.0118, -1.9291 2.4063 0.0669, -2.1575 1.5796 0.563, -2.2047 1.5796 0.0118, -2.2047 1.5796 0.1535, -2.2018 1.5796 0.1311, -2.1931 1.5796 0.1102, -2.1794 1.5796 0.0923, -2.1614 1.5796 0.0785, -2.1181 1.5796 0.0669, -2.1405 1.5796 0.0699, -2.1181 2.4063 0.0669, -2.1575 2.4063 0.563, -2.2047 2.4063 0.0118, -2.1405 2.4063 0.0699, -2.2047 2.4063 0.1535, -2.2018 2.4063 0.1311, -2.1931 2.4063 0.1102, -2.1614 2.4063 0.0785, -2.1794 2.4063 0.0923, -2.1575 1.304 0.2874, -2.1575 1.3499 0.345, -2.1575 1.3054 0.3005, -2.1575 1.3098 0.313, -2.1575 1.3168 0.3242, -2.1575 1.3374 0.3406, -2.1575 1.3262 0.3336, -2.1575 2.5441 0.563, -2.2047 2.5441 0.1535, -2.2047 2.5441 0.563, -2.2018 2.5441 0.1311, -2.1931 2.5441 0.1102, -2.1794 2.5441 0.0923, -2.1614 2.5441 0.0785, -2.1405 2.5441 0.0699, -2.2047 1.304 0.1535, -2.2018 1.304 0.1311, -2.1931 1.304 0.1102, -2.1794 1.304 0.0923, -2.1614 1.304 0.0785, -2.1405 1.304 0.0699, -2.2047 1.304 0.2874, -2.2047 1.3054 0.3005, -2.2047 1.3098 0.313, -2.2047 1.3168 0.3242, -2.2047 1.3262 0.3336, -2.2047 1.3374 0.3406, -2.2047 1.3499 0.345, -1.9291 -0.3496 0.4252, -1.8701 -0.4086 0.4843, -1.9291 0.3394 0.4252, -1.8701 0.3985 0.4843, 1.8701 -0.4086 0.4843, 1.9291 -0.3496 0.4252, 1.8701 0.3985 0.4843, 1.9291 0.3394 0.4252, 2.2047 -0.2905 0.3661, 1.9291 -0.2905 0.3661, 2.2047 -0.3496 0.4252, 2.1457 -0.4086 0.4843, 2.2047 -0.2905 0.248, 1.9291 -0.2905 0.248, 2.1457 -0.3496 0.189, 1.9291 -0.3496 0.189, 2.1457 -0.7827 0.189, 2.2047 -0.7827 0.248, 1.9291 -0.7827 0.0118, 1.9291 -0.7827 0.189, 2.2047 -0.7827 0.0118, 1.9291 0.2803 0.3661, 1.9291 0.2803 0.0118, 1.9291 -0.5858 0.0118, 2.2047 0.2803 0.3661, 2.2047 0.2803 0.0118, 2.1457 0.3985 0.4843, 2.2047 0.3394 0.4252, 2.1457 1.4024 0.4843, 2.2047 1.4024 0.4252, 1.7716 1.9142 0.5236, 1.7716 1.4024 0.5236, 1.811 1.9142 0.563, 1.811 1.4024 0.563, 1.7677 1.9492 0.5236, 1.8061 1.958 0.563, 1.756 1.9825 0.5236, 1.7915 1.9996 0.563, 1.7373 2.0124 0.5236, 1.7681 2.0369 0.563, 1.7124 2.0373 0.5236, 1.7369 2.0681 0.563, 1.6825 2.0561 0.5236, 1.6996 2.0916 0.563, 1.6492 2.0677 0.5236, 1.658 2.1061 0.563, 1.6142 2.0717 0.5236, 1.6142 2.111 0.563, 1.6142 2.0717 0.1693, 1.6492 2.0677 0.5236, 1.6492 2.0677 0.1693, 1.6825 2.0561 0.5236, 1.6825 2.0561 0.1693, 1.7124 2.0373 0.5236, 1.7124 2.0373 0.1693, 1.7373 2.0124 0.5236, 1.7373 2.0124 0.1693, 1.756 1.9825 0.5236, 1.756 1.9825 0.1693, 1.7677 1.9492 0.5236, 1.7677 1.9492 0.1693, 1.7716 1.9142 0.1693, 1.7716 -1.5504 0.1693, 1.7716 -2.196 0.1693, 1.7716 -2.196 0.4449, 1.7716 1.7016 0.1693, 1.7716 1.4024 0.4449, 1.7716 1.3473 0.1693, 1.7716 0.5008 0.1693, 1.7716 0.0284 0.1693, 1.7716 -0.5858 0.1693, 1.7716 -1.137 0.1693, 1.811 -2.2125 0.4843, 1.811 1.4024 0.4843, -1.7717 1.9142 0.5236, -1.7717 1.9142 0.1693, -1.7677 1.9492 0.5236, -1.7677 1.9492 0.1693, -1.7561 1.9825 0.5236, -1.7561 1.9825 0.1693, -1.7373 2.0124 0.5236, -1.7373 2.0124 0.1693, -1.7124 2.0373 0.5236, -1.7124 2.0373 0.1693, -1.6825 2.0561 0.5236, -1.6825 2.0561 0.1693, -1.6492 2.0677 0.5236, -1.6492 2.0677 0.1693, -1.6142 2.0717 0.5236, -1.6142 2.0717 0.1693, -1.2599 2.1898 0.1693, -1.2599 2.1898 0.3661, -1.2599 2.0717 0.1693, -1.2599 2.0717 0.3661, 1.2598 2.0717 0.1693, 1.2598 2.0717 0.3661, 1.2598 2.1898 0.1693, 1.2598 2.1898 0.3661, -1.5354 2.1898 0.563, -1.5354 2.1898 0.0118, -1.5748 2.3079 0.563, -1.5748 2.3079 0.0118, -1.5748 2.6229 0.563, -1.5748 2.6229 0.0118, 2.2047 2.6229 0.563, 2.2047 2.6229 0.0118, 1.5748 2.6229 0.563, 1.5748 2.6229 0.0118, -2.2047 2.6229 0.563, -2.2047 2.6229 0.0118, 1.5748 2.3079 0.563, 1.5748 2.3079 0.0118, 1.5354 2.1898 0.563, 1.5354 2.1898 0.0118, -1.2626 2.1898 0.3991, -1.4567 2.1898 0.563, 1.4567 2.1898 0.563, 1.2626 2.1898 0.3991, 1.4237 2.1898 0.5602, -1.4237 2.1898 0.5602, -1.3773 2.1898 0.5463, -1.2766 2.1898 0.4455, -1.3357 2.1898 0.5214, -1.3014 2.1898 0.4871, 1.2766 2.1898 0.4455, 1.3014 2.1898 0.4871, 1.3773 2.1898 0.5463, 1.3357 2.1898 0.5214, 1.2894 2.1898 0.0118, 1.1476 2.1898 0.0118, 0.8524 2.1898 0.1693, 0.8838 2.1898 0.0118, 0.7106 2.1898 0.1693, 0.7106 2.1898 0.0118, 0.5492 2.1898 0.1693, 0.5492 2.1898 0.0118, 0.4114 2.1898 0.1693, 0.4114 2.1898 0.0118, 0.2992 2.1898 0.1693, 0.2992 2.1898 0.0118, 0.1476 2.1898 0.1693, 0.1476 2.1898 0.0118, -0.1476 2.1898 0.1693, -0.1162 2.1898 0.0118, -0.435 2.1898 0.1693, -0.3563 2.1898 0.0118, -0.435 2.1898 0.0118, -0.5571 2.1898 0.1693, -0.498 2.1898 0.0118, -0.5669 2.1898 0.0118, -0.7008 2.1898 0.1693, -0.7343 2.1898 0.0118, -0.7343 2.1898 0.1693, -0.8524 2.1898 0.0118, -1.1476 2.1898 0.1693, -1.1162 2.1898 0.0118, -1.2894 2.1898 0.0118, -1.4104 2.1898 0.0118, -1.3687 2.0903 0.5422, -1.3386 2.0717 0.5236, -1.3357 2.0717 0.5214, -1.3775 2.0937 0.5457, -1.4567 2.111 0.563, -1.4349 2.1099 0.5618, -1.4238 2.1077 0.5596, -1.4024 2.1034 0.5554, -1.3014 2.0717 0.4871, -1.2766 2.0717 0.4455, -1.2626 2.0717 0.3991, -1.6142 2.111 0.563, -1.6492 2.0677 0.5236, -1.658 2.1061 0.563, -1.6825 2.0561 0.5236, -1.6996 2.0916 0.563, -1.7124 2.0373 0.5236, -1.7369 2.0681 0.563, -1.7373 2.0124 0.5236, -1.7681 2.0369 0.563, -1.7561 1.9825 0.5236, -1.7915 1.9996 0.563, -1.7677 1.9492 0.5236, -1.8061 1.958 0.563, -1.811 1.9142 0.563, -1.811 1.4024 0.563, -1.7717 1.4024 0.5236, -1.811 -2.889 0.4843, -1.7717 -2.889 0.4449, -1.811 1.4024 0.4843, -1.7717 1.4024 0.4449, -1.7717 -2.889 0.1693, -1.7717 -2.6626 0.1693, -1.7717 -2.3968 0.1693, -1.7717 -1.5504 0.1693, -1.7717 1.7016 0.1693, -1.7717 1.3473 0.1693, -1.7717 0.5008 0.1693, -1.7717 -1.137 0.1693, -1.7717 -0.5858 0.1693, -1.7717 0.0284 0.1693, 2.2047 1.4024 0.563, -2.1457 1.4024 0.4843, -2.2047 1.4024 0.563, -2.2047 1.4024 0.4252, -2.2047 0.3394 0.4252, -2.1457 0.3985 0.4843, -2.2047 0.2803 0.3661, -1.9291 0.2803 0.3661, -2.2047 0.2803 0.0118, -1.9291 0.2803 0.0118, -1.9291 -0.7827 0.0118, -1.9291 -0.7827 0.189, -1.9291 -0.5858 0.0118, -1.9291 -0.3496 0.189, -1.9291 -0.2905 0.248, -1.9291 -0.2905 0.3661, -2.1457 -0.7827 0.189, -2.2047 -0.7827 0.0118, -2.2047 -0.7827 0.248, -2.1457 -0.3496 0.189, -2.2047 -0.2905 0.248, -2.2047 -0.2905 0.3661, -2.1457 -0.4086 0.4843, -2.2047 -0.3496 0.4252, -2.2047 -1.6158 0.0118, -2.2041 -1.6231 0.0118, -2.2047 -1.6158 0.4252, -2.2041 -1.6231 0.4258, -2.2022 -1.6298 0.4277, -2.201 -1.6326 0.0118, -2.2008 -1.6326 0.4291, -2.199 -1.6363 0.4309, -2.1955 -1.6411 0.0118, -2.1953 -1.6409 0.4346, -2.1927 -1.6441 0.4372, -2.1882 -1.6479 0.0118, -2.188 -1.6478 0.4419, -2.1856 -1.6497 0.4443, -2.1793 -1.6526 0.0118, -2.1791 -1.6523 0.4508, -2.1745 -1.6541 0.4555, -2.1723 -1.6546 0.0118, -2.1723 -1.6546 0.4577, -2.0276 -1.8122 0.4843, -2.0276 -1.8122 0.0118, -2.0293 -1.8286 0.4843, -2.0293 -1.8286 0.0118, -2.0344 -1.8442 0.4843, -2.0344 -1.8442 0.0118, -2.0426 -1.8585 0.4843, -2.0426 -1.8585 0.0118, -2.0276 -1.7133 0.4843, -2.0276 -1.7133 0.0118, -2.06 -1.6745 0.4843, -2.06 -1.6745 0.0118, -2.0513 -1.6771 0.4843, -2.0513 -1.6771 0.0118, -2.0434 -1.6817 0.4843, -2.0434 -1.6817 0.0118, -2.0368 -1.688 0.4843, -2.0368 -1.688 0.0118, -2.0317 -1.6956 0.4843, -2.0317 -1.6956 0.0118, -2.0286 -1.7042 0.4843, -2.0286 -1.7042 0.0118, -2.1457 -1.6593 0.4843, -2.2047 -0.9992 0.4252, -2.2047 -0.9992 0.0118, -2.1457 -0.9992 0.4843, -2.0276 -0.9992 0.0118, -2.0276 -0.9992 0.4843, -2.0276 -1.2413 0.0118, -2.0276 -1.2413 0.4843, -2.0293 -1.2577 0.4843, -2.0293 -1.2577 0.0118, -2.0344 -1.2733 0.4843, -2.0344 -1.2733 0.0118, -2.0426 -1.2876 0.4843, -2.0426 -1.2876 0.0118, -2.1972 -1.5007 0.0118, -2.1972 -1.5007 0.4327, -2.1457 -1.4296 0.4843, -2.2012 -1.5074 0.0118, -2.201 -1.5075 0.4289, -2.1993 -1.5039 0.4306, -2.204 -1.516 0.0118, -2.2047 -1.5238 0.0118, -2.2047 -1.5238 0.4252, -2.2043 -1.5178 0.4257, -2.2038 -1.516 0.4261, -2.2025 -1.5107 0.4275, -2.2047 -2.0819 0.0118, -2.2047 -2.889 0.4252, -2.2047 -2.0819 0.4252, -2.2047 0.5008 0.0118, -2.2047 1.3473 0.0118, -2.2047 -1.5504 0.0118, -2.1457 -2.0005 0.4843, -2.1457 -2.889 0.4843, 1.5472 -2.7315 0.1693, 1.874 -2.7315 0.1693, 1.5472 -2.6397 0.1693, 1.874 -2.3163 0.1693, 1.874 -2.3163 0.4843, 1.5472 -2.6397 0.4843, 1.5472 -2.7315 0.4843, 1.874 -2.7315 0.4843, 1.4291 -2.5904 0.4843, 1.4291 -2.889 0.4843, -1.6162 -2.7905 0.0118, -1.6162 -2.7905 0.1693, -1.4193 -2.7905 0.0118, -1.4193 -2.7905 0.1693, -1.4193 -2.7118 0.0118, -1.4193 -2.7118 0.1693, -1.6162 -2.7118 0.0118, -1.6162 -2.7118 0.1693, -0.4685 -0.8811 0.0118, -0.4685 -0.8811 0.1693, -0.4685 -1.1173 0.0118, -0.4685 -1.1173 0.1693, -0.435 -1.1173 0.0118, -0.435 -1.1173 0.1693, -0.3898 -1.1173 0.0118, -0.3898 -1.1173 0.1693, -0.3898 -0.8811 0.0118, -0.3898 -0.8811 0.1693, -0.435 -0.8811 0.0118, -0.435 -0.8811 0.1693, -0.4685 -1.9441 0.0118, -0.4685 -1.9441 0.1693, -0.4685 -2.1803 0.0118, -0.4685 -2.1803 0.1693, -0.435 -2.1803 0.0118, -0.435 -2.1803 0.1693, -0.3898 -2.1803 0.0118, -0.3898 -2.1803 0.1693, -0.3898 -1.9441 0.0118, -0.3898 -1.9441 0.1693, -0.435 -1.9441 0.0118, -0.435 -1.9441 0.1693, -0.5866 -1.5504 0.1693, -0.5866 -1.5504 0.0118, -0.5866 -2.3968 0.1693, -0.5866 -2.3968 0.0118, -1.5473 -0.0937 0.0709, -1.1929 -0.0937 0.0709, -1.5473 -0.2905 0.0709, -1.1929 -0.2905 0.0709, -1.1929 -0.2905 0.0118, -1.2894 -0.2905 0.0118, -1.4104 -0.2905 0.0118, -1.5473 -0.2905 0.0118, -1.5473 -0.0937 0.0118, -1.4104 -0.0937 0.0118, -1.2894 -0.0937 0.0118, -1.1929 -0.0937 0.0118, -0.5473 -0.0937 0.0709, -0.1929 -0.0937 0.0709, -0.5473 -0.2905 0.0709, -0.1929 -0.2905 0.0709, -0.498 -0.2905 0.0118, -0.5473 -0.2905 0.0118, -0.1929 -0.2905 0.0118, -0.3563 -0.2905 0.0118, -0.435 -0.2905 0.0118, -0.5473 -0.0937 0.0118, -0.498 -0.0937 0.0118, -0.435 -0.0937 0.0118, -0.3563 -0.0937 0.0118, -0.1929 -0.0937 0.0118, 0.4527 -0.0937 0.0709, 0.8071 -0.0937 0.0709, 0.4527 -0.2905 0.0709, 0.8071 -0.2905 0.0709, 0.8071 -0.2905 0.0118, 0.7106 -0.2905 0.0118, 0.5492 -0.2905 0.0118, 0.4527 -0.2905 0.0118, 0.4527 -0.0937 0.0118, 0.5492 -0.0937 0.0118, 0.7106 -0.0937 0.0118, 0.8071 -0.0937 0.0118, 0.2756 -2.7118 0.1693, 0.2756 -2.7118 0.0118, 0.2992 -2.7118 0.1693, 0.2992 -2.7118 0.0118, 0.4114 -2.7118 0.1693, 0.4114 -2.7118 0.0118, 0.4724 -2.7118 0.1693, 0.4724 -2.7118 0.0118, 0.4724 -2.7905 0.1693, 0.4724 -2.7905 0.0118, 0.4114 -2.7905 0.1693, 0.4114 -2.7905 0.0118, 0.2992 -2.7905 0.1693, 0.2992 -2.7905 0.0118, 0.2756 -2.7905 0.1693, 0.2756 -2.7905 0.0118, -0.5669 -2.7118 0.0118, -0.5276 -2.7118 0.0118, -0.5276 -2.7118 0.1693, -0.7244 -2.7118 0.1693, -0.7244 -2.7118 0.0118, -0.7008 -2.7118 0.1693, -0.5571 -2.7118 0.1693, -0.5276 -2.7905 0.1693, -0.5276 -2.7905 0.0118, -0.5571 -2.7905 0.1693, -0.5669 -2.7905 0.0118, -0.7008 -2.7905 0.1693, -0.7244 -2.7905 0.0118, -0.7244 -2.7905 0.1693, 1.3228 1.0874 0.1693, 1.3228 1.0874 0.0118, 1.4016 1.0874 0.1693, 1.4016 1.0874 0.0118, 1.4016 0.8512 0.1693, 1.4016 0.8512 0.0118, 1.3228 0.8512 0.1693, 1.3228 0.8512 0.0118, 1.3228 2.0323 0.1693, 1.3228 2.0323 0.0118, 1.4016 2.0323 0.1693, 1.4016 2.0323 0.0118, 1.4016 1.7961 0.1693, 1.4016 1.7961 0.0118, 1.3228 1.7961 0.1693, 1.3228 1.7961 0.0118, 0.5984 1.0874 0.1693, 0.5984 1.0874 0.0118, 0.6772 1.0874 0.1693, 0.6772 1.0874 0.0118, 0.6772 0.8512 0.1693, 0.6772 0.8512 0.0118, 0.5984 0.8512 0.1693, 0.5984 0.8512 0.0118, 0.5984 2.0323 0.1693, 0.5984 2.0323 0.0118, 0.6772 2.0323 0.1693, 0.6772 2.0323 0.0118, 0.6772 1.7961 0.1693, 0.6772 1.7961 0.0118, 0.5984 1.7961 0.1693, 0.5984 1.7961 0.0118, 0.9606 -0.0937 0.1693, 0.9606 -0.0937 0.0118, 1.0394 -0.0937 0.1693, 1.0394 -0.0937 0.0118, 1.0394 -0.2905 0.1693, 1.0394 -0.2905 0.0118, 0.9606 -0.2905 0.1693, 0.9606 -0.2905 0.0118, 1.4212 -0.8811 0.1693, 1.4212 -0.8811 0.0118, 1.5 -0.8811 0.1693, 1.5 -0.8811 0.0118, 1.5 -1.1173 0.1693, 1.5 -1.1173 0.0118, 1.4212 -1.1173 0.1693, 1.4212 -1.1173 0.0118, 1.4212 -1.9441 0.1693, 1.4212 -1.9441 0.0118, 1.5 -1.9441 0.1693, 1.5 -1.9441 0.0118, 1.5 -2.1803 0.1693, 1.5 -2.1803 0.0118, 1.4212 -2.1803 0.1693, 1.4212 -2.1803 0.0118, 0.3228 1.0874 0.1693, 0.3228 1.0874 0.0118, 0.4016 1.0874 0.1693, 0.4016 1.0874 0.0118, 0.4016 0.8512 0.1693, 0.4016 0.8512 0.0118, 0.3228 0.8512 0.1693, 0.3228 0.8512 0.0118, 0.3228 2.0323 0.1693, 0.3228 2.0323 0.0118, 0.4016 2.0323 0.1693, 0.4016 2.0323 0.0118, 0.4016 1.7961 0.1693, 0.4016 1.7961 0.0118, 0.3228 1.7961 0.1693, 0.3228 1.7961 0.0118, -0.3228 1.0874 0.0118, -0.3228 1.0874 0.1693, -0.3563 1.0874 0.0118, -0.4016 1.0874 0.1693, -0.4016 1.0874 0.0118, -0.3228 0.8512 0.1693, -0.3228 0.8512 0.0118, -0.4016 0.8512 0.0118, -0.4016 0.8512 0.1693, -0.3563 0.8512 0.0118, -0.3228 2.0323 0.0118, -0.3228 2.0323 0.1693, -0.3563 2.0323 0.0118, -0.4016 2.0323 0.1693, -0.4016 2.0323 0.0118, -0.3228 1.7961 0.1693, -0.3228 1.7961 0.0118, -0.4016 1.7961 0.0118, -0.4016 1.7961 0.1693, -0.3563 1.7961 0.0118, -0.0394 -0.0937 0.1693, -0.0394 -0.0937 0.0118, 0.0394 -0.0937 0.1693, 0.0394 -0.0937 0.0118, 0.0394 -0.2905 0.1693, 0.0394 -0.2905 0.0118, -0.0394 -0.2905 0.1693, -0.0394 -0.2905 0.0118, 0.4212 -0.8811 0.1693, 0.4212 -0.8811 0.0118, 0.5 -0.8811 0.1693, 0.5 -0.8811 0.0118, 0.5 -1.1173 0.1693, 0.5 -1.1173 0.0118, 0.4212 -1.1173 0.1693, 0.4212 -1.1173 0.0118, 0.4212 -1.9441 0.1693, 0.4212 -1.9441 0.0118, 0.5 -1.9441 0.1693, 0.5 -1.9441 0.0118, 0.5 -2.1803 0.1693, 0.5 -2.1803 0.0118, 0.4212 -2.1803 0.1693, 0.4212 -2.1803 0.0118, -0.6772 1.0874 0.1693, -0.6772 1.0874 0.0118, -0.5984 1.0874 0.1693, -0.5984 1.0874 0.0118, -0.5984 0.8512 0.1693, -0.5984 0.8512 0.0118, -0.6772 0.8512 0.1693, -0.6772 0.8512 0.0118, -0.6772 2.0323 0.1693, -0.6772 2.0323 0.0118, -0.5984 2.0323 0.1693, -0.5984 2.0323 0.0118, -0.5984 1.7961 0.1693, -0.5984 1.7961 0.0118, -0.6772 1.7961 0.1693, -0.6772 1.7961 0.0118, -1.4016 1.0874 0.1693, -1.4016 1.0874 0.0118, -1.3228 1.0874 0.1693, -1.3228 1.0874 0.0118, -1.3228 0.8512 0.1693, -1.3228 0.8512 0.0118, -1.4016 0.8512 0.1693, -1.4016 0.8512 0.0118, -1.4016 2.0323 0.1693, -1.4016 2.0323 0.0118, -1.3228 2.0323 0.1693, -1.3228 2.0323 0.0118, -1.3228 1.7961 0.1693, -1.3228 1.7961 0.0118, -1.4016 1.7961 0.1693, -1.4016 1.7961 0.0118, -1.0394 -0.0937 0.1693, -1.0394 -0.0937 0.0118, -0.9606 -0.0937 0.1693, -0.9606 -0.0937 0.0118, -0.9606 -0.2905 0.1693, -0.9606 -0.2905 0.0118, -1.0394 -0.2905 0.1693, -1.0394 -0.2905 0.0118, 0.7441 1.6071 0.1693, 0.7441 1.6071 0.0118, 0.8524 1.6071 0.1693, 0.8838 1.6071 0.0118, 1.2559 1.6071 0.1693, 1.1476 1.6071 0.0118, 1.2559 1.6071 0.0118, 1.2559 1.3473 0.1693, 1.2559 1.3473 0.0118, 1.2559 0.5008 0.1693, 1.2559 0.5008 0.0118, 1.2559 0.1504 0.1693, 1.2559 0.1504 0.0118, 0.7441 0.1504 0.0118, 0.7441 0.1504 0.1693, 0.8838 0.1504 0.0118, 0.8524 0.1504 0.1693, 1.1476 0.1504 0.0118, 0.7441 0.5008 0.1693, 0.7441 0.5008 0.0118, 0.7441 1.3473 0.1693, 0.7441 1.3473 0.0118, -0.2559 1.6071 0.1693, -0.2559 1.6071 0.0118, -0.1476 1.6071 0.1693, -0.1162 1.6071 0.0118, 0.1476 1.6071 0.1693, 0.1476 1.6071 0.0118, 0.2559 1.6071 0.1693, 0.2559 1.6071 0.0118, 0.2559 1.3473 0.1693, 0.2559 1.3473 0.0118, 0.2559 0.5008 0.1693, 0.2559 0.5008 0.0118, 0.2559 0.1504 0.1693, 0.2559 0.1504 0.0118, 0.1476 0.1504 0.1693, 0.1476 0.1504 0.0118, -0.1476 0.1504 0.1693, -0.1162 0.1504 0.0118, -0.2559 0.1504 0.1693, -0.2559 0.1504 0.0118, -0.2559 0.5008 0.1693, -0.2559 0.5008 0.0118, -0.2559 1.3473 0.1693, -0.2559 1.3473 0.0118, -1.2559 1.6071 0.1693, -1.2559 1.6071 0.0118, -1.1476 1.6071 0.1693, -1.1162 1.6071 0.0118, -0.7441 1.6071 0.1693, -0.8524 1.6071 0.0118, -0.7441 1.6071 0.0118, -0.7441 1.3473 0.1693, -0.7441 1.3473 0.0118, -0.7441 0.5008 0.1693, -0.7441 0.5008 0.0118, -0.7441 0.1504 0.1693, -0.7441 0.1504 0.0118, -1.2559 0.1504 0.0118, -1.2559 0.1504 0.1693, -1.1162 0.1504 0.0118, -1.1476 0.1504 0.1693, -0.8524 0.1504 0.0118, -1.2559 0.5008 0.1693, -1.2559 0.5008 0.0118, -1.2559 1.3473 0.1693, -1.2559 1.3473 0.0118, 0.7441 -1.1567 0.1693, 0.7441 -1.1567 0.0118, 0.8524 -1.1567 0.1693, 0.8838 -1.1567 0.0118, 1.2559 -1.1567 0.1693, 1.1476 -1.1567 0.0118, 1.2559 -1.1567 0.0118, 1.2559 -1.5504 0.1693, 1.2559 -1.5504 0.0118, 1.2559 -2.3968 0.1693, 1.2559 -2.3968 0.0118, 1.2559 -2.6134 0.1693, 1.2559 -2.6134 0.0118, 0.7441 -2.6134 0.0118, 0.7441 -2.6134 0.1693, 0.8838 -2.6134 0.0118, 0.8524 -2.6134 0.1693, 1.1476 -2.6134 0.0118, 0.7441 -1.5504 0.0118, 0.7441 -1.5504 0.1693, 0.7441 -2.3968 0.0118, 0.7441 -2.3968 0.1693, -0.2559 -1.1567 0.1693, -0.2559 -1.1567 0.0118, -0.1476 -1.1567 0.1693, -0.1162 -1.1567 0.0118, 0.1476 -1.1567 0.1693, 0.1476 -1.1567 0.0118, 0.2559 -1.1567 0.1693, 0.2559 -1.1567 0.0118, 0.2559 -1.5504 0.1693, 0.2559 -1.5504 0.0118, 0.2559 -2.3968 0.1693, 0.2559 -2.3968 0.0118, 0.2559 -2.6134 0.1693, 0.2559 -2.6134 0.0118, 0.1476 -2.6134 0.1693, 0.1476 -2.6134 0.0118, -0.1476 -2.6134 0.1693, -0.1162 -2.6134 0.0118, -0.2559 -2.6134 0.1693, -0.2559 -2.6134 0.0118, -0.2559 -1.5504 0.0118, -0.2559 -1.5504 0.1693, -0.2559 -2.3968 0.0118, -0.2559 -2.3968 0.1693, -0.7343 0.5008 0.0118, -0.5669 0.5008 0.0118, -0.5669 -0.5858 0.0118, 0.1476 -0.5858 0.0118, -0.7343 -0.5858 0.0118, 0.2992 -2.6626 0.0118, 0.4114 -2.6626 0.0118, -1.4104 -0.5858 0.0118, -0.3563 1.3473 0.0118, 1.2894 -1.5504 0.0118, 1.2894 -0.5858 0.0118, 2.2047 -1.5504 0.0118, 1.2894 0.5008 0.0118, 2.2047 1.3473 0.0118, 1.2894 1.3473 0.0118, 2.2047 0.5008 0.0118, 2.2047 2.4063 0.0118, 1.9291 2.4063 0.0118, 0.7106 1.3473 0.0118, 0.5492 1.3473 0.0118, 0.2992 1.3473 0.0118, 0.4114 1.3473 0.0118, -0.435 1.3473 0.0118, -0.498 1.3473 0.0118, -0.5669 1.3473 0.0118, -0.7343 1.3473 0.0118, -1.2894 1.3473 0.0118, -1.4104 1.3473 0.0118, -1.4104 0.5008 0.0118, -1.4104 -1.5504 0.0118, -1.4104 -2.3968 0.0118, -1.4104 -2.6626 0.0118, -1.4104 -2.8397 0.0118, 1.2894 -2.3968 0.0118, 2.2047 -1.6158 0.0118, 2.204 -1.6231 0.0118, 2.2009 -1.6326 0.0118, 2.1955 -1.6411 0.0118, 2.1881 -1.6479 0.0118, 2.1793 -1.6526 0.0118, 1.2894 -2.6626 0.0118, 0.7106 -0.5858 0.0118, 0.7106 -1.5504 0.0118, 0.8838 -0.5858 0.0118, 1.1476 -0.5858 0.0118, 1.1476 -2.6626 0.0118, 0.8838 -2.6626 0.0118, 0.7106 -2.6626 0.0118, -1.1162 -0.5858 0.0118, -1.2894 -0.5858 0.0118, -1.2894 0.5008 0.0118, -0.8524 -0.5858 0.0118, 0.2992 0.5008 0.0118, 0.2992 -0.5858 0.0118, -0.1162 -0.5858 0.0118, 0.7106 0.5008 0.0118, -0.3563 0.5008 0.0118, -0.435 0.5008 0.0118, -0.7343 -2.8397 0.0118, -0.5669 -2.8397 0.0118, -0.498 -2.8397 0.0118, -0.498 -2.6626 0.0118, -0.5669 -2.6626 0.0118, 0.5492 -2.8397 0.0118, 0.4114 -2.8397 0.0118, 0.5492 -2.6626 0.0118, 0.2992 -2.8397 0.0118, 0.1476 -2.8397 0.0118, 0.5492 -0.5858 0.0118, 0.4114 -0.5858 0.0118, 0.4114 0.5008 0.0118, 0.5492 0.5008 0.0118, -0.3563 -0.5858 0.0118, -0.435 -0.5858 0.0118, -0.498 -0.5858 0.0118, -0.498 0.5008 0.0118, -0.7343 -2.6626 0.0118, -0.8524 -2.6626 0.0118, -1.1162 -2.6626 0.0118, -1.2894 -2.6626 0.0118, -1.2559 -2.3968 0.0118, -1.2894 -1.5504 0.0118, -0.3563 -2.3968 0.0118, -0.435 -2.3968 0.0118, -0.498 -2.3968 0.0118, -0.498 -1.5504 0.0118, -0.435 -1.5504 0.0118, -0.3563 -1.5504 0.0118, 0.2992 -2.3968 0.0118, 0.2992 -1.5504 0.0118, 0.1476 -2.6626 0.0118, -0.1162 -2.6626 0.0118, -0.3563 -2.6626 0.0118, 0.7106 -2.3968 0.0118, 0.5492 -1.5504 0.0118, 1.2894 -2.8397 0.0118, 1.1476 -2.8397 0.0118, 0.8838 -2.8397 0.0118, 0.7106 -2.8397 0.0118, 0.4114 -1.5504 0.0118, 0.5492 -2.3968 0.0118, 0.4114 -2.3968 0.0118, -0.1162 -2.8397 0.0118, -0.3563 -2.8397 0.0118, -0.435 -2.6626 0.0118, -0.435 -2.8397 0.0118, -0.5669 -1.5504 0.0118, -0.5669 -2.3968 0.0118, -1.2894 -2.3968 0.0118, -1.2559 -1.5504 0.0118, -0.8524 -2.8397 0.0118, -1.1162 -2.8397 0.0118, -1.2894 -2.8397 0.0118, 1.2894 -2.889 0.0118, 1.1476 -2.889 0.0118, 0.8838 -2.889 0.0118, 0.7106 -2.889 0.0118, 0.5492 -2.889 0.0118, 0.4114 -2.889 0.0118, 0.2992 -2.889 0.0118, 0.1476 -2.889 0.0118, -0.1162 -2.889 0.0118, -0.3563 -2.889 0.0118, -0.435 -2.889 0.0118, -0.498 -2.889 0.0118, -0.5669 -2.889 0.0118, -0.7343 -2.889 0.0118, -0.8524 -2.889 0.0118, -1.1162 -2.889 0.0118, -1.2894 -2.889 0.0118, -1.4104 -2.889 0.0118, 2.1791 -1.6521 0.4508, 2.1879 -1.6476 0.442, 2.1846 -1.6501 0.4454, 2.2008 -1.6326 0.4292, 2.1988 -1.6365 0.4311, 2.1953 -1.641 0.4346, 2.1934 -1.6434 0.4365, 2.2047 -1.6158 0.4252, 2.2041 -1.6228 0.4258, 2.204 -1.6231 0.4259, 2.2022 -1.6296 0.4278, 2.2047 2.4063 0.1535, 2.2025 2.4063 0.1343, 2.1961 2.4063 0.116, 2.1858 2.4063 0.0995, 2.1721 2.4063 0.0858, 2.1557 2.4063 0.0755, 2.1374 2.4063 0.0691, 2.1181 2.4063 0.0669, 1.9291 2.4063 0.0669, -1.7915 1.9996 0.563, -1.7681 2.0369 0.563, -1.7369 2.0681 0.563, -1.6996 2.0916 0.563, -1.8061 1.958 0.563, -1.658 2.1061 0.563, 1.7369 2.0681 0.563, 1.7681 2.0369 0.563, 1.7915 1.9996 0.563, 1.4567 2.111 0.563, 1.658 2.1061 0.563, 1.6996 2.0916 0.563, 1.8061 1.958 0.563, 1.3386 2.0717 0.5236, 1.3636 2.0876 0.5396, 1.3775 2.0938 0.5457, 1.4237 2.1083 0.5602, 1.4236 2.1083 0.5602, 1.3922 2.1002 0.5521, 1.3357 2.0717 0.5214, 1.3014 2.0717 0.4871, 1.2766 2.0717 0.4455, 1.2626 2.0717 0.3991, -1.4104 2.0717 0.1693, -1.2894 2.0717 0.1693, 1.4114 2.0717 0.1693, 1.2894 2.0717 0.1693, 0.1476 -1.137 0.1693, 0.1476 -0.5858 0.1693, -0.1476 -0.5858 0.1693, -0.7343 -2.6626 0.1693, -0.435 -2.3968 0.1693, 1.3898 -2.889 0.1693, 1.3898 -2.6626 0.1693, 1.2894 -2.6626 0.1693, -1.4104 1.7016 0.1693, 1.2894 1.7016 0.1693, 0.8524 1.7016 0.1693, 1.4114 1.7016 0.1693, 1.3898 -2.574 0.1693, 1.4114 -2.5526 0.1693, 1.4114 -2.3968 0.1693, 1.5688 -2.3968 0.1693, 1.2894 -2.3968 0.1693, -0.435 -2.6626 0.1693, -0.1476 -2.6626 0.1693, 0.1476 -2.6626 0.1693, -0.435 -1.5504 0.1693, -0.435 -1.137 0.1693, -0.1476 -1.137 0.1693, 0.7106 -1.137 0.1693, 0.7106 -1.5504 0.1693, 0.7106 -2.3968 0.1693, 0.7106 -2.6626 0.1693, 0.8524 -2.6626 0.1693, 1.2894 -1.5504 0.1693, 1.2894 -1.137 0.1693, -1.1476 0.0284 0.1693, -0.7343 0.0284 0.1693, -0.7343 0.5008 0.1693, -0.7343 1.3473 0.1693, -0.7343 1.7016 0.1693, -1.1476 1.7016 0.1693, -1.2894 1.7016 0.1693, -1.2894 1.3473 0.1693, -1.2894 0.5008 0.1693, -1.2894 0.0284 0.1693, -0.435 1.7016 0.1693, -0.435 1.3473 0.1693, -0.435 0.5008 0.1693, -0.435 0.0284 0.1693, -0.1476 1.7016 0.1693, 0.8524 0.0284 0.1693, 1.2894 0.0284 0.1693, 1.2894 0.5008 0.1693, 1.2894 1.3473 0.1693, 0.7106 1.7016 0.1693, 0.7106 1.3473 0.1693, 0.7106 0.5008 0.1693, 0.7106 0.0284 0.1693, -0.7343 -2.889 0.1693, -0.7008 -2.889 0.1693, -0.5571 -2.889 0.1693, -0.435 -2.889 0.1693, 0.2992 -2.6626 0.1693, 0.1476 -2.889 0.1693, 0.2992 -2.889 0.1693, 0.4114 -2.889 0.1693, 0.5492 -2.889 0.1693, 0.5492 -2.6626 0.1693, -0.7008 -2.6626 0.1693, -0.5571 -2.6626 0.1693, -0.5571 -2.3968 0.1693, -0.5571 -1.5504 0.1693, -0.5571 -1.137 0.1693, -0.7008 -1.137 0.1693, -0.7343 -1.137 0.1693, -1.1476 -1.137 0.1693, -1.2894 -1.137 0.1693, -1.2559 -1.5504 0.1693, -1.2894 -1.5504 0.1693, -1.2559 -2.3968 0.1693, -1.2894 -2.3968 0.1693, -1.2894 -2.6626 0.1693, -1.1476 -2.6626 0.1693, 0.5492 1.7016 0.1693, 0.2992 1.7016 0.1693, 0.1476 1.7016 0.1693, 0.4114 1.7016 0.1693, 0.2992 1.3473 0.1693, 0.2992 0.5008 0.1693, 0.2992 0.0284 0.1693, -0.7008 1.7016 0.1693, -0.5571 1.7016 0.1693, 1.4114 1.3473 0.1693, 0.5492 1.3473 0.1693, 0.5492 0.5008 0.1693, 0.4114 1.3473 0.1693, -0.5571 1.3473 0.1693, -0.7008 1.3473 0.1693, -0.7008 0.5008 0.1693, -1.4104 1.3473 0.1693, -1.4104 0.5008 0.1693, 1.4114 -0.5858 0.1693, 1.4114 0.0284 0.1693, 1.4114 0.5008 0.1693, 0.8524 -0.5858 0.1693, 1.2894 -0.5858 0.1693, 0.4114 0.5008 0.1693, 0.5492 0.0284 0.1693, 0.4114 0.0284 0.1693, 0.5492 -0.5858 0.1693, 0.4114 -0.5858 0.1693, 0.1476 0.0284 0.1693, -0.1476 0.0284 0.1693, -0.435 -0.5858 0.1693, -0.5571 0.5008 0.1693, -0.5571 0.0284 0.1693, -0.5571 -0.5858 0.1693, -0.7008 0.0284 0.1693, -0.7008 -0.5858 0.1693, -0.7343 -0.5858 0.1693, -1.1476 -0.5858 0.1693, -1.2894 -0.5858 0.1693, 1.4114 -1.137 0.1693, 0.8524 -1.137 0.1693, 0.7106 -0.5858 0.1693, 0.4114 -1.137 0.1693, 0.5492 -1.137 0.1693, 0.2992 -0.5858 0.1693, 0.2992 -1.137 0.1693, 0.2992 -1.5504 0.1693, 0.2992 -2.3968 0.1693, 1.4114 -1.5504 0.1693, 0.5492 -1.5504 0.1693, 0.4114 -1.5504 0.1693, 0.4114 -2.3968 0.1693, 0.5492 -2.3968 0.1693, 0.4114 -2.6626 0.1693, -1.4104 0.0284 0.1693, -1.4104 -0.5858 0.1693, -1.4104 -1.137 0.1693, -1.4104 -1.5504 0.1693, -1.4104 -2.3968 0.1693, -1.4104 -2.6626 0.1693, 1.2894 -2.889 0.1693, 0.8524 -2.889 0.1693, 0.7106 -2.889 0.1693, -0.1476 -2.889 0.1693, -1.1476 -2.889 0.1693, -1.2894 -2.889 0.1693, -1.4104 -2.889 0.1693, 1.3898 -2.889 0.4449, 1.3898 -2.574 0.4449
            ]
        }
        coordIndex [
            0,1,2,-1,2,1,3,-1,2,3,4,-1,4,3,5,-1,4,5,6,-1,6,5,7,-1,6,7,8,-1,8,7,9,-1,10,11,12,-1,12,11,13,-1,12,13,14,-1,13,15,14,-1,14,15,16,-1,14,16,17,-1,17,16,18,-1,17,18,19,-1,20,21,22,-1,22,21,23,-1,22,24,20,-1,20,24,25,-1,20,25,26,-1,26,25,27,-1,27,25,28,-1,27,28,29,-1,29,28,30,-1,29,30,31,-1,31,30,32,-1,32,33,31,-1,31,33,34,-1,34,33,35,-1,35,33,36,-1,35,36,37,-1,37,36,38,-1,37,38,39,-1,39,38,40,-1,39,40,41,-1,41,40,42,-1,41,42,43,-1,43,42,44,-1,43,44,45,-1,45,44,46,-1,47,48,46,-1,46,48,49,-1,46,49,45,-1,50,51,52,-1,50,52,53,-1,53,52,54,-1,53,54,55,-1,55,54,56,-1,55,56,57,-1,57,56,58,-1,58,56,59,-1,58,59,60,-1,60,59,61,-1,61,59,62,-1,61,62,63,-1,63,62,64,-1,64,62,65,-1,64,65,66,-1,66,65,67,-1,66,67,68,-1,68,67,69,-1,70,71,72,-1,72,71,73,-1,72,73,74,-1,75,76,77,-1,75,77,78,-1,78,77,79,-1,78,79,80,-1,80,79,81,-1,80,81,82,-1,82,81,83,-1,82,83,84,-1,84,83,85,-1,84,85,86,-1,86,85,87,-1,86,87,88,-1,76,75,89,-1,89,75,90,-1,89,90,91,-1,91,90,92,-1,91,92,93,-1,93,92,94,-1,93,94,95,-1,95,94,96,-1,95,96,97,-1,97,96,98,-1,97,98,99,-1,99,98,100,-1,99,100,101,-1,101,100,102,-1,101,102,103,-1,103,102,104,-1,105,106,107,-1,107,106,108,-1,109,110,111,-1,111,110,112,-1,113,114,115,-1,115,114,116,-1,117,118,119,-1,119,118,120,-1,119,120,121,-1,121,120,122,-1,121,122,123,-1,123,122,124,-1,123,124,125,-1,125,124,126,-1,125,126,127,-1,127,126,128,-1,127,128,113,-1,113,128,114,-1,129,130,117,-1,117,130,118,-1,131,132,133,-1,133,132,134,-1,133,134,135,-1,135,134,136,-1,135,136,137,-1,137,136,138,-1,137,138,139,-1,139,138,140,-1,139,140,141,-1,141,140,142,-1,141,142,129,-1,129,142,130,-1,132,131,143,-1,132,143,144,-1,144,143,145,-1,144,145,146,-1,146,145,147,-1,146,147,148,-1,148,147,149,-1,148,149,150,-1,150,149,151,-1,150,151,152,-1,152,151,153,-1,152,153,154,-1,153,155,154,-1,154,155,156,-1,156,155,157,-1,156,157,158,-1,158,157,159,-1,158,159,160,-1,160,159,161,-1,160,161,162,-1,162,161,163,-1,162,163,164,-1,164,163,165,-1,164,165,166,-1,166,165,167,-1,166,167,168,-1,169,170,171,-1,171,170,172,-1,171,172,173,-1,173,172,174,-1,173,174,175,-1,175,174,176,-1,175,176,177,-1,177,176,178,-1,177,178,179,-1,179,178,180,-1,179,180,167,-1,167,180,168,-1,169,181,170,-1,170,181,182,-1,183,184,185,-1,185,184,186,-1,185,186,187,-1,187,186,188,-1,187,188,189,-1,189,188,190,-1,189,190,191,-1,191,190,192,-1,191,192,193,-1,193,192,194,-1,193,194,195,-1,195,194,196,-1,195,196,181,-1,181,196,182,-1,197,184,198,-1,198,184,183,-1,198,199,200,-1,198,200,201,-1,201,200,202,-1,201,202,203,-1,203,202,204,-1,203,204,205,-1,205,204,206,-1,205,206,207,-1,207,206,208,-1,207,208,209,-1,210,211,212,-1,212,211,213,-1,214,215,216,-1,216,217,214,-1,214,217,218,-1,214,218,213,-1,215,219,220,-1,215,220,216,-1,216,220,221,-1,216,221,217,-1,217,221,222,-1,217,222,218,-1,218,222,212,-1,218,212,213,-1,223,212,222,-1,222,221,223,-1,223,221,220,-1,223,220,219,-1,224,208,223,-1,223,208,210,-1,223,210,212,-1,208,224,209,-1,209,224,225,-1,226,227,228,-1,228,227,229,-1,230,231,232,-1,230,232,233,-1,233,232,234,-1,233,234,235,-1,235,234,236,-1,235,236,237,-1,237,236,238,-1,237,238,239,-1,239,238,240,-1,239,240,241,-1,242,243,244,-1,242,244,245,-1,245,244,246,-1,245,246,247,-1,247,246,248,-1,247,248,249,-1,249,248,250,-1,249,250,251,-1,251,250,252,-1,251,252,253,-1,253,252,254,-1,253,254,255,-1,255,254,256,-1,255,256,257,-1,257,256,258,-1,257,258,259,-1,259,258,260,-1,259,260,261,-1,261,260,262,-1,261,262,263,-1,263,262,264,-1,263,264,265,-1,265,264,230,-1,265,230,266,-1,243,242,267,-1,267,242,268,-1,269,270,271,-1,271,270,272,-1,271,272,273,-1,273,272,274,-1,273,274,275,-1,275,274,276,-1,275,276,277,-1,277,276,278,-1,277,278,279,-1,279,278,280,-1,279,280,281,-1,281,280,282,-1,281,282,283,-1,283,282,284,-1,283,284,285,-1,285,284,286,-1,287,288,289,-1,287,289,290,-1,290,289,291,-1,290,291,292,-1,292,291,293,-1,292,293,294,-1,294,293,295,-1,294,295,296,-1,296,295,297,-1,296,297,298,-1,298,297,285,-1,298,285,286,-1,288,287,299,-1,299,287,300,-1,299,300,301,-1,301,300,302,-1,301,302,303,-1,303,302,304,-1,303,304,305,-1,305,304,306,-1,305,306,307,-1,307,306,308,-1,307,308,309,-1,309,308,310,-1,309,310,311,-1,311,310,312,-1,311,312,313,-1,313,312,314,-1,313,314,315,-1,315,314,316,-1,315,316,317,-1,317,316,318,-1,317,318,319,-1,319,318,320,-1,319,320,321,-1,321,320,322,-1,321,322,323,-1,323,322,324,-1,323,324,268,-1,268,324,267,-1,268,325,326,-1,268,326,323,-1,323,326,327,-1,323,327,321,-1,321,327,328,-1,321,328,319,-1,319,328,329,-1,319,329,317,-1,317,329,330,-1,317,330,315,-1,315,330,331,-1,315,331,313,-1,332,333,334,-1,332,334,335,-1,335,334,336,-1,335,336,337,-1,337,336,338,-1,337,338,339,-1,339,338,340,-1,339,340,341,-1,341,340,342,-1,341,342,343,-1,343,342,344,-1,343,344,345,-1,346,347,348,-1,348,347,349,-1,347,350,349,-1,349,350,331,-1,349,331,325,-1,325,331,326,-1,331,330,326,-1,326,330,329,-1,326,329,327,-1,327,329,328,-1,351,352,353,-1,351,353,354,-1,355,356,353,-1,353,356,357,-1,353,357,354,-1,358,359,353,-1,353,359,360,-1,353,360,355,-1,344,361,345,-1,345,361,362,-1,285,297,331,-1,331,297,295,-1,331,295,293,-1,293,291,331,-1,331,291,289,-1,331,289,313,-1,313,289,288,-1,313,288,311,-1,331,350,285,-1,285,350,269,-1,285,269,283,-1,283,269,271,-1,283,271,281,-1,281,271,273,-1,273,275,281,-1,281,275,277,-1,281,277,279,-1,311,288,309,-1,309,288,299,-1,309,299,301,-1,301,303,309,-1,309,303,305,-1,309,305,307,-1,344,363,361,-1,361,363,364,-1,363,344,365,-1,365,344,342,-1,365,342,366,-1,366,342,340,-1,366,340,367,-1,367,340,338,-1,333,368,334,-1,334,368,369,-1,334,369,336,-1,336,369,370,-1,336,370,338,-1,338,370,371,-1,338,371,367,-1,368,333,372,-1,372,333,373,-1,372,373,374,-1,374,373,375,-1,374,375,376,-1,376,375,377,-1,376,377,378,-1,378,377,379,-1,378,379,380,-1,380,379,381,-1,380,381,382,-1,382,381,383,-1,382,383,384,-1,384,383,385,-1,384,385,386,-1,386,385,387,-1,386,387,388,-1,388,387,389,-1,388,389,390,-1,390,389,391,-1,390,391,392,-1,392,391,393,-1,392,393,394,-1,394,393,395,-1,394,395,396,-1,396,395,397,-1,396,397,398,-1,398,397,399,-1,400,401,402,-1,400,402,403,-1,403,402,404,-1,403,404,405,-1,405,404,406,-1,405,406,407,-1,407,406,408,-1,407,408,409,-1,409,408,410,-1,409,410,411,-1,411,410,398,-1,411,398,399,-1,401,400,412,-1,412,400,413,-1,414,415,416,-1,414,416,417,-1,417,416,418,-1,417,418,419,-1,419,418,420,-1,419,420,421,-1,421,420,422,-1,421,422,423,-1,423,422,424,-1,423,424,425,-1,425,424,412,-1,425,412,413,-1,415,414,426,-1,426,414,427,-1,426,427,428,-1,428,427,429,-1,428,429,430,-1,430,429,431,-1,430,431,432,-1,432,431,433,-1,432,433,434,-1,434,433,435,-1,434,435,436,-1,436,435,437,-1,436,437,438,-1,438,437,439,-1,438,439,440,-1,440,439,441,-1,440,441,442,-1,442,441,443,-1,442,443,444,-1,444,443,445,-1,444,445,446,-1,446,445,447,-1,446,447,448,-1,448,447,449,-1,448,449,450,-1,450,449,451,-1,450,451,231,-1,231,451,452,-1,231,452,232,-1,232,452,453,-1,232,453,234,-1,234,453,454,-1,234,454,236,-1,236,454,455,-1,236,455,238,-1,238,455,456,-1,238,456,240,-1,240,456,226,-1,227,226,457,-1,457,226,456,-1,457,456,458,-1,458,456,455,-1,458,455,459,-1,459,455,454,-1,459,454,460,-1,460,454,453,-1,460,453,266,-1,266,453,452,-1,241,227,239,-1,239,227,457,-1,239,457,237,-1,237,457,458,-1,237,458,235,-1,235,458,459,-1,235,459,233,-1,233,459,460,-1,233,460,230,-1,230,460,266,-1,241,461,227,-1,227,461,462,-1,227,462,229,-1,462,463,464,-1,464,465,462,-1,462,465,466,-1,462,466,229,-1,463,467,468,-1,463,468,464,-1,464,468,469,-1,464,469,465,-1,465,469,470,-1,465,470,466,-1,466,470,228,-1,466,228,229,-1,471,228,470,-1,470,469,471,-1,471,469,468,-1,471,468,467,-1,472,240,471,-1,471,240,226,-1,471,226,228,-1,240,472,241,-1,241,472,461,-1,473,474,475,-1,475,474,476,-1,475,476,477,-1,477,476,478,-1,477,478,479,-1,479,478,480,-1,481,482,483,-1,483,482,484,-1,483,484,485,-1,485,484,486,-1,485,486,487,-1,487,486,488,-1,489,490,491,-1,491,490,492,-1,491,492,493,-1,493,492,494,-1,493,494,495,-1,493,495,496,-1,496,495,497,-1,498,499,500,-1,500,499,501,-1,501,502,500,-1,500,502,503,-1,500,503,504,-1,504,503,505,-1,504,505,506,-1,475,477,225,-1,225,224,475,-1,475,224,223,-1,475,223,473,-1,473,223,219,-1,473,219,479,-1,479,219,215,-1,479,215,477,-1,477,215,214,-1,477,214,225,-1,483,485,461,-1,461,472,483,-1,483,472,471,-1,483,471,481,-1,481,471,467,-1,481,467,487,-1,487,467,463,-1,487,463,485,-1,485,463,462,-1,485,462,461,-1,496,507,493,-1,493,507,491,-1,500,504,498,-1,498,504,508,-1,209,225,211,-1,211,225,214,-1,211,214,213,-1,209,211,207,-1,207,211,509,-1,207,509,205,-1,205,509,510,-1,205,510,203,-1,203,510,511,-1,203,511,201,-1,201,511,512,-1,201,512,198,-1,198,512,197,-1,211,210,509,-1,509,210,513,-1,509,513,510,-1,510,513,514,-1,510,514,511,-1,511,514,515,-1,511,515,512,-1,512,515,516,-1,512,516,197,-1,197,516,517,-1,199,517,200,-1,200,517,516,-1,200,516,202,-1,202,516,515,-1,202,515,204,-1,204,515,514,-1,204,514,206,-1,206,514,513,-1,206,513,208,-1,208,513,210,-1,517,199,518,-1,517,518,519,-1,519,518,520,-1,519,520,521,-1,521,520,522,-1,521,522,523,-1,523,522,524,-1,523,524,525,-1,525,524,526,-1,525,526,527,-1,527,526,528,-1,527,528,529,-1,529,528,530,-1,529,530,531,-1,531,530,532,-1,531,532,533,-1,533,532,534,-1,533,534,535,-1,535,534,536,-1,535,536,537,-1,537,536,538,-1,537,538,539,-1,539,538,540,-1,539,540,541,-1,542,543,540,-1,540,543,541,-1,116,544,545,-1,116,545,546,-1,546,545,547,-1,546,547,548,-1,548,547,549,-1,548,549,550,-1,550,549,551,-1,550,551,552,-1,552,551,553,-1,552,553,554,-1,554,553,555,-1,554,555,556,-1,557,543,558,-1,557,558,559,-1,559,558,560,-1,559,560,561,-1,561,560,562,-1,561,562,563,-1,563,562,564,-1,563,564,565,-1,565,564,566,-1,565,566,567,-1,567,566,568,-1,567,568,569,-1,570,571,572,-1,572,571,573,-1,574,575,576,-1,576,575,577,-1,576,577,578,-1,578,577,579,-1,578,579,580,-1,580,579,581,-1,580,581,582,-1,582,581,583,-1,582,583,584,-1,584,583,585,-1,585,586,584,-1,584,586,587,-1,588,589,590,-1,588,590,591,-1,591,590,592,-1,591,592,593,-1,593,592,594,-1,593,594,595,-1,595,594,596,-1,595,596,597,-1,597,596,587,-1,597,587,586,-1,588,598,589,-1,589,598,599,-1,600,601,602,-1,602,601,603,-1,602,603,604,-1,604,603,605,-1,604,605,606,-1,606,605,607,-1,606,607,608,-1,608,607,609,-1,608,609,610,-1,610,609,611,-1,611,612,610,-1,610,612,613,-1,613,612,614,-1,613,614,615,-1,615,614,616,-1,615,616,617,-1,617,616,618,-1,617,618,619,-1,619,618,620,-1,619,620,621,-1,621,620,599,-1,621,599,598,-1,622,623,624,-1,624,623,625,-1,600,602,575,-1,575,602,604,-1,575,604,577,-1,583,581,608,-1,608,581,606,-1,606,581,604,-1,604,581,579,-1,604,579,577,-1,586,585,613,-1,583,608,585,-1,585,608,610,-1,585,610,613,-1,619,613,617,-1,617,613,615,-1,593,595,591,-1,591,595,588,-1,619,621,613,-1,613,621,598,-1,613,598,586,-1,586,598,588,-1,586,588,597,-1,597,588,595,-1,626,627,628,-1,629,630,628,-1,628,630,631,-1,628,631,626,-1,629,632,630,-1,630,632,633,-1,630,633,634,-1,634,633,635,-1,634,635,636,-1,637,623,636,-1,636,623,622,-1,636,622,634,-1,637,638,623,-1,623,638,639,-1,623,639,640,-1,640,641,623,-1,623,641,642,-1,623,642,643,-1,637,644,638,-1,638,644,645,-1,638,645,646,-1,646,645,647,-1,628,648,629,-1,629,648,649,-1,629,649,632,-1,632,649,650,-1,632,650,633,-1,633,650,651,-1,633,651,635,-1,635,651,652,-1,635,652,636,-1,636,652,653,-1,653,654,636,-1,636,654,637,-1,637,654,655,-1,637,655,644,-1,644,655,656,-1,644,656,645,-1,645,656,657,-1,645,657,647,-1,647,657,658,-1,647,658,646,-1,646,658,659,-1,646,659,638,-1,659,660,638,-1,638,660,639,-1,639,660,661,-1,639,661,640,-1,640,661,662,-1,640,662,641,-1,641,662,663,-1,641,663,642,-1,642,663,664,-1,642,664,643,-1,643,664,625,-1,643,625,623,-1,348,349,439,-1,385,383,108,-1,108,383,381,-1,108,381,379,-1,333,332,373,-1,373,332,107,-1,373,107,375,-1,375,107,108,-1,375,108,377,-1,377,108,379,-1,427,414,348,-1,348,414,417,-1,348,417,419,-1,405,407,108,-1,108,407,409,-1,108,409,385,-1,325,268,349,-1,349,268,242,-1,242,245,349,-1,349,245,247,-1,349,247,249,-1,249,251,349,-1,349,251,253,-1,349,253,439,-1,439,253,255,-1,439,255,257,-1,266,452,265,-1,265,452,451,-1,265,451,449,-1,257,259,439,-1,439,259,261,-1,439,261,441,-1,441,261,263,-1,449,447,265,-1,265,447,445,-1,265,445,263,-1,263,445,443,-1,263,443,441,-1,409,411,385,-1,385,411,399,-1,385,399,387,-1,387,399,389,-1,439,437,348,-1,348,437,435,-1,348,435,433,-1,405,108,403,-1,403,108,574,-1,403,574,400,-1,433,431,348,-1,348,431,429,-1,348,429,427,-1,419,421,348,-1,348,421,423,-1,348,423,601,-1,601,423,425,-1,601,425,603,-1,603,425,413,-1,603,413,605,-1,605,413,400,-1,399,397,389,-1,389,397,395,-1,389,395,391,-1,391,395,393,-1,574,576,400,-1,400,576,578,-1,400,578,605,-1,605,578,580,-1,605,580,607,-1,607,580,609,-1,609,580,582,-1,609,582,584,-1,587,612,584,-1,584,612,611,-1,584,611,609,-1,587,589,612,-1,612,589,599,-1,612,599,620,-1,620,618,612,-1,612,618,616,-1,612,616,614,-1,587,596,594,-1,594,592,587,-1,587,592,590,-1,587,590,589,-1,182,572,170,-1,170,572,573,-1,170,573,172,-1,126,124,111,-1,544,116,112,-1,112,116,114,-1,112,114,111,-1,111,114,128,-1,111,128,126,-1,124,122,111,-1,111,122,120,-1,111,120,118,-1,523,525,182,-1,182,525,527,-1,535,537,572,-1,160,162,573,-1,573,162,164,-1,573,164,166,-1,521,194,192,-1,521,192,519,-1,519,192,190,-1,519,190,188,-1,523,182,521,-1,521,182,196,-1,521,196,194,-1,527,529,182,-1,182,529,531,-1,182,531,572,-1,572,531,533,-1,572,533,535,-1,543,557,541,-1,541,557,572,-1,541,572,539,-1,539,572,537,-1,197,517,184,-1,184,517,519,-1,184,519,186,-1,186,519,188,-1,142,140,132,-1,146,111,144,-1,144,111,118,-1,144,118,132,-1,132,118,130,-1,132,130,142,-1,138,136,140,-1,140,136,134,-1,140,134,132,-1,160,573,158,-1,158,573,665,-1,158,665,156,-1,156,665,666,-1,156,666,154,-1,166,168,573,-1,573,168,180,-1,573,180,178,-1,178,176,573,-1,573,176,174,-1,573,174,172,-1,666,667,154,-1,154,667,668,-1,154,668,651,-1,651,668,669,-1,651,669,652,-1,654,653,625,-1,146,148,111,-1,111,148,150,-1,111,150,648,-1,648,150,152,-1,648,152,649,-1,649,152,154,-1,649,154,650,-1,650,154,651,-1,652,669,653,-1,653,669,624,-1,653,624,625,-1,662,625,663,-1,663,625,664,-1,662,661,625,-1,625,661,660,-1,625,660,654,-1,654,660,659,-1,654,659,658,-1,658,657,654,-1,654,657,656,-1,654,656,655,-1,665,627,666,-1,666,627,626,-1,666,626,667,-1,667,626,631,-1,667,631,668,-1,668,631,630,-1,668,630,669,-1,669,630,634,-1,669,634,624,-1,624,634,622,-1,665,573,627,-1,627,573,571,-1,627,571,628,-1,628,571,109,-1,628,109,648,-1,648,109,111,-1,670,671,672,-1,672,671,673,-1,674,570,569,-1,569,570,572,-1,572,557,569,-1,569,557,559,-1,569,559,567,-1,567,559,561,-1,567,561,565,-1,565,561,563,-1,675,676,677,-1,677,678,675,-1,675,678,679,-1,675,679,680,-1,671,670,681,-1,681,670,675,-1,681,675,682,-1,682,675,680,-1,518,199,198,-1,115,683,113,-1,113,683,673,-1,127,113,117,-1,151,149,673,-1,169,167,181,-1,181,167,165,-1,181,165,671,-1,165,163,671,-1,671,163,161,-1,671,161,159,-1,149,147,673,-1,673,147,145,-1,673,145,113,-1,113,145,143,-1,113,143,131,-1,538,536,671,-1,671,536,534,-1,681,542,671,-1,671,542,540,-1,671,540,538,-1,534,532,671,-1,671,532,530,-1,671,530,181,-1,181,530,528,-1,181,528,526,-1,173,175,177,-1,526,524,181,-1,181,524,522,-1,181,522,195,-1,195,522,520,-1,198,183,518,-1,518,183,185,-1,518,185,187,-1,187,189,518,-1,518,189,191,-1,518,191,520,-1,520,191,193,-1,520,193,195,-1,169,171,167,-1,167,171,173,-1,167,173,179,-1,179,173,177,-1,159,157,671,-1,671,157,155,-1,671,155,673,-1,673,155,153,-1,673,153,151,-1,117,113,129,-1,129,113,131,-1,129,131,141,-1,117,119,127,-1,127,119,121,-1,127,121,125,-1,125,121,123,-1,131,133,141,-1,141,133,135,-1,141,135,139,-1,139,135,137,-1,110,684,112,-1,112,684,555,-1,112,555,544,-1,544,555,545,-1,555,553,545,-1,545,553,551,-1,545,551,547,-1,547,551,549,-1,672,673,685,-1,685,673,683,-1,685,683,686,-1,687,685,688,-1,688,685,689,-1,686,690,685,-1,685,690,691,-1,685,691,689,-1,87,85,569,-1,569,85,83,-1,569,83,81,-1,569,568,87,-1,87,568,692,-1,87,692,693,-1,693,692,694,-1,97,91,95,-1,95,91,93,-1,81,79,569,-1,569,79,77,-1,569,77,674,-1,674,77,76,-1,674,76,103,-1,103,76,89,-1,103,89,101,-1,101,89,91,-1,101,91,99,-1,99,91,97,-1,694,695,693,-1,693,695,696,-1,693,696,697,-1,697,696,698,-1,556,555,699,-1,699,555,684,-1,556,699,700,-1,700,699,701,-1,556,700,554,-1,554,700,702,-1,554,702,552,-1,552,702,703,-1,552,703,550,-1,550,703,704,-1,550,704,548,-1,548,704,705,-1,548,705,546,-1,546,705,706,-1,546,706,116,-1,116,706,115,-1,676,707,677,-1,677,707,708,-1,677,708,678,-1,678,708,709,-1,678,709,679,-1,679,709,710,-1,679,710,680,-1,680,710,711,-1,680,711,682,-1,682,711,712,-1,682,712,681,-1,681,712,542,-1,700,687,702,-1,702,687,688,-1,702,688,703,-1,703,688,689,-1,703,689,704,-1,704,689,691,-1,704,691,705,-1,705,691,690,-1,705,690,706,-1,706,690,686,-1,706,686,115,-1,115,686,683,-1,543,542,558,-1,558,542,712,-1,558,712,560,-1,560,712,711,-1,560,711,562,-1,562,711,710,-1,562,710,564,-1,564,710,709,-1,564,709,566,-1,566,709,708,-1,566,708,568,-1,568,708,707,-1,568,707,692,-1,692,707,713,-1,692,713,694,-1,694,713,714,-1,694,714,695,-1,695,714,715,-1,695,715,696,-1,696,715,716,-1,696,716,698,-1,698,716,717,-1,698,717,697,-1,697,717,718,-1,697,718,693,-1,693,718,719,-1,693,719,87,-1,87,719,88,-1,720,721,722,-1,722,721,723,-1,724,725,726,-1,726,725,727,-1,728,729,730,-1,730,729,725,-1,730,725,731,-1,731,725,724,-1,728,732,729,-1,729,732,733,-1,732,734,733,-1,733,734,735,-1,734,732,736,-1,736,732,737,-1,738,739,740,-1,740,739,736,-1,740,736,737,-1,727,725,741,-1,741,725,729,-1,741,729,742,-1,729,733,742,-1,742,733,735,-1,742,735,743,-1,743,735,739,-1,743,739,738,-1,741,742,744,-1,744,742,745,-1,746,726,727,-1,746,727,747,-1,747,727,741,-1,747,741,744,-1,748,746,749,-1,749,746,747,-1,750,751,752,-1,752,751,753,-1,750,752,754,-1,754,752,755,-1,754,755,756,-1,756,755,757,-1,756,757,758,-1,758,757,759,-1,758,759,760,-1,760,759,761,-1,760,761,762,-1,762,761,763,-1,762,763,764,-1,764,763,765,-1,764,765,766,-1,766,765,767,-1,766,768,769,-1,769,768,770,-1,769,770,771,-1,771,770,772,-1,771,772,773,-1,773,772,774,-1,773,774,775,-1,775,774,776,-1,775,776,777,-1,777,776,778,-1,777,778,779,-1,779,778,780,-1,779,780,750,-1,750,780,781,-1,782,783,784,-1,750,781,785,-1,750,785,751,-1,751,785,786,-1,786,785,787,-1,786,787,788,-1,788,789,786,-1,786,789,790,-1,786,790,784,-1,784,790,791,-1,784,791,782,-1,784,792,786,-1,786,792,793,-1,794,795,796,-1,796,795,797,-1,796,797,798,-1,798,797,799,-1,798,799,800,-1,800,799,801,-1,800,801,802,-1,802,801,803,-1,802,803,804,-1,804,803,805,-1,804,805,806,-1,806,805,807,-1,806,807,808,-1,808,807,809,-1,810,811,812,-1,812,811,813,-1,814,815,816,-1,816,815,817,-1,818,819,820,-1,820,819,821,-1,820,821,822,-1,822,821,823,-1,824,825,826,-1,826,825,827,-1,822,823,828,-1,828,823,829,-1,826,827,830,-1,830,827,831,-1,830,831,832,-1,832,831,833,-1,834,811,835,-1,835,811,818,-1,818,811,810,-1,818,810,819,-1,832,833,836,-1,836,833,816,-1,816,817,836,-1,836,817,837,-1,836,837,838,-1,835,839,834,-1,834,839,840,-1,834,840,841,-1,841,840,842,-1,841,842,843,-1,837,844,838,-1,838,844,845,-1,838,845,846,-1,846,845,847,-1,833,848,816,-1,816,848,849,-1,816,849,850,-1,850,849,851,-1,850,851,852,-1,852,851,853,-1,852,853,854,-1,854,853,855,-1,854,855,856,-1,856,855,857,-1,856,857,858,-1,858,857,859,-1,858,859,860,-1,860,859,861,-1,860,861,862,-1,862,861,863,-1,862,863,864,-1,863,865,864,-1,864,865,866,-1,864,866,867,-1,866,868,867,-1,867,868,869,-1,867,869,870,-1,870,869,871,-1,870,871,872,-1,872,871,873,-1,872,873,874,-1,873,875,874,-1,874,875,876,-1,874,876,810,-1,810,876,877,-1,810,877,819,-1,878,879,880,-1,840,881,842,-1,842,881,878,-1,839,835,882,-1,882,883,839,-1,839,883,884,-1,839,884,840,-1,840,884,885,-1,840,885,881,-1,878,880,842,-1,842,880,886,-1,842,886,843,-1,843,886,887,-1,843,887,841,-1,841,887,888,-1,841,888,834,-1,834,888,813,-1,834,813,811,-1,808,879,878,-1,878,881,808,-1,808,881,885,-1,808,885,884,-1,884,883,808,-1,808,883,882,-1,808,882,889,-1,808,889,890,-1,890,889,891,-1,890,891,892,-1,892,891,893,-1,892,893,894,-1,894,893,895,-1,894,895,896,-1,896,895,897,-1,896,897,898,-1,898,897,899,-1,898,899,900,-1,900,899,901,-1,900,901,794,-1,794,901,902,-1,902,903,794,-1,794,903,904,-1,905,906,907,-1,907,906,908,-1,794,904,908,-1,909,910,906,-1,906,910,911,-1,906,911,912,-1,795,794,913,-1,913,794,908,-1,913,908,914,-1,914,908,915,-1,912,916,906,-1,906,916,917,-1,906,917,908,-1,908,917,918,-1,908,918,915,-1,751,786,753,-1,753,786,793,-1,753,793,919,-1,919,793,748,-1,919,748,749,-1,908,904,907,-1,907,904,903,-1,907,903,920,-1,920,903,921,-1,920,921,922,-1,922,923,920,-1,920,923,924,-1,925,926,923,-1,923,926,722,-1,923,722,924,-1,924,722,723,-1,925,927,926,-1,926,927,928,-1,720,722,926,-1,929,930,931,-1,931,930,932,-1,931,932,928,-1,928,932,933,-1,928,933,926,-1,926,933,934,-1,926,934,720,-1,930,929,935,-1,935,929,936,-1,935,936,937,-1,739,735,736,-1,736,735,734,-1,935,938,930,-1,930,938,932,-1,939,938,937,-1,937,938,935,-1,938,939,932,-1,932,939,933,-1,934,933,940,-1,940,933,939,-1,941,721,720,-1,941,720,942,-1,942,720,934,-1,942,934,940,-1,943,944,945,-1,945,944,946,-1,946,944,947,-1,947,944,948,-1,947,948,949,-1,949,948,950,-1,950,948,951,-1,950,951,952,-1,952,951,953,-1,953,951,954,-1,953,954,955,-1,955,954,956,-1,956,954,957,-1,956,957,958,-1,958,957,959,-1,959,957,960,-1,959,960,961,-1,962,963,964,-1,964,963,965,-1,964,965,966,-1,966,965,967,-1,966,967,968,-1,968,967,969,-1,962,970,963,-1,963,970,971,-1,972,973,974,-1,974,973,975,-1,974,975,976,-1,976,975,977,-1,976,977,978,-1,978,977,979,-1,978,979,980,-1,980,979,981,-1,980,981,982,-1,982,981,983,-1,982,983,970,-1,970,983,971,-1,961,960,984,-1,984,960,973,-1,984,973,972,-1,985,986,987,-1,987,986,988,-1,987,988,989,-1,988,990,989,-1,989,990,991,-1,991,990,992,-1,992,990,993,-1,992,993,994,-1,994,993,995,-1,994,995,996,-1,996,995,997,-1,998,999,997,-1,997,999,1000,-1,997,1000,996,-1,1001,1002,998,-1,998,1002,1003,-1,998,1003,999,-1,1004,1005,1006,-1,1006,1007,1004,-1,1004,1007,1008,-1,1004,1008,1001,-1,1001,1008,1009,-1,1001,1009,1002,-1,987,941,985,-1,985,941,942,-1,956,958,1000,-1,999,1003,1002,-1,1009,1008,1002,-1,1002,1008,1000,-1,1002,1000,999,-1,1008,1007,1000,-1,1000,1007,1006,-1,1000,1006,945,-1,958,959,1000,-1,1000,959,961,-1,1000,961,984,-1,952,1000,950,-1,950,1000,949,-1,952,953,1000,-1,1000,953,955,-1,1000,955,956,-1,945,946,1000,-1,1000,946,947,-1,1000,947,949,-1,1010,499,498,-1,508,1011,498,-1,498,1011,1012,-1,498,1012,1010,-1,701,828,700,-1,700,828,829,-1,700,829,687,-1,687,829,685,-1,1013,927,925,-1,707,676,675,-1,1014,474,473,-1,100,921,102,-1,102,921,104,-1,100,98,921,-1,921,98,96,-1,921,96,94,-1,923,922,719,-1,719,718,923,-1,923,718,717,-1,923,717,716,-1,716,715,923,-1,923,715,714,-1,923,714,925,-1,925,714,713,-1,675,1014,707,-1,707,1014,473,-1,707,473,713,-1,713,473,479,-1,713,479,925,-1,925,479,480,-1,925,480,1013,-1,84,86,922,-1,922,86,88,-1,922,88,719,-1,94,92,921,-1,921,92,90,-1,921,90,922,-1,922,90,75,-1,922,75,78,-1,78,80,922,-1,922,80,82,-1,922,82,84,-1,937,936,986,-1,940,939,942,-1,942,939,937,-1,942,937,985,-1,985,937,986,-1,943,945,1015,-1,1015,945,1006,-1,1015,1006,1005,-1,1010,1012,969,-1,969,1012,1016,-1,969,1016,968,-1,1017,1016,1011,-1,1011,1016,1012,-1,1018,1019,1020,-1,1020,1019,1021,-1,1021,1022,1020,-1,1020,1022,1023,-1,1020,1023,1018,-1,1018,1023,1024,-1,1018,1024,1019,-1,1019,1024,1025,-1,1019,1025,1021,-1,1021,1025,1022,-1,73,731,74,-1,74,731,724,-1,27,29,1022,-1,41,43,724,-1,21,20,26,-1,31,34,792,-1,35,37,724,-1,724,37,39,-1,724,39,41,-1,45,49,61,-1,29,31,1022,-1,1022,31,792,-1,1022,792,1023,-1,1023,792,1026,-1,1023,1026,1024,-1,1024,1026,1027,-1,1024,1027,1025,-1,1025,1027,21,-1,1025,21,1022,-1,1022,21,26,-1,1022,26,27,-1,746,748,726,-1,726,748,793,-1,726,793,724,-1,724,793,792,-1,724,792,35,-1,35,792,34,-1,61,63,45,-1,45,63,64,-1,45,64,43,-1,43,64,66,-1,43,66,724,-1,724,66,68,-1,724,68,74,-1,907,920,924,-1,924,723,907,-1,907,723,721,-1,907,721,905,-1,941,987,721,-1,721,987,989,-1,974,976,721,-1,721,976,978,-1,721,978,980,-1,1000,984,996,-1,996,984,972,-1,996,972,994,-1,994,972,974,-1,994,974,992,-1,992,974,721,-1,992,721,991,-1,991,721,989,-1,980,982,721,-1,721,982,970,-1,721,970,905,-1,905,970,962,-1,905,962,964,-1,1016,1017,968,-1,968,1017,905,-1,968,905,966,-1,966,905,964,-1,72,74,69,-1,69,74,68,-1,1028,1029,1030,-1,1030,1029,1031,-1,1030,1031,1032,-1,1032,1031,1033,-1,1032,1033,1034,-1,1034,1033,1035,-1,1034,1035,1028,-1,1028,1035,1029,-1,1036,1037,1038,-1,1038,1037,1039,-1,1038,1039,1040,-1,1040,1039,1041,-1,1040,1041,1042,-1,1042,1041,1043,-1,1042,1043,1044,-1,1044,1043,1045,-1,1044,1045,1046,-1,1046,1045,1047,-1,1046,1047,1036,-1,1036,1047,1037,-1,1048,1049,1050,-1,1050,1049,1051,-1,1050,1051,1052,-1,1052,1051,1053,-1,1052,1053,1054,-1,1054,1053,1055,-1,1054,1055,1056,-1,1056,1055,1057,-1,1056,1057,1058,-1,1058,1057,1059,-1,1058,1059,1048,-1,1048,1059,1049,-1,19,18,1060,-1,1060,18,1061,-1,1060,1061,1062,-1,1062,1061,1063,-1,1062,1063,0,-1,0,1063,1,-1,1064,1065,1066,-1,1066,1065,1067,-1,1067,1068,1069,-1,1067,1069,1066,-1,1066,1069,1070,-1,1066,1070,1071,-1,1066,1071,1064,-1,1064,1071,1072,-1,1064,1072,1073,-1,1064,1073,1065,-1,1065,1073,1074,-1,1065,1074,1075,-1,1065,1075,1067,-1,1067,1075,1068,-1,1076,1077,1078,-1,1078,1077,1079,-1,1080,1081,1078,-1,1079,1082,1083,-1,1079,1083,1078,-1,1078,1083,1084,-1,1078,1084,1080,-1,1078,1081,1076,-1,1076,1081,1085,-1,1085,1086,1076,-1,1076,1086,1087,-1,1076,1087,1077,-1,1077,1087,1088,-1,1077,1088,1089,-1,1077,1089,1079,-1,1079,1089,1082,-1,1090,1091,1092,-1,1092,1091,1093,-1,1093,1094,1095,-1,1093,1095,1092,-1,1092,1095,1096,-1,1092,1096,1097,-1,1092,1097,1090,-1,1090,1097,1098,-1,1090,1098,1099,-1,1090,1099,1091,-1,1091,1099,1100,-1,1091,1100,1101,-1,1091,1101,1093,-1,1093,1101,1094,-1,1102,1103,1104,-1,1104,1103,1105,-1,1104,1105,1106,-1,1106,1105,1107,-1,1106,1107,1108,-1,1108,1107,1109,-1,1108,1109,1110,-1,1110,1109,1111,-1,1110,1111,1112,-1,1112,1111,1113,-1,1112,1113,1114,-1,1114,1113,1115,-1,1114,1115,1116,-1,1116,1115,1117,-1,1116,1117,1102,-1,1102,1117,1103,-1,1118,1119,1120,-1,1121,1122,1123,-1,1123,1122,1118,-1,1123,1118,1124,-1,1124,1118,1120,-1,1120,1119,1125,-1,1125,1119,1126,-1,1125,1126,1127,-1,1127,1126,1128,-1,1127,1128,1129,-1,1129,1128,1130,-1,1129,1130,1131,-1,1131,1130,1121,-1,1121,1130,1122,-1,1132,1133,1134,-1,1134,1133,1135,-1,1134,1135,1136,-1,1136,1135,1137,-1,1136,1137,1138,-1,1138,1137,1139,-1,1138,1139,1132,-1,1132,1139,1133,-1,1140,1141,1142,-1,1142,1141,1143,-1,1142,1143,1144,-1,1144,1143,1145,-1,1144,1145,1146,-1,1146,1145,1147,-1,1146,1147,1140,-1,1140,1147,1141,-1,1148,1149,1150,-1,1150,1149,1151,-1,1150,1151,1152,-1,1152,1151,1153,-1,1152,1153,1154,-1,1154,1153,1155,-1,1154,1155,1148,-1,1148,1155,1149,-1,1156,1157,1158,-1,1158,1157,1159,-1,1158,1159,1160,-1,1160,1159,1161,-1,1160,1161,1162,-1,1162,1161,1163,-1,1162,1163,1156,-1,1156,1163,1157,-1,1164,1165,1166,-1,1166,1165,1167,-1,1166,1167,1168,-1,1168,1167,1169,-1,1168,1169,1170,-1,1170,1169,1171,-1,1170,1171,1164,-1,1164,1171,1165,-1,1172,1173,1174,-1,1174,1173,1175,-1,1174,1175,1176,-1,1176,1175,1177,-1,1176,1177,1178,-1,1178,1177,1179,-1,1178,1179,1172,-1,1172,1179,1173,-1,1180,1181,1182,-1,1182,1181,1183,-1,1182,1183,1184,-1,1184,1183,1185,-1,1184,1185,1186,-1,1186,1185,1187,-1,1186,1187,1180,-1,1180,1187,1181,-1,1188,1189,1190,-1,1190,1189,1191,-1,1190,1191,1192,-1,1192,1191,1193,-1,1192,1193,1194,-1,1194,1193,1195,-1,1194,1195,1188,-1,1188,1195,1189,-1,1196,1197,1198,-1,1198,1197,1199,-1,1198,1199,1200,-1,1200,1199,1201,-1,1200,1201,1202,-1,1202,1201,1203,-1,1202,1203,1196,-1,1196,1203,1197,-1,1204,1205,1206,-1,1206,1205,1207,-1,1206,1207,1208,-1,1205,1204,1209,-1,1209,1204,1210,-1,1211,1212,1213,-1,1213,1212,1209,-1,1213,1209,1210,-1,1212,1211,1207,-1,1207,1211,1208,-1,1214,1215,1216,-1,1216,1215,1217,-1,1216,1217,1218,-1,1215,1214,1219,-1,1219,1214,1220,-1,1221,1222,1223,-1,1223,1222,1219,-1,1223,1219,1220,-1,1222,1221,1217,-1,1217,1221,1218,-1,1224,1225,1226,-1,1226,1225,1227,-1,1226,1227,1228,-1,1228,1227,1229,-1,1228,1229,1230,-1,1230,1229,1231,-1,1230,1231,1224,-1,1224,1231,1225,-1,1232,1233,1234,-1,1234,1233,1235,-1,1234,1235,1236,-1,1236,1235,1237,-1,1236,1237,1238,-1,1238,1237,1239,-1,1238,1239,1232,-1,1232,1239,1233,-1,1240,1241,1242,-1,1242,1241,1243,-1,1242,1243,1244,-1,1244,1243,1245,-1,1244,1245,1246,-1,1246,1245,1247,-1,1246,1247,1240,-1,1240,1247,1241,-1,1248,1249,1250,-1,1250,1249,1251,-1,1250,1251,1252,-1,1252,1251,1253,-1,1252,1253,1254,-1,1254,1253,1255,-1,1254,1255,1248,-1,1248,1255,1249,-1,1256,1257,1258,-1,1258,1257,1259,-1,1258,1259,1260,-1,1260,1259,1261,-1,1260,1261,1262,-1,1262,1261,1263,-1,1262,1263,1256,-1,1256,1263,1257,-1,1264,1265,1266,-1,1266,1265,1267,-1,1266,1267,1268,-1,1268,1267,1269,-1,1268,1269,1270,-1,1270,1269,1271,-1,1270,1271,1264,-1,1264,1271,1265,-1,1272,1273,1274,-1,1274,1273,1275,-1,1274,1275,1276,-1,1276,1275,1277,-1,1276,1277,1278,-1,1278,1277,1279,-1,1278,1279,1272,-1,1272,1279,1273,-1,1280,1281,1282,-1,1282,1281,1283,-1,1282,1283,1284,-1,1284,1283,1285,-1,1284,1285,1286,-1,1286,1285,1287,-1,1286,1287,1280,-1,1280,1287,1281,-1,1288,1289,1290,-1,1290,1289,1291,-1,1290,1291,1292,-1,1292,1291,1293,-1,1292,1293,1294,-1,1292,1294,1295,-1,1295,1294,1296,-1,1295,1296,1297,-1,1297,1296,1298,-1,1297,1298,1299,-1,1299,1298,1300,-1,1301,1302,1303,-1,1303,1302,1304,-1,1303,1304,1305,-1,1305,1304,1299,-1,1305,1299,1300,-1,1302,1301,1306,-1,1306,1301,1307,-1,1306,1307,1308,-1,1308,1307,1309,-1,1308,1309,1288,-1,1288,1309,1289,-1,1310,1311,1312,-1,1312,1311,1313,-1,1312,1313,1314,-1,1314,1313,1315,-1,1314,1315,1316,-1,1316,1315,1317,-1,1316,1317,1318,-1,1318,1317,1319,-1,1318,1319,1320,-1,1320,1319,1321,-1,1320,1321,1322,-1,1322,1321,1323,-1,1322,1323,1324,-1,1324,1323,1325,-1,1324,1325,1326,-1,1326,1325,1327,-1,1326,1327,1328,-1,1328,1327,1329,-1,1328,1329,1330,-1,1330,1329,1331,-1,1330,1331,1332,-1,1332,1331,1333,-1,1332,1333,1310,-1,1310,1333,1311,-1,1334,1335,1336,-1,1336,1335,1337,-1,1336,1337,1338,-1,1338,1337,1339,-1,1338,1339,1340,-1,1338,1340,1341,-1,1341,1340,1342,-1,1341,1342,1343,-1,1343,1342,1344,-1,1343,1344,1345,-1,1345,1344,1346,-1,1347,1348,1349,-1,1349,1348,1350,-1,1349,1350,1351,-1,1351,1350,1345,-1,1351,1345,1346,-1,1348,1347,1352,-1,1352,1347,1353,-1,1352,1353,1354,-1,1354,1353,1355,-1,1354,1355,1334,-1,1334,1355,1335,-1,1356,1357,1358,-1,1358,1357,1359,-1,1358,1359,1360,-1,1360,1359,1361,-1,1360,1361,1362,-1,1360,1362,1363,-1,1363,1362,1364,-1,1363,1364,1365,-1,1365,1364,1366,-1,1365,1366,1367,-1,1367,1366,1368,-1,1369,1370,1371,-1,1371,1370,1372,-1,1371,1372,1373,-1,1373,1372,1367,-1,1373,1367,1368,-1,1357,1356,1374,-1,1374,1356,1375,-1,1374,1375,1376,-1,1376,1375,1377,-1,1376,1377,1369,-1,1369,1377,1370,-1,1378,1379,1380,-1,1380,1379,1381,-1,1380,1381,1382,-1,1382,1381,1383,-1,1382,1383,1384,-1,1384,1383,1385,-1,1384,1385,1386,-1,1386,1385,1387,-1,1386,1387,1388,-1,1388,1387,1389,-1,1388,1389,1390,-1,1390,1389,1391,-1,1390,1391,1392,-1,1392,1391,1393,-1,1392,1393,1394,-1,1394,1393,1395,-1,1394,1395,1396,-1,1396,1395,1397,-1,1379,1378,1398,-1,1398,1378,1399,-1,1398,1399,1400,-1,1400,1399,1401,-1,1400,1401,1397,-1,1397,1401,1396,-1,1402,1403,1404,-1,1385,1383,1405,-1,18,16,1406,-1,1407,1408,1107,-1,1071,1070,1409,-1,672,685,829,-1,1311,1333,1410,-1,1411,67,65,-1,740,70,738,-1,738,70,72,-1,738,72,1411,-1,1411,72,69,-1,1411,69,67,-1,1175,1173,1412,-1,1412,1173,1179,-1,1412,1179,1411,-1,1411,1179,1177,-1,1411,1177,738,-1,738,1177,743,-1,65,62,1411,-1,1411,62,59,-1,1411,59,56,-1,56,54,1411,-1,1411,54,52,-1,1411,52,1413,-1,1177,1175,743,-1,743,1175,1412,-1,743,1412,742,-1,742,1412,1414,-1,742,1414,745,-1,1415,488,486,-1,1416,1133,1139,-1,484,482,1417,-1,1414,1139,1137,-1,1135,486,1137,-1,1137,486,484,-1,1137,484,1414,-1,1414,484,1417,-1,1414,1417,745,-1,825,1418,827,-1,827,1418,1419,-1,1135,1133,486,-1,486,1133,1416,-1,486,1416,1415,-1,1415,1416,358,-1,1415,358,353,-1,833,1143,848,-1,848,1143,1141,-1,848,1141,1147,-1,1145,1143,358,-1,358,1143,833,-1,358,833,1419,-1,1419,833,831,-1,1419,831,827,-1,1139,1414,1416,-1,1416,1414,1296,-1,1416,1296,1294,-1,1145,358,1147,-1,1147,358,1416,-1,1147,1416,848,-1,848,1416,1294,-1,848,1294,849,-1,849,1294,1293,-1,849,1293,851,-1,851,1293,1291,-1,851,1291,853,-1,853,1291,1289,-1,853,1289,1420,-1,855,1157,1163,-1,1157,855,1159,-1,1159,855,853,-1,1159,853,1161,-1,1161,853,1420,-1,1161,1420,1163,-1,1163,1420,1421,-1,1163,1421,855,-1,1422,1319,1317,-1,1313,863,1315,-1,1315,863,861,-1,1315,861,1317,-1,1317,861,859,-1,1317,859,1422,-1,1422,859,1203,-1,1422,1203,1423,-1,1423,1203,1201,-1,1423,1201,857,-1,857,1201,1199,-1,857,1199,859,-1,859,1199,1197,-1,859,1197,1203,-1,1218,866,1216,-1,1216,866,865,-1,1216,865,1214,-1,1214,865,863,-1,1214,863,1220,-1,1220,863,1313,-1,1220,1313,1223,-1,1313,1311,1223,-1,1223,1311,1410,-1,1223,1410,1221,-1,1221,1410,1424,-1,1218,1221,866,-1,866,1221,1424,-1,866,1424,868,-1,868,1424,1425,-1,868,1425,869,-1,869,1425,1426,-1,871,1257,1263,-1,1257,871,1259,-1,1259,871,869,-1,1259,869,1261,-1,1261,869,1426,-1,1261,1426,1263,-1,1263,1426,1427,-1,1263,1427,871,-1,871,1427,1340,-1,871,1340,873,-1,873,1340,1339,-1,873,1339,875,-1,875,1339,1337,-1,875,1337,876,-1,876,1337,1335,-1,876,1335,1428,-1,1273,877,1275,-1,1275,877,876,-1,1275,876,1277,-1,1277,876,1428,-1,1277,1428,1279,-1,1279,1428,1429,-1,675,670,1429,-1,1273,1279,877,-1,877,1279,1429,-1,877,1429,819,-1,819,1429,670,-1,819,670,821,-1,821,670,672,-1,821,672,823,-1,823,672,829,-1,675,1429,1014,-1,1014,1429,476,-1,1014,476,474,-1,928,927,1013,-1,480,478,1013,-1,1013,478,1430,-1,1013,1430,928,-1,928,1430,1072,-1,928,1072,931,-1,997,995,1431,-1,997,1431,998,-1,988,1409,990,-1,990,1409,1431,-1,990,1431,993,-1,993,1431,995,-1,986,936,988,-1,988,936,929,-1,988,929,1409,-1,1409,929,931,-1,1409,931,1071,-1,1071,931,1072,-1,1431,1015,1005,-1,1005,1004,1431,-1,1431,1004,1001,-1,1431,1001,998,-1,1432,502,1431,-1,1431,502,501,-1,977,975,1431,-1,1431,975,1015,-1,1015,975,973,-1,1015,973,960,-1,983,981,1431,-1,1431,981,979,-1,1431,979,977,-1,965,963,1431,-1,1431,963,971,-1,1431,971,983,-1,957,954,951,-1,499,1010,501,-1,501,1010,969,-1,501,969,1431,-1,1431,969,967,-1,1431,967,965,-1,951,948,957,-1,957,948,944,-1,957,944,960,-1,960,944,943,-1,960,943,1015,-1,1030,1032,1433,-1,1433,1032,1034,-1,1433,1034,503,-1,503,1034,505,-1,505,1034,1028,-1,505,1028,1434,-1,1413,1183,1411,-1,1411,1183,1181,-1,1411,1181,1435,-1,1435,1181,1187,-1,1435,1187,1185,-1,46,1413,47,-1,47,1413,1436,-1,47,1436,1437,-1,46,44,1413,-1,1413,44,42,-1,1413,42,1183,-1,1183,42,40,-1,1183,40,1185,-1,1185,40,38,-1,1437,1438,1439,-1,38,36,1185,-1,1185,36,33,-1,1185,33,32,-1,32,30,1185,-1,1185,30,28,-1,1185,28,25,-1,1439,1440,1437,-1,1437,1440,1441,-1,1437,1441,47,-1,24,497,25,-1,25,497,495,-1,25,495,1185,-1,1185,495,494,-1,1185,494,1435,-1,1435,494,492,-1,1435,492,1442,-1,1359,1357,1443,-1,1443,1357,1444,-1,1359,1445,1361,-1,1361,1445,1446,-1,1361,1446,1362,-1,1446,1412,1362,-1,1362,1412,1411,-1,1362,1411,1364,-1,1364,1411,1435,-1,1364,1435,1366,-1,1366,1435,1368,-1,1368,1435,1442,-1,1368,1442,1373,-1,1373,1442,1447,-1,1373,1447,1371,-1,1371,1447,1448,-1,1371,1448,1369,-1,1369,1448,1449,-1,1369,1449,1376,-1,1068,1450,1069,-1,1069,1450,1451,-1,1069,1451,1070,-1,1074,1347,1075,-1,1075,1347,1349,-1,1335,1355,1428,-1,1428,1355,1353,-1,1428,1353,1452,-1,1402,1344,1342,-1,1453,1351,1406,-1,1406,1351,1346,-1,1349,1281,1287,-1,1281,1349,1283,-1,1283,1349,1351,-1,1283,1351,1285,-1,1285,1351,1453,-1,1285,1453,1287,-1,1287,1453,1450,-1,1287,1450,1349,-1,1349,1450,1068,-1,1349,1068,1075,-1,1331,1329,1088,-1,1321,1454,1323,-1,1323,1454,1455,-1,1323,1455,1325,-1,1325,1227,1327,-1,1327,1227,1225,-1,1327,1225,1231,-1,1229,1405,1231,-1,1231,1405,1456,-1,1231,1456,1327,-1,1359,1443,1445,-1,1445,1443,1095,-1,1445,1095,1094,-1,1100,1301,1101,-1,1101,1301,1303,-1,1289,1309,1420,-1,1420,1309,1307,-1,1420,1307,1457,-1,1446,1305,1412,-1,1412,1305,1300,-1,1412,1300,1414,-1,1414,1300,1298,-1,1414,1298,1296,-1,1303,1165,1171,-1,1165,1303,1167,-1,1167,1303,1305,-1,1167,1305,1169,-1,1169,1305,1446,-1,1169,1446,1171,-1,1171,1446,1445,-1,1171,1445,1303,-1,1303,1445,1094,-1,1303,1094,1101,-1,1213,1458,1211,-1,1211,1458,1459,-1,1331,1210,1333,-1,1333,1210,1204,-1,1333,1204,1410,-1,1410,1204,1206,-1,1410,1206,1424,-1,1424,1206,1208,-1,1122,1130,1460,-1,1460,1130,1461,-1,1461,1130,1128,-1,1461,1128,1462,-1,1126,1119,1463,-1,1463,1119,1464,-1,1465,1466,1113,-1,1107,1408,1109,-1,1109,1408,1467,-1,1109,1467,1111,-1,1113,1466,1115,-1,1115,1466,1468,-1,1115,1468,1117,-1,1117,1468,1469,-1,1117,1469,1103,-1,1096,1470,1097,-1,1097,1470,1471,-1,1097,1471,1098,-1,1098,1471,1472,-1,1098,1472,1099,-1,1307,1301,1457,-1,1457,1301,1100,-1,1457,1100,1473,-1,1473,1100,1099,-1,1088,1329,1089,-1,1089,1329,1327,-1,1089,1327,1082,-1,1082,1327,1456,-1,1082,1456,1083,-1,1083,1456,1474,-1,1083,1474,1084,-1,1084,1474,1475,-1,1084,1475,1080,-1,1080,1475,1476,-1,1080,1476,1081,-1,1081,1404,1085,-1,1085,1404,1403,-1,1085,1403,1086,-1,1086,1403,1477,-1,1086,1477,1087,-1,1087,1477,1459,-1,1087,1459,1088,-1,1088,1459,1458,-1,1088,1458,1331,-1,1331,1458,1213,-1,1331,1213,1210,-1,1353,1347,1452,-1,1452,1347,1074,-1,1452,1074,1430,-1,1430,1074,1073,-1,1430,1073,1072,-1,1119,1118,1464,-1,1464,1118,1478,-1,1464,1478,3,-1,3,1478,5,-1,5,1478,1479,-1,5,1479,7,-1,7,1479,1480,-1,7,1480,9,-1,9,1480,1481,-1,9,1481,1482,-1,1406,16,1453,-1,1453,16,15,-1,1453,15,1450,-1,1450,15,13,-1,1450,13,1451,-1,1451,13,11,-1,1451,11,1483,-1,1484,1054,1056,-1,1054,1484,1052,-1,1052,1484,1485,-1,1052,1485,1050,-1,1050,1485,1486,-1,1050,1486,1048,-1,1048,1486,1487,-1,1048,1487,1058,-1,1058,1487,1488,-1,1058,1488,1056,-1,1056,1488,1489,-1,1056,1489,1484,-1,1476,1036,1038,-1,1036,1476,1046,-1,1046,1476,1475,-1,1046,1475,1044,-1,1044,1475,1474,-1,1044,1474,1042,-1,1042,1474,1489,-1,1042,1489,1040,-1,1040,1489,1488,-1,1040,1488,1038,-1,1038,1488,1487,-1,1038,1487,1476,-1,1405,1383,1456,-1,1456,1383,1381,-1,1456,1381,1474,-1,1474,1381,1379,-1,1474,1379,1489,-1,1391,1389,1490,-1,1490,1389,1387,-1,1490,1387,1491,-1,1491,1387,1385,-1,1491,1385,1455,-1,1455,1385,1405,-1,1455,1405,1325,-1,1325,1405,1229,-1,1325,1229,1227,-1,1107,1105,1407,-1,1407,1105,1492,-1,1407,1492,1393,-1,1393,1492,1395,-1,1395,1492,1493,-1,1395,1493,1397,-1,1397,1493,1494,-1,1397,1494,1400,-1,1421,1149,1155,-1,1149,1421,1151,-1,1151,1421,1420,-1,1151,1420,1153,-1,1153,1420,1457,-1,1153,1457,1155,-1,1155,1457,1473,-1,1155,1473,1421,-1,1495,1496,1444,-1,1444,1496,1470,-1,1444,1470,1443,-1,1443,1470,1096,-1,1443,1096,1095,-1,492,490,1442,-1,1442,490,1497,-1,1442,1497,1447,-1,1447,1497,1498,-1,1447,1498,1448,-1,1448,1498,1499,-1,1448,1499,1449,-1,1449,1499,1500,-1,1449,1500,1467,-1,1467,1500,1465,-1,1467,1465,1111,-1,1111,1465,1113,-1,1099,1472,1473,-1,1473,1472,1423,-1,1473,1423,1421,-1,1421,1423,857,-1,1421,857,855,-1,1471,1233,1239,-1,1233,1471,1235,-1,1235,1471,1470,-1,1235,1470,1237,-1,1237,1470,1496,-1,1237,1496,1239,-1,1239,1496,1501,-1,1239,1501,1471,-1,1495,1502,1496,-1,1496,1502,1243,-1,1496,1243,1501,-1,1501,1243,1241,-1,1501,1241,1503,-1,1503,1241,1247,-1,1503,1247,1502,-1,1502,1247,1245,-1,1502,1245,1243,-1,1321,1319,1454,-1,1454,1319,1422,-1,1454,1422,1195,-1,1195,1422,1189,-1,1189,1422,1191,-1,1191,1422,1423,-1,1191,1423,1193,-1,1193,1423,1472,-1,1193,1472,1195,-1,1195,1472,1454,-1,1454,1472,1471,-1,1454,1471,1455,-1,1455,1471,1501,-1,1455,1501,1491,-1,1491,1501,1503,-1,1491,1503,1490,-1,1357,1374,1444,-1,1444,1374,1376,-1,1444,1376,1495,-1,1495,1376,1449,-1,1495,1449,1502,-1,1502,1449,1467,-1,1502,1467,1503,-1,1503,1467,1408,-1,1503,1408,1490,-1,1490,1408,1407,-1,1490,1407,1391,-1,1391,1407,1393,-1,1105,1103,1492,-1,1492,1103,1469,-1,1492,1469,1493,-1,1493,1469,1504,-1,1493,1504,1494,-1,1494,1504,1505,-1,1494,1505,1506,-1,1506,1505,1507,-1,1506,1507,1463,-1,1463,1507,1462,-1,1463,1462,1126,-1,1126,1462,1128,-1,1208,1211,1424,-1,1424,1211,1459,-1,1424,1459,1425,-1,1425,1459,1477,-1,1425,1477,1426,-1,1426,1477,1403,-1,1081,1476,1404,-1,1404,1476,1487,-1,1404,1487,1508,-1,1508,1487,1486,-1,1508,1486,1509,-1,1379,1398,1489,-1,1489,1398,1400,-1,1489,1400,1484,-1,1484,1400,1494,-1,1484,1494,1485,-1,1485,1494,1506,-1,1485,1506,1486,-1,1486,1506,1463,-1,1486,1463,1509,-1,1509,1463,1464,-1,1509,1464,1,-1,1,1464,3,-1,1427,1249,1255,-1,1249,1427,1251,-1,1251,1427,1426,-1,1251,1426,1253,-1,1253,1426,1403,-1,1253,1403,1255,-1,1255,1403,1402,-1,1255,1402,1427,-1,1427,1402,1342,-1,1427,1342,1340,-1,1,1063,1509,-1,1509,1063,1061,-1,1509,1061,1508,-1,1508,1061,18,-1,1508,18,1404,-1,1404,18,1406,-1,1404,1406,1402,-1,1402,1406,1346,-1,1402,1346,1344,-1,1429,1265,1271,-1,1265,1429,1267,-1,1267,1429,1428,-1,1267,1428,1269,-1,1269,1428,1452,-1,1269,1452,1271,-1,1271,1452,1430,-1,1271,1430,1429,-1,1429,1430,478,-1,1429,478,476,-1,1070,1451,1409,-1,1409,1451,1483,-1,1409,1483,1431,-1,1431,1483,1510,-1,1431,1510,1432,-1,11,1511,1483,-1,1483,1511,1482,-1,1483,1482,1510,-1,1510,1482,1481,-1,1510,1481,1432,-1,1432,1481,1433,-1,1432,1433,502,-1,502,1433,503,-1,1118,1122,1478,-1,1478,1122,1460,-1,1478,1460,1479,-1,1479,1460,1512,-1,1479,1512,1480,-1,1480,1512,1513,-1,1480,1513,1481,-1,1481,1513,1514,-1,1481,1514,1433,-1,1433,1514,1434,-1,1433,1434,1030,-1,1030,1434,1028,-1,490,489,1497,-1,1497,489,1515,-1,1497,1515,1498,-1,1498,1515,1516,-1,1498,1516,1499,-1,1499,1516,1517,-1,1499,1517,1500,-1,1500,1517,1518,-1,1500,1518,1465,-1,1465,1518,1519,-1,1465,1519,1466,-1,1466,1519,1520,-1,1466,1520,1468,-1,1468,1520,1521,-1,1468,1521,1469,-1,1469,1521,1522,-1,1469,1522,1504,-1,1504,1522,1523,-1,1504,1523,1505,-1,1505,1523,1524,-1,1505,1524,1507,-1,1507,1524,1525,-1,1507,1525,1462,-1,1462,1525,1526,-1,1462,1526,1461,-1,1461,1526,1527,-1,1461,1527,1460,-1,1460,1527,1528,-1,1460,1528,1512,-1,1512,1528,1529,-1,1512,1529,1513,-1,1513,1529,1530,-1,1513,1530,1514,-1,1514,1530,1531,-1,1514,1531,1434,-1,1434,1531,1532,-1,1434,1532,505,-1,505,1532,506,-1,47,1441,48,-1,48,1441,1533,-1,1440,1534,1441,-1,1441,1534,1535,-1,1441,1535,1533,-1,1439,1438,1536,-1,1536,1537,1439,-1,1439,1537,1538,-1,1439,1538,1440,-1,1440,1538,1539,-1,1440,1539,1534,-1,1437,1436,1540,-1,1540,1541,1437,-1,1437,1541,1542,-1,1437,1542,1438,-1,1438,1542,1543,-1,1438,1543,1536,-1,731,73,730,-1,730,73,71,-1,1537,1536,1533,-1,55,57,49,-1,1533,1536,48,-1,48,1536,49,-1,49,1536,1543,-1,49,1543,1542,-1,57,58,49,-1,49,58,60,-1,49,60,61,-1,1533,1535,1534,-1,51,50,49,-1,49,50,53,-1,49,53,55,-1,1537,1533,1538,-1,1538,1533,1534,-1,1538,1534,1539,-1,1542,1541,49,-1,49,1541,1540,-1,49,1540,51,-1,737,732,728,-1,70,740,71,-1,71,740,737,-1,71,737,730,-1,730,737,728,-1,497,24,496,-1,496,24,22,-1,496,22,507,-1,507,22,23,-1,487,488,1415,-1,282,280,919,-1,919,280,278,-1,919,278,276,-1,744,745,1417,-1,276,274,919,-1,919,274,272,-1,919,272,270,-1,310,308,747,-1,747,308,306,-1,306,304,747,-1,747,304,302,-1,747,302,749,-1,310,747,312,-1,312,747,744,-1,312,744,314,-1,353,352,1415,-1,1415,352,314,-1,1415,314,487,-1,487,314,744,-1,487,744,481,-1,481,744,1417,-1,481,1417,482,-1,302,300,749,-1,749,300,287,-1,749,287,290,-1,296,298,749,-1,749,298,286,-1,749,286,919,-1,919,286,284,-1,919,284,282,-1,290,292,749,-1,749,292,294,-1,749,294,296,-1,1544,1418,363,-1,363,1418,825,-1,363,825,364,-1,364,825,824,-1,52,51,1413,-1,1413,51,1540,-1,1413,1540,1436,-1,1544,363,1545,-1,1545,363,365,-1,1545,365,1546,-1,1546,365,366,-1,1546,366,1547,-1,1547,366,367,-1,1547,367,1548,-1,1548,367,371,-1,1548,371,1549,-1,1549,371,370,-1,1549,370,1550,-1,1550,370,369,-1,1550,369,1551,-1,1551,369,368,-1,314,352,316,-1,316,352,351,-1,316,351,318,-1,318,351,354,-1,318,354,320,-1,320,354,357,-1,320,357,322,-1,322,357,356,-1,322,356,324,-1,324,356,355,-1,324,355,267,-1,267,355,360,-1,105,107,362,-1,362,107,332,-1,362,332,345,-1,345,332,335,-1,345,335,337,-1,337,339,345,-1,345,339,341,-1,345,341,343,-1,1546,1418,1545,-1,1545,1418,1544,-1,1546,1547,1418,-1,1418,1547,1548,-1,1418,1548,1549,-1,1552,1419,1551,-1,1551,1419,1418,-1,1551,1418,1550,-1,1550,1418,1549,-1,258,256,438,-1,1551,368,1552,-1,1552,368,372,-1,248,246,359,-1,258,438,260,-1,1552,406,404,-1,446,264,444,-1,444,264,262,-1,444,262,442,-1,231,230,450,-1,450,230,264,-1,450,264,448,-1,448,264,446,-1,424,422,359,-1,422,420,359,-1,359,420,418,-1,359,418,438,-1,256,254,438,-1,438,254,252,-1,438,252,359,-1,359,252,250,-1,359,250,248,-1,267,360,243,-1,243,360,359,-1,243,359,244,-1,244,359,246,-1,260,438,262,-1,262,438,440,-1,262,440,442,-1,384,398,372,-1,372,398,410,-1,372,410,1552,-1,1552,410,408,-1,1552,408,406,-1,376,378,380,-1,384,386,398,-1,398,386,388,-1,398,388,390,-1,372,374,384,-1,384,374,376,-1,384,376,382,-1,382,376,380,-1,404,402,1552,-1,1552,402,401,-1,1552,401,359,-1,359,401,412,-1,359,412,424,-1,390,392,398,-1,398,392,394,-1,398,394,396,-1,418,416,438,-1,438,416,415,-1,438,415,436,-1,436,415,426,-1,436,426,434,-1,434,426,428,-1,434,428,432,-1,432,428,430,-1,574,108,575,-1,575,108,106,-1,575,106,600,-1,600,106,346,-1,600,346,601,-1,601,346,348,-1,1419,1552,358,-1,358,1552,359,-1,104,921,103,-1,103,921,903,-1,684,822,699,-1,699,822,828,-1,699,828,701,-1,882,835,889,-1,889,835,818,-1,1553,1554,109,-1,109,1554,1555,-1,109,1555,1556,-1,674,103,570,-1,570,103,903,-1,570,903,571,-1,571,903,902,-1,571,902,109,-1,109,902,1557,-1,109,1557,1553,-1,684,110,822,-1,822,110,109,-1,822,109,820,-1,820,109,1556,-1,820,1556,818,-1,818,1556,1558,-1,818,1558,889,-1,364,824,361,-1,361,824,826,-1,350,753,269,-1,269,753,919,-1,269,919,270,-1,362,361,105,-1,105,361,826,-1,105,826,106,-1,106,826,830,-1,1559,1560,106,-1,106,1560,1561,-1,836,1562,832,-1,832,1562,767,-1,832,767,830,-1,830,767,1563,-1,830,1563,106,-1,106,1563,1564,-1,106,1564,1559,-1,1561,1565,106,-1,106,1565,752,-1,106,752,346,-1,346,752,753,-1,346,753,347,-1,347,753,350,-1,1566,766,1567,-1,1567,766,1568,-1,1569,766,1562,-1,1562,766,767,-1,1569,1570,766,-1,766,1570,1571,-1,766,1571,1568,-1,1570,1569,838,-1,838,1569,1562,-1,838,1562,836,-1,1570,838,1571,-1,1571,838,846,-1,1571,846,1568,-1,1568,846,1567,-1,1567,846,847,-1,1567,847,1566,-1,1566,847,1572,-1,1572,847,845,-1,1572,845,1573,-1,1573,845,844,-1,1573,844,1574,-1,1574,844,837,-1,1574,837,1575,-1,1575,837,817,-1,1575,817,815,-1,808,809,879,-1,879,809,1576,-1,886,1577,812,-1,1577,886,1576,-1,1576,886,880,-1,1576,880,879,-1,812,813,886,-1,886,813,888,-1,886,888,887,-1,1578,768,766,-1,815,814,1579,-1,1573,1574,1575,-1,1575,815,1573,-1,1573,815,1579,-1,1573,1579,1572,-1,1572,1579,1578,-1,1572,1578,1566,-1,1566,1578,766,-1,1580,1581,1582,-1,1583,4,6,-1,1396,1401,1584,-1,1585,1586,1587,-1,797,795,809,-1,797,809,799,-1,809,807,805,-1,805,803,809,-1,809,803,801,-1,809,801,799,-1,1577,1576,1272,-1,1272,1576,1278,-1,1278,1576,1588,-1,1278,1588,1276,-1,874,810,812,-1,1589,1579,1590,-1,1590,1579,814,-1,1578,1579,1140,-1,1140,1579,1146,-1,1146,1579,1589,-1,1146,1589,1144,-1,772,770,1591,-1,1591,770,768,-1,1591,768,1578,-1,778,1591,780,-1,780,1591,781,-1,778,776,1591,-1,1591,776,774,-1,1591,774,772,-1,1592,1593,1594,-1,1594,1593,1595,-1,1594,1595,1184,-1,1184,1595,783,-1,1184,783,1182,-1,1182,783,782,-1,1182,782,1180,-1,1587,1586,1596,-1,1059,1057,1399,-1,1399,1057,1401,-1,1401,1057,1055,-1,1401,1055,1584,-1,1584,1597,1396,-1,1396,1597,1598,-1,1396,1598,1394,-1,1394,1598,1599,-1,1049,1059,1600,-1,1600,1059,1399,-1,1600,1399,1601,-1,1601,1399,1378,-1,1601,1378,1602,-1,1602,1378,1380,-1,1602,1380,1382,-1,1603,1604,1375,-1,1375,1604,1377,-1,1377,1604,1605,-1,1377,1605,1370,-1,1370,1605,1606,-1,1370,1606,1372,-1,1372,1606,1607,-1,1372,1607,1367,-1,1367,1607,1587,-1,1367,1587,1365,-1,1365,1587,1596,-1,1365,1596,1363,-1,1363,1596,1608,-1,1363,1608,1360,-1,1360,1608,1609,-1,1360,1609,1358,-1,1610,1611,1345,-1,1345,1611,1612,-1,1345,1612,1343,-1,1343,1612,1341,-1,1341,1612,1613,-1,1341,1613,1338,-1,1338,1613,1614,-1,1338,1614,1336,-1,1336,1614,1615,-1,1336,1615,1334,-1,1334,1615,1616,-1,1334,1616,1354,-1,1354,1616,1617,-1,1354,1617,1352,-1,1352,1617,1618,-1,1352,1618,1348,-1,1348,1618,1619,-1,1348,1619,1350,-1,1620,1621,1332,-1,1332,1621,1207,-1,1207,1621,1212,-1,1212,1621,1622,-1,1212,1622,1209,-1,1207,1205,1332,-1,1332,1205,1209,-1,1332,1209,1330,-1,1330,1209,1622,-1,1330,1622,1328,-1,1328,1622,1623,-1,1328,1623,1326,-1,1310,1312,1624,-1,1624,1312,1314,-1,1625,1626,1299,-1,1299,1626,1627,-1,1299,1627,1297,-1,1297,1627,1295,-1,1295,1627,1628,-1,1295,1628,1292,-1,1292,1628,1589,-1,1292,1589,1290,-1,1290,1589,1590,-1,1290,1590,1288,-1,1288,1590,1629,-1,1288,1629,1308,-1,1308,1629,1630,-1,1308,1630,1306,-1,1306,1630,1631,-1,1306,1631,1302,-1,1302,1631,1632,-1,1302,1632,1304,-1,1129,1131,1633,-1,1633,1634,1129,-1,1129,1634,1635,-1,1129,1635,1127,-1,1124,1120,1597,-1,1127,1635,1125,-1,1125,1635,1636,-1,1125,1636,1120,-1,1104,1637,1102,-1,1102,1637,1599,-1,1114,1116,1638,-1,1638,1639,1114,-1,1114,1639,1640,-1,1114,1640,1112,-1,1112,1640,1110,-1,1110,1640,1641,-1,1110,1641,1108,-1,1108,1641,1642,-1,1108,1642,1106,-1,2,4,1643,-1,1643,4,1583,-1,1643,1583,1121,-1,1121,1583,1131,-1,2,1643,0,-1,0,1643,1644,-1,0,1644,1062,-1,1062,1644,1645,-1,1062,1645,1060,-1,1060,1645,1646,-1,1060,1646,19,-1,19,1646,1647,-1,19,1647,17,-1,1647,1648,17,-1,17,1648,1649,-1,17,1649,14,-1,14,1649,1650,-1,14,1650,12,-1,12,1650,10,-1,10,1650,1651,-1,10,1651,1652,-1,1652,1651,1653,-1,1652,1653,1654,-1,1654,1653,1655,-1,1654,1655,8,-1,8,1655,1656,-1,8,1656,6,-1,6,1656,1657,-1,6,1657,1583,-1,1647,1039,1037,-1,1160,1162,1658,-1,1658,1162,1156,-1,1158,852,1156,-1,1156,852,854,-1,1156,854,1658,-1,1158,1629,852,-1,852,1629,1590,-1,852,1590,850,-1,850,1590,814,-1,850,814,816,-1,1200,1202,1659,-1,1659,1202,1196,-1,862,1660,860,-1,860,1660,1659,-1,860,1659,858,-1,858,1659,1196,-1,858,1196,856,-1,856,1196,1198,-1,856,1198,1661,-1,1215,1219,1624,-1,1624,1219,1620,-1,1624,1620,1310,-1,1310,1620,1332,-1,1219,1222,1620,-1,1620,1222,1217,-1,1620,1217,864,-1,864,1217,862,-1,1217,1215,862,-1,862,1215,1624,-1,862,1624,1660,-1,1660,1624,1314,-1,1660,1314,1659,-1,1659,1314,1316,-1,1659,1316,1662,-1,1662,1316,1318,-1,1662,1318,1663,-1,1663,1318,1320,-1,1663,1320,1664,-1,1260,1262,1665,-1,1665,1262,1256,-1,1665,1256,870,-1,870,1256,867,-1,867,1256,1258,-1,867,1258,1666,-1,1272,1274,1577,-1,1577,1274,1616,-1,1577,1616,812,-1,812,1616,1615,-1,812,1615,874,-1,874,1615,1614,-1,874,1614,872,-1,1140,1142,1578,-1,1578,1142,1144,-1,1578,1144,1591,-1,1591,1144,1589,-1,1591,1589,1667,-1,1667,1589,1628,-1,1667,1628,1132,-1,1132,1628,1138,-1,1138,1628,1627,-1,1138,1627,1136,-1,1158,1160,1629,-1,1629,1160,1658,-1,1629,1658,1630,-1,1630,1658,1668,-1,1630,1668,1148,-1,1148,1668,1154,-1,1154,1668,1669,-1,1154,1669,1152,-1,1198,1200,1661,-1,1661,1200,1659,-1,1661,1659,1670,-1,1670,1659,1662,-1,1670,1662,1188,-1,1188,1662,1194,-1,1194,1662,1663,-1,1194,1663,1192,-1,1258,1260,1666,-1,1666,1260,1665,-1,1666,1665,1671,-1,1671,1665,1672,-1,1671,1672,1248,-1,1248,1672,1254,-1,1254,1672,1673,-1,1254,1673,1252,-1,1274,1276,1616,-1,1616,1276,1588,-1,1616,1588,1617,-1,1617,1588,1674,-1,1617,1674,1264,-1,1264,1674,1270,-1,1270,1674,1675,-1,1270,1675,1268,-1,1676,790,1677,-1,1677,790,789,-1,1677,789,1678,-1,1678,789,788,-1,1678,788,1667,-1,1667,788,787,-1,1667,787,1591,-1,1591,787,785,-1,1591,785,781,-1,1168,1170,1679,-1,1679,1170,1625,-1,1625,1170,1164,-1,1625,1164,1626,-1,1626,1164,1166,-1,1626,1166,1680,-1,854,856,1658,-1,1658,856,1661,-1,1658,1661,1668,-1,1668,1661,1670,-1,1668,1670,1669,-1,1669,1670,1681,-1,1669,1681,1682,-1,1682,1681,1683,-1,1682,1683,1684,-1,1684,1683,1685,-1,1226,1686,1224,-1,1224,1686,1687,-1,1224,1687,1230,-1,1230,1687,1582,-1,1230,1582,1228,-1,1228,1582,1581,-1,1228,1581,1226,-1,1226,1581,1686,-1,1322,1324,1686,-1,1686,1324,1326,-1,1686,1326,1687,-1,1687,1326,1623,-1,1687,1623,1582,-1,1582,1623,1688,-1,864,867,1620,-1,1620,867,1666,-1,1620,1666,1621,-1,1621,1666,1671,-1,1621,1671,1622,-1,1622,1671,1689,-1,1622,1689,1623,-1,1623,1689,1690,-1,1623,1690,1688,-1,1688,1690,1691,-1,1248,1250,1671,-1,1671,1250,1252,-1,1671,1252,1689,-1,1689,1252,1673,-1,1689,1673,1690,-1,1690,1673,1692,-1,1690,1692,1691,-1,1691,1692,1693,-1,870,872,1665,-1,1665,872,1614,-1,1665,1614,1672,-1,1672,1614,1613,-1,1672,1613,1673,-1,1673,1613,1612,-1,1673,1612,1692,-1,1692,1612,1611,-1,1692,1611,1693,-1,1693,1611,1694,-1,1282,1611,1280,-1,1280,1611,1610,-1,1280,1610,1286,-1,1286,1610,1695,-1,1286,1695,1284,-1,1284,1695,1694,-1,1284,1694,1282,-1,1282,1694,1611,-1,1345,1350,1610,-1,1610,1350,1619,-1,1610,1619,1695,-1,1695,1619,1696,-1,1176,1178,1697,-1,1697,1178,1172,-1,1697,1172,1676,-1,1676,1172,790,-1,790,1172,1174,-1,790,1174,791,-1,1166,1168,1680,-1,1680,1168,1679,-1,1680,1679,1609,-1,1609,1679,1698,-1,1609,1698,1358,-1,1358,1698,1356,-1,1299,1304,1625,-1,1625,1304,1632,-1,1625,1632,1679,-1,1679,1632,1699,-1,1679,1699,1698,-1,1698,1699,1603,-1,1698,1603,1356,-1,1356,1603,1375,-1,1236,1238,1700,-1,1700,1238,1232,-1,1700,1232,1685,-1,1685,1232,1684,-1,1684,1232,1234,-1,1684,1234,1701,-1,1320,1322,1664,-1,1664,1322,1686,-1,1664,1686,1702,-1,1702,1686,1581,-1,1702,1581,1703,-1,1703,1581,1580,-1,1582,1602,1580,-1,1580,1602,1382,-1,1580,1382,1703,-1,1703,1382,1384,-1,1703,1384,1704,-1,1704,1384,1386,-1,1704,1386,1705,-1,1705,1386,1388,-1,1705,1388,1637,-1,1637,1388,1390,-1,1637,1390,1599,-1,1599,1390,1392,-1,1599,1392,1394,-1,1041,1601,1043,-1,1043,1601,1602,-1,1043,1602,1045,-1,1045,1602,1582,-1,1045,1582,1047,-1,1047,1582,1688,-1,1047,1688,1037,-1,1037,1688,1691,-1,1037,1691,1647,-1,1647,1691,1693,-1,1647,1693,1648,-1,1648,1693,1694,-1,1648,1694,1649,-1,1649,1694,1695,-1,1649,1695,1650,-1,1650,1695,1696,-1,1650,1696,1651,-1,1174,1176,791,-1,791,1176,1697,-1,791,1697,782,-1,782,1697,1706,-1,782,1706,1180,-1,1180,1706,1594,-1,1180,1594,1186,-1,1186,1594,1184,-1,1234,1236,1701,-1,1701,1236,1700,-1,1701,1700,1707,-1,1707,1700,1708,-1,1041,1039,1601,-1,1601,1039,1647,-1,1601,1647,1600,-1,1600,1647,1646,-1,1600,1646,1049,-1,1049,1646,1645,-1,1049,1645,1051,-1,1051,1645,1053,-1,1132,1134,1667,-1,1667,1134,1136,-1,1667,1136,1678,-1,1678,1136,1627,-1,1678,1627,1677,-1,1677,1627,1626,-1,1677,1626,1676,-1,1676,1626,1680,-1,1676,1680,1697,-1,1697,1680,1609,-1,1697,1609,1706,-1,1706,1609,1608,-1,1706,1608,1594,-1,1594,1608,1596,-1,1594,1596,1592,-1,1592,1596,1586,-1,1244,1246,1709,-1,1709,1246,1240,-1,1709,1240,1708,-1,1708,1240,1707,-1,1707,1240,1242,-1,1707,1242,1710,-1,1242,1244,1710,-1,1710,1244,1709,-1,1710,1709,1642,-1,1642,1709,1711,-1,1642,1711,1106,-1,1188,1190,1670,-1,1670,1190,1192,-1,1670,1192,1681,-1,1681,1192,1663,-1,1681,1663,1683,-1,1683,1663,1664,-1,1683,1664,1685,-1,1685,1664,1702,-1,1685,1702,1700,-1,1700,1702,1703,-1,1700,1703,1708,-1,1708,1703,1704,-1,1708,1704,1709,-1,1709,1704,1705,-1,1709,1705,1711,-1,1711,1705,1637,-1,1711,1637,1106,-1,1106,1637,1104,-1,1055,1053,1584,-1,1584,1053,1645,-1,1584,1645,1597,-1,1597,1645,1644,-1,1597,1644,1124,-1,1124,1644,1643,-1,1124,1643,1123,-1,1123,1643,1121,-1,1264,1266,1617,-1,1617,1266,1268,-1,1617,1268,1618,-1,1618,1268,1675,-1,1618,1675,1619,-1,1619,1675,1712,-1,1619,1712,1696,-1,1696,1712,1713,-1,1696,1713,1651,-1,1651,1713,1714,-1,1651,1714,1653,-1,1653,1714,1715,-1,1653,1715,1655,-1,1655,1715,1716,-1,1655,1716,1656,-1,1656,1716,1717,-1,910,1717,911,-1,911,1717,1716,-1,911,1716,912,-1,912,1716,1715,-1,912,1715,916,-1,916,1715,1714,-1,916,1714,917,-1,917,1714,1713,-1,917,1713,918,-1,918,1713,1712,-1,918,1712,915,-1,915,1712,1675,-1,915,1675,914,-1,914,1675,1674,-1,914,1674,913,-1,913,1674,1588,-1,913,1588,795,-1,795,1588,1576,-1,795,1576,809,-1,1585,1587,1718,-1,1718,1587,1607,-1,1718,1607,1719,-1,1719,1607,1606,-1,1719,1606,1720,-1,1148,1150,1630,-1,1630,1150,1152,-1,1630,1152,1631,-1,1631,1152,1669,-1,1631,1669,1632,-1,1632,1669,1682,-1,1632,1682,1699,-1,1699,1682,1684,-1,1699,1684,1603,-1,1603,1684,1701,-1,1603,1701,1604,-1,1604,1701,1707,-1,1604,1707,1605,-1,1605,1707,1710,-1,1605,1710,1606,-1,1606,1710,1642,-1,1606,1642,1720,-1,1720,1642,1641,-1,1120,1636,1597,-1,1597,1636,1721,-1,1597,1721,1598,-1,1598,1721,1638,-1,1598,1638,1599,-1,1599,1638,1116,-1,1599,1116,1102,-1,1131,1583,1633,-1,1633,1583,1657,-1,1633,1657,1722,-1,1722,1657,1656,-1,1722,1656,1723,-1,1723,1656,1717,-1,1723,1717,1724,-1,1724,1717,1031,-1,1724,1031,909,-1,909,1031,1029,-1,909,1029,910,-1,910,1029,1035,-1,910,1035,1717,-1,1717,1035,1033,-1,1717,1033,1031,-1,1585,1725,1586,-1,1586,1725,1726,-1,1586,1726,1592,-1,1726,784,783,-1,783,1595,1726,-1,1726,1595,1593,-1,1726,1593,1592,-1,784,1726,792,-1,792,1726,1026,-1,1027,1026,1725,-1,1725,1026,1726,-1,504,506,909,-1,507,23,491,-1,491,23,21,-1,1011,508,1017,-1,1017,508,504,-1,909,506,1724,-1,1724,506,1532,-1,1724,1532,1723,-1,1723,1532,1531,-1,1723,1531,1722,-1,1722,1531,1530,-1,1722,1530,1633,-1,504,909,1017,-1,1017,909,906,-1,1017,906,905,-1,1530,1529,1633,-1,1633,1529,1528,-1,1633,1528,1634,-1,1634,1528,1527,-1,1634,1527,1635,-1,1635,1527,1526,-1,1635,1526,1636,-1,1526,1525,1636,-1,1636,1525,1524,-1,1636,1524,1721,-1,1721,1524,1523,-1,1721,1523,1638,-1,1638,1523,1522,-1,1638,1522,1639,-1,1639,1522,1521,-1,1639,1521,1640,-1,1640,1521,1520,-1,1640,1520,1641,-1,1641,1520,1519,-1,1641,1519,1720,-1,1720,1519,1518,-1,1720,1518,1719,-1,1719,1518,1517,-1,1719,1517,1718,-1,1517,1516,1718,-1,1718,1516,1515,-1,1718,1515,1585,-1,1585,1515,489,-1,1585,489,1725,-1,1725,489,491,-1,1725,491,1027,-1,1027,491,21,-1,
        ]
    }
}
Shape{
    appearance Appearance {
        material  Material 	{
            diffuseColor 0.25098039215686274 0.25098039215686274 0.25098039215686274
            specularColor 0.12549019607843137 0.12549019607843137 0.12549019607843137
            ambientIntensity 0.251
            transparency 0.0
            shininess 0.5
        }
    }
    geometry IndexedFaceSet {
        ccw TRUE
        solid FALSE
        coord DEF co Coordinate {
            point [
                -1.2559 -1.1567 0.0118, -1.2559 -1.1567 0.1693, -1.2559 -1.5504 0.0118, -1.2559 -1.5504 0.1693, -1.2559 -2.3968 0.0118, -1.2559 -2.3968 0.1693, -1.2559 -2.6134 0.0118, -1.2559 -2.6134 0.1693
            ]
        }
        coordIndex [
            0,1,2,-1,2,1,3,-1,2,3,4,-1,4,3,5,-1,4,5,6,-1,6,5,7,-1,
        ]
    }
}
Shape{
    appearance Appearance {
        material  Material 	{
            diffuseColor 0.7529411764705882 0.7529411764705882 0.7529411764705882
            specularColor 0.6627450980392157 0.6627450980392157 0.6627450980392157
            ambientIntensity 0.7529
            transparency 0.0
            shininess 0.5
        }
    }
    geometry IndexedFaceSet {
        ccw TRUE
        solid FALSE
        coord DEF co Coordinate {
            point [
                -2.2047 1.674 0.2953, -2.1575 1.674 0.2953, -2.2047 2.0269 0.2953, -2.1575 2.0269 0.2953, -2.1575 2.063 0.2803, -2.2047 2.063 0.2803, -2.2047 2.0553 0.2867, -2.1575 2.0553 0.2867, -2.2047 2.0464 0.2914, -2.1575 2.0464 0.2914, -2.2047 2.0368 0.2943, -2.1575 2.0368 0.2943, -2.2047 2.1292 0.2141, -2.1575 2.1292 0.2141, -2.1575 2.1465 0.1724, -2.2047 2.1465 0.1724, -2.2047 2.1445 0.1877, -2.1575 2.1445 0.1877, -2.2047 2.1386 0.2019, -2.1575 2.1386 0.2019, -2.2047 2.1465 0.1535, -2.1575 2.1465 0.1535, -2.1575 1.304 0.1535, -2.1575 1.304 0.2874, -2.2047 1.304 0.1535, -2.2047 1.304 0.2874, -2.1575 1.363 0.3465, -2.2047 1.363 0.3465, -2.2047 1.3499 0.345, -2.1575 1.3499 0.345, -2.2047 1.3374 0.3406, -2.1575 1.3374 0.3406, -2.2047 1.3262 0.3336, -2.1575 1.3262 0.3336, -2.2047 1.3168 0.3242, -2.1575 1.3168 0.3242, -2.2047 1.3098 0.313, -2.1575 1.3098 0.313, -2.2047 1.3054 0.3005, -2.1575 1.3054 0.3005, -2.2047 1.3783 0.3485, -2.1575 1.3783 0.3485, -2.2047 1.3925 0.3544, -2.1575 1.3925 0.3544, -2.2047 1.4048 0.3638, -2.1575 1.4048 0.3638, -2.2047 1.4142 0.376, -2.1575 1.4142 0.376, -2.2047 1.4201 0.3902, -2.1575 1.4201 0.3902, -2.2047 1.4221 0.4055, -2.1575 1.4221 0.4055, -2.1575 1.4221 0.5039, -2.2047 1.4221 0.5039, -2.1575 1.4811 0.563, -2.2047 1.4811 0.563, -2.2047 1.4658 0.561, -2.1575 1.4658 0.561, -2.2047 1.4516 0.5551, -2.1575 1.4516 0.5551, -2.2047 1.4394 0.5457, -2.1575 1.4394 0.5457, -2.2047 1.43 0.5335, -2.1575 1.43 0.5335, -2.2047 1.4241 0.5192, -2.1575 1.4241 0.5192, -2.2047 2.5441 0.563, -2.1575 2.5441 0.563, -2.1575 2.5441 0.1535, -2.2047 2.5441 0.1535, -1.9961 1.304 0.0669, -1.9961 1.304 0.1142, -2.1181 1.304 0.0669, -2.1181 1.304 0.1142, -1.9782 1.3016 0.1142, -1.9782 1.3016 0.0669, -1.9616 1.2947 0.1142, -1.9616 1.2947 0.0669, -1.9474 1.2838 0.1142, -1.9474 1.2838 0.0669, -1.9364 1.2695 0.1142, -1.9364 1.2695 0.0669, -1.9295 1.2529 0.1142, -1.9295 1.2529 0.0669, -1.9272 1.2351 0.1142, -1.9272 1.2351 0.0669, -1.9295 1.2172 0.1142, -1.9295 1.2172 0.0669, -1.9364 1.2006 0.1142, -1.9364 1.2006 0.0669, -1.9474 1.1863 0.1142, -1.9474 1.1863 0.0669, -1.9616 1.1754 0.1142, -1.9616 1.1754 0.0669, -1.9782 1.1685 0.1142, -1.9782 1.1685 0.0669, -1.9961 1.1662 0.1142, -1.9961 1.1662 0.0669, -2.441 1.1662 0.0, -2.441 1.1662 0.0472, -2.1063 1.1662 0.0, -2.1063 1.1662 0.0472, -2.441 1.0481 0.0, -2.441 1.0481 0.0472, -2.1063 0.6937 0.0, -2.1063 0.6937 0.0472, -2.441 0.6937 0.0, -2.441 0.6937 0.0472, -2.441 0.8118 0.0472, -2.441 0.8118 0.0, -2.4016 0.8118 0.0472, -2.4016 0.8118 0.0, -2.3425 0.8709 0.0472, -2.3425 0.8709 0.0, -2.344 0.8578 0.0472, -2.344 0.8578 0.0, -2.3484 0.8453 0.0472, -2.3484 0.8453 0.0, -2.3554 0.8341 0.0472, -2.3554 0.8341 0.0, -2.3648 0.8247 0.0472, -2.3648 0.8247 0.0, -2.376 0.8177 0.0472, -2.376 0.8177 0.0, -2.3884 0.8133 0.0472, -2.3884 0.8133 0.0, -2.3425 0.989 0.0, -2.3425 0.989 0.0472, -2.3598 1.0308 0.0472, -2.3504 1.0185 0.0472, -2.4016 1.0481 0.0472, -2.3863 1.046 0.0472, -2.3721 1.0401 0.0472, -2.3445 1.0043 0.0472, -2.4016 1.0481 0.0, -2.3863 1.046 0.0, -2.3721 1.0401 0.0, -2.3598 1.0308 0.0, -2.3504 1.0185 0.0, -2.3445 1.0043 0.0, -2.0883 1.1662 0.0019, -2.0883 0.6937 0.0019, -2.0711 1.1662 0.0075, -2.0711 0.6937 0.0075, -2.0554 1.1662 0.0165, -2.0554 0.6937 0.0165, -2.0419 1.1662 0.0287, -2.0419 0.6937 0.0287, -2.0313 1.1662 0.0433, -2.0313 0.6937 0.0433, -2.0981 0.6937 0.0481, -2.0903 0.6937 0.0506, -2.0832 0.6937 0.0548, -2.0771 0.6937 0.0603, -2.0722 0.6937 0.0669, -2.0722 1.1662 0.0669, -2.0771 1.1662 0.0603, -2.0832 1.1662 0.0548, -2.0903 1.1662 0.0506, -2.0981 1.1662 0.0481, -2.0285 1.1662 0.0482, -2.0694 1.1662 0.0719, -2.0225 1.1662 0.056, -2.0559 1.1662 0.0894, -2.0148 1.1662 0.0619, -2.0384 1.1662 0.1028, -2.0058 1.1662 0.0657, -2.018 1.1662 0.1113, -2.0285 0.6937 0.0482, -2.0225 0.6937 0.056, -2.0148 0.6937 0.0619, -2.0058 0.6937 0.0657, -1.9961 0.6937 0.0669, -2.0694 0.6937 0.0719, -1.9961 0.6937 0.1142, -2.018 0.6937 0.1113, -2.0384 0.6937 0.1028, -2.0559 0.6937 0.0894, -1.7756 0.6937 0.0669, -1.7756 0.6937 0.1142, -1.6969 0.7725 0.0669, -1.6969 0.7725 0.1142, -1.6995 0.7521 0.1142, -1.6995 0.7521 0.0669, -1.7074 0.7331 0.1142, -1.7074 0.7331 0.0669, -1.7199 0.7168 0.1142, -1.7199 0.7168 0.0669, -1.7362 0.7043 0.1142, -1.7362 0.7043 0.0669, -1.7552 0.6964 0.1142, -1.7552 0.6964 0.0669, -1.6969 1.7173 0.1142, -1.6969 1.7173 0.0669, -1.7362 1.7567 0.0669, -1.7362 1.7567 0.1142, -1.726 1.7554 0.1142, -1.726 1.7554 0.0669, -1.7165 1.7514 0.1142, -1.7165 1.7514 0.0669, -1.7084 1.7452 0.1142, -1.7084 1.7452 0.0669, -1.7021 1.737 0.1142, -1.7021 1.737 0.0669, -1.6982 1.7275 0.1142, -1.6982 1.7275 0.0669, -1.7464 1.7581 0.1142, -1.7464 1.7581 0.0669, -1.7559 1.762 0.1142, -1.7559 1.762 0.0669, -1.7641 1.7682 0.1142, -1.7641 1.7682 0.0669, -1.7703 1.7764 0.1142, -1.7703 1.7764 0.0669, -1.7743 1.7859 0.1142, -1.7743 1.7859 0.0669, -1.7756 1.7961 0.1142, -1.7756 1.7961 0.0669, -1.7756 2.111 0.1142, -1.7756 2.111 0.0669, -1.7746 2.1198 0.1142, -1.7746 2.1198 0.0669, -1.7717 2.1281 0.1142, -1.7717 2.1281 0.0669, -1.767 2.1356 0.1142, -1.767 2.1356 0.0669, -1.7608 2.1418 0.1142, -1.7608 2.1418 0.0669, -1.7533 2.1465 0.1142, -1.7533 2.1465 0.0669, -1.745 2.1494 0.1142, -1.745 2.1494 0.0669, -1.7362 2.1504 0.1142, -1.7362 2.1504 0.0669, -1.6969 2.1898 0.0669, -1.6969 2.1898 0.1142, -1.6978 2.181 0.1142, -1.6978 2.181 0.0669, -1.7008 2.1727 0.1142, -1.7008 2.1727 0.0669, -1.7054 2.1652 0.1142, -1.7054 2.1652 0.0669, -1.7117 2.159 0.1142, -1.7117 2.159 0.0669, -1.7191 2.1543 0.1142, -1.7191 2.1543 0.0669, -1.7275 2.1514 0.1142, -1.7275 2.1514 0.0669, -1.6969 2.4654 0.0669, -1.6969 2.4654 0.1142, -1.7756 2.5441 0.0669, -1.7756 2.5441 0.1142, -1.7552 2.5414 0.1142, -1.7552 2.5414 0.0669, -1.7362 2.5336 0.1142, -1.7362 2.5336 0.0669, -1.7199 2.5211 0.1142, -1.7199 2.5211 0.0669, -1.7074 2.5048 0.1142, -1.7074 2.5048 0.0669, -1.6995 2.4858 0.1142, -1.6995 2.4858 0.0669, -2.1181 2.5441 0.0669, -2.1181 2.5441 0.1142, -2.1283 2.5441 0.1155, -2.1405 2.5441 0.0699, -2.1378 2.5441 0.1194, -2.1614 2.5441 0.0785, -2.146 2.5441 0.1257, -2.1794 2.5441 0.0923, -2.1522 2.5441 0.1339, -2.1931 2.5441 0.1102, -2.1561 2.5441 0.1434, -2.2018 2.5441 0.1311, -2.1181 2.363 0.0669, -2.1405 2.363 0.0699, -2.1614 2.363 0.0785, -2.1794 2.363 0.0923, -2.1931 2.363 0.1102, -2.2018 2.363 0.1311, -2.2047 2.363 0.1535, -2.2047 2.361 0.4169, -2.2047 2.3551 0.4311, -2.2047 2.363 0.4016, -2.2047 2.3457 0.4433, -2.2047 2.3335 0.4527, -2.2047 2.3192 0.4586, -2.2047 1.6484 0.3011, -2.2047 1.6609 0.2968, -2.2047 1.674 0.4606, -2.2047 1.6609 0.4591, -2.2047 1.6165 0.3412, -2.2047 1.6208 0.3287, -2.2047 1.6279 0.3175, -2.2047 1.6372 0.3082, -2.2047 2.304 0.4606, -2.2047 2.1044 0.4606, -2.2047 2.0885 0.459, -2.2047 2.0732 0.4542, -2.2047 1.6208 0.4272, -2.2047 1.6165 0.4147, -2.2047 1.615 0.4016, -2.2047 1.615 0.3543, -2.2047 1.8895 0.459, -2.2047 1.8736 0.4606, -2.2047 1.6484 0.4548, -2.2047 1.6372 0.4477, -2.2047 1.6279 0.4384, -2.2047 2.0437 0.4355, -2.2047 1.9795 0.4213, -2.2047 1.9636 0.4229, -2.2047 2.0297 0.4277, -2.2047 2.0144 0.4229, -2.2047 1.9985 0.4213, -2.2047 1.9483 0.4277, -2.2047 1.9343 0.4355, -2.2047 2.0592 0.4464, -2.2047 1.9188 0.4464, -2.2047 1.9048 0.4542, -2.1575 2.363 0.1535, -2.1575 2.363 0.4016, -2.1575 2.304 0.4606, -2.1575 2.3192 0.4586, -2.1575 2.3335 0.4527, -2.1575 2.3457 0.4433, -2.1575 2.3551 0.4311, -2.1575 2.361 0.4169, -2.1575 2.1044 0.4606, -2.1575 2.0592 0.4464, -2.1575 2.0732 0.4542, -2.1575 2.0885 0.459, -2.1575 2.0437 0.4355, -2.1575 1.9985 0.4213, -2.1575 2.0144 0.4229, -2.1575 2.0297 0.4277, -2.1575 1.9795 0.4213, -2.1575 1.9343 0.4355, -2.1575 1.9483 0.4277, -2.1575 1.9636 0.4229, -2.1575 1.9188 0.4464, -2.1575 1.8736 0.4606, -2.1575 1.8895 0.459, -2.1575 1.9048 0.4542, -2.1575 1.674 0.4606, -2.1575 1.615 0.4016, -2.1575 1.6165 0.4147, -2.1575 1.6208 0.4272, -2.1575 1.6279 0.4384, -2.1575 1.6372 0.4477, -2.1575 1.6484 0.4548, -2.1575 1.6609 0.4591, -2.1575 1.615 0.3543, -2.1575 1.6609 0.2968, -2.1575 1.6484 0.3011, -2.1575 1.6372 0.3082, -2.1575 1.6279 0.3175, -2.1575 1.6208 0.3287, -2.1575 1.6165 0.3412, -2.1561 2.363 0.1434, -2.1522 2.363 0.1339, -2.146 2.363 0.1257, -2.1378 2.363 0.1194, -2.1283 2.363 0.1155, -2.1181 2.363 0.1142, -2.1063 2.363 0.1142, -2.1063 2.363 0.0669, -2.091 2.361 0.1142, -2.091 2.361 0.0669, -2.0768 2.3551 0.1142, -2.0768 2.3551 0.0669, -2.0646 2.3457 0.1142, -2.0646 2.3457 0.0669, -2.0552 2.3335 0.1142, -2.0552 2.3335 0.0669, -2.0493 2.3192 0.1142, -2.0493 2.3192 0.0669, -2.0473 2.304 0.1142, -2.0473 2.304 0.0669, -2.091 2.1485 0.0669, -2.1181 2.1465 0.0669, -2.1063 2.1465 0.0669, -2.0768 2.1544 0.0669, -2.0646 2.1638 0.0669, -2.0552 2.176 0.0669, -2.0493 2.1903 0.0669, -2.0473 2.2055 0.0669, -2.1405 1.304 0.0699, -2.1405 2.1465 0.0699, -2.1614 1.304 0.0785, -2.1614 2.1465 0.0785, -2.1794 1.304 0.0923, -2.1794 2.1465 0.0923, -2.1931 1.304 0.1102, -2.1931 2.1465 0.1102, -2.2018 1.304 0.1311, -2.2018 2.1465 0.1311, -2.1561 1.304 0.1434, -2.1522 1.304 0.1339, -2.146 1.304 0.1257, -2.1378 1.304 0.1194, -2.1283 1.304 0.1155, -2.1561 2.1465 0.1434, -2.1522 2.1465 0.1339, -2.146 2.1465 0.1257, -2.1378 2.1465 0.1194, -2.1283 2.1465 0.1155, -2.1181 2.1465 0.1142, -2.1063 2.1465 0.1142, -2.0473 2.2055 0.1142, -2.0493 2.1903 0.1142, -2.0552 2.176 0.1142, -2.0646 2.1638 0.1142, -2.0768 2.1544 0.1142, -2.091 2.1485 0.1142, -0.8484 2.3601 0.0498, -0.6516 2.3601 0.0498, -0.8484 2.3526 0.057, -0.6516 2.3526 0.057, -0.8484 2.3438 0.0624, -0.6516 2.3438 0.0624, -0.8484 2.334 0.0658, -0.6516 2.334 0.0658, -0.8484 2.3236 0.0669, -0.6516 2.3236 0.0669, -0.9386 -2.8126 0.1142, -0.963 -2.7881 0.1142, -0.9386 -2.8126 0.0669, -0.963 -2.7881 0.0669, -0.9213 -2.8544 0.0669, -0.9213 -2.8544 0.1142, -0.9233 -2.8391 0.0669, -0.9233 -2.8391 0.1142, -0.9292 -2.8248 0.0669, -0.9292 -2.8248 0.1142, -0.9213 -2.889 0.1142, -0.9213 -2.889 0.0669, -0.7638 -2.889 0.0669, -0.7638 -2.889 0.1142, -0.7638 -2.8693 0.0669, -0.7638 -2.8693 0.1142, -0.7628 -2.8605 0.1142, -0.7628 -2.8605 0.0669, -0.7599 -2.8522 0.1142, -0.7599 -2.8522 0.0669, -0.7552 -2.8447 0.1142, -0.7552 -2.8447 0.0669, -0.749 -2.8385 0.1142, -0.749 -2.8385 0.0669, -0.7415 -2.8338 0.1142, -0.7415 -2.8338 0.0669, -0.7332 -2.8309 0.1142, -0.7332 -2.8309 0.0669, -0.7244 -2.8299 0.1142, -0.7244 -2.8299 0.0669, -0.4095 -2.8299 0.0669, -0.4095 -2.8299 0.1142, -0.3942 -2.8279 0.0669, -0.3942 -2.8279 0.1142, -0.3799 -2.822 0.0669, -0.3799 -2.822 0.1142, -0.3677 -2.8126 0.0669, -0.3677 -2.8126 0.1142, -0.3583 -2.8004 0.0669, -0.3583 -2.8004 0.1142, -0.3524 -2.7861 0.0669, -0.3524 -2.7861 0.1142, -0.3504 -2.7708 0.0669, -0.3504 -2.7708 0.1142, -0.3504 -0.8625 0.0669, -0.3504 -0.8625 0.1142, -0.3791 -0.8119 0.0669, -0.3791 -0.8119 0.1142, -0.3672 -0.8213 0.1142, -0.3672 -0.8213 0.0669, -0.3581 -0.8334 0.1142, -0.3581 -0.8334 0.0669, -0.3524 -0.8475 0.1142, -0.3524 -0.8475 0.0669, -0.4606 -0.763 0.1142, -0.4606 -0.763 0.0669, -0.5304 -0.7211 0.0669, -0.5304 -0.7211 0.1142, -0.5423 -0.7117 0.1142, -0.5423 -0.7117 0.0669, -0.5514 -0.6996 0.1142, -0.5514 -0.6996 0.0669, -0.5571 -0.6855 0.1142, -0.5571 -0.6855 0.0669, -0.5591 -0.6705 0.1142, -0.5591 -0.6705 0.0669, -0.5591 1.9989 0.1142, -0.5591 1.9989 0.0669, -0.5877 2.0495 0.0669, -0.5877 2.0495 0.1142, -0.5758 2.0401 0.1142, -0.5758 2.0401 0.0669, -0.5667 2.028 0.1142, -0.5667 2.028 0.0669, -0.561 2.0139 0.1142, -0.561 2.0139 0.0669, -0.6229 2.0706 0.1142, -0.6229 2.0706 0.0669, -0.6348 2.08 0.1142, -0.6348 2.08 0.0669, -0.6439 2.0922 0.1142, -0.6439 2.0922 0.0669, -0.6496 2.1062 0.1142, -0.6496 2.1062 0.0669, -0.6516 2.1213 0.1142, -0.6516 2.1213 0.0669, -0.6516 2.2685 0.1142, -0.6516 2.2685 0.0669, -0.8484 2.2685 0.0669, -0.8484 1.8295 0.0669, -0.8484 2.2685 0.1142, -0.8484 1.8295 0.1142, -0.8198 1.7789 0.0669, -0.8198 1.7789 0.1142, -0.8317 1.7883 0.1142, -0.8317 1.7883 0.0669, -0.8408 1.8004 0.1142, -0.8408 1.8004 0.0669, -0.8465 1.8145 0.1142, -0.8465 1.8145 0.0669, -0.7452 1.7342 0.1142, -0.7452 1.7342 0.0669, -0.7333 1.7247 0.1142, -0.7333 1.7247 0.0669, -0.7242 1.7126 0.1142, -0.7242 1.7126 0.0669, -0.7185 1.6986 0.1142, -0.7185 1.6986 0.0669, -0.7165 1.6835 0.1142, -0.7165 1.6835 0.0669, -0.7165 -0.887 0.0669, -0.7165 -0.887 0.1142, -0.6879 -0.9376 0.0669, -0.6879 -0.9376 0.1142, -0.6998 -0.9282 0.1142, -0.6998 -0.9282 0.0669, -0.7089 -0.9161 0.1142, -0.7089 -0.9161 0.0669, -0.7146 -0.9021 0.1142, -0.7146 -0.9021 0.0669, -0.6181 -0.9795 0.1142, -0.6181 -0.9795 0.0669, -0.5366 -1.0284 0.0669, -0.5366 -1.0284 0.1142, -0.5247 -1.0379 0.1142, -0.5247 -1.0379 0.0669, -0.5155 -1.05 0.1142, -0.5155 -1.05 0.0669, -0.5098 -1.064 0.1142, -0.5098 -1.064 0.0669, -0.5079 -1.0791 0.1142, -0.5079 -1.0791 0.0669, -0.5079 -2.6134 0.1142, -0.5079 -2.6134 0.0669, -0.5099 -2.6286 0.1142, -0.5099 -2.6286 0.0669, -0.5158 -2.6429 0.1142, -0.5158 -2.6429 0.0669, -0.5252 -2.6551 0.1142, -0.5252 -2.6551 0.0669, -0.5374 -2.6645 0.1142, -0.5374 -2.6645 0.0669, -0.5517 -2.6704 0.1142, -0.5517 -2.6704 0.0669, -0.5669 -2.6724 0.1142, -0.5669 -2.6724 0.0669, -0.6181 -2.6724 0.1142, -0.6181 -2.6724 0.0669, -0.6654 -2.6724 0.0669, -0.6654 -2.6724 0.1142, -0.6756 -2.6711 0.1142, -0.6756 -2.6711 0.0669, -0.685 -2.6671 0.1142, -0.685 -2.6671 0.0669, -0.6932 -2.6609 0.1142, -0.6932 -2.6609 0.0669, -0.6995 -2.6527 0.1142, -0.6995 -2.6527 0.0669, -0.7034 -2.6432 0.1142, -0.7034 -2.6432 0.0669, -0.7047 -2.633 0.1142, -0.7047 -2.633 0.0669, -0.7047 -2.5937 0.1142, -0.7047 -2.5937 0.0669, -0.7441 -1.8043 0.238, -0.7441 -1.6999 0.3058, -0.7441 -1.8301 0.2776, -0.7441 -1.7256 0.3454, -0.8634 -2.2527 0.1535, -0.8699 -2.2523 0.1515, -0.868 -2.2625 0.1503, -0.8498 -2.2548 0.1545, -0.8501 -2.2529 0.1548, -0.8601 -2.2527 0.1538, -0.8588 -2.2592 0.1531, -0.8549 -2.2651 0.1521, -0.8479 -2.2581 0.154, -0.8491 -2.2566 0.1542, -0.8618 -2.2717 0.1488, -0.8489 -2.2689 0.1515, -0.8525 -2.2776 0.1479, -0.8425 -2.2701 0.1513, -0.8425 -2.2795 0.1476, -0.8361 -2.2689 0.1515, -0.8325 -2.2776 0.1479, -0.8302 -2.2651 0.1521, -0.8232 -2.2717 0.1488, -0.8262 -2.2592 0.1531, -0.8171 -2.2625 0.1503, -0.8372 -2.2582 0.154, -0.8307 -2.2944 0.1363, -0.8291 -2.2857 0.1428, -0.8425 -2.2882 0.1424, -0.8261 -2.2925 0.1366, -0.8198 -2.29 0.137, -0.8166 -2.2777 0.1441, -0.8103 -2.2828 0.1381, -0.8031 -2.2735 0.1396, -0.8083 -2.2653 0.146, -0.797 -2.251 0.1432, -0.8058 -2.2518 0.1479, -0.7986 -2.2627 0.1413, -0.8006 -2.2676 0.1405, -0.888 -2.251 0.1432, -0.8865 -2.2627 0.1413, -0.8793 -2.2518 0.1479, -0.8767 -2.2653 0.146, -0.8763 -2.252 0.1496, -0.8653 -2.29 0.137, -0.856 -2.2857 0.1428, -0.8685 -2.2777 0.1441, -0.8844 -2.2676 0.1405, -0.8819 -2.2735 0.1396, -0.8747 -2.2828 0.1381, -0.859 -2.2925 0.1366, -0.8543 -2.2944 0.1363, -0.8425 -2.296 0.136, -0.8088 -2.252 0.1496, -0.8152 -2.2523 0.1515, -0.8216 -2.2527 0.1535, -0.825 -2.2527 0.1538, -0.835 -2.2529 0.1548, -0.8352 -2.2548 0.1545, -0.836 -2.2566 0.1542, -0.8372 -2.2581 0.154, -0.8388 -2.2593 0.1538, -0.8406 -2.2601 0.1537, -0.8425 -2.2603 0.1536, -0.8445 -2.2601 0.1537, -0.8463 -2.2593 0.1538, -0.8478 -2.2582 0.154, -0.797 -1.9887 0.1847, -0.8088 -1.9897 0.1911, -0.8216 -1.9904 0.195, -0.835 -1.9906 0.1964, -0.835 -1.9569 0.2093, -0.835 -1.9731 0.2011, -0.8216 -1.9562 0.2082, -0.8216 -1.9726 0.1998, -0.8088 -1.954 0.2048, -0.8088 -1.9712 0.1961, -0.797 -1.9505 0.1994, -0.797 -1.9688 0.19, -0.797 -1.7256 0.3454, -0.8088 -1.7291 0.3509, -0.8216 -1.7313 0.3542, -0.835 -1.732 0.3553, -0.797 -1.5487 0.3547, -0.8088 -1.5457 0.3605, -0.8088 -1.5816 0.3742, -0.8216 -1.5439 0.364, -0.8216 -1.5805 0.3781, -0.835 -1.5433 0.3652, -0.835 -1.5802 0.3794, -0.835 -1.5899 0.3809, -0.8216 -1.6193 0.3842, -0.835 -1.6192 0.3856, -0.835 -1.6389 0.3845, -0.8216 -1.6585 0.3822, -0.835 -1.6587 0.3835, -0.8216 -1.6963 0.372, -0.835 -1.6873 0.3758, -0.835 -1.6968 0.3733, -0.8088 -1.6195 0.3802, -0.8088 -1.6578 0.3782, -0.8088 -1.6949 0.3683, -0.797 -1.5833 0.368, -0.797 -1.6198 0.3738, -0.797 -1.6568 0.3718, -0.797 -1.6926 0.3622, -0.797 -1.5353 0.3479, -0.8089 -1.5325 0.3535, -0.8105 -1.5321 0.3543, -0.835 -1.53 0.3584, -0.8267 -1.5302 0.358, -0.8217 -1.5308 0.3569, -0.7986 -1.5249 0.3426, -0.8116 -1.5247 0.3505, -0.8633 -1.5308 0.3569, -0.8584 -1.5302 0.358, -0.8578 -1.5266 0.3561, -0.8352 -1.5282 0.3576, -0.8272 -1.5266 0.3561, -0.836 -1.5266 0.3567, -0.8288 -1.5232 0.3544, -0.8372 -1.5252 0.356, -0.8313 -1.5202 0.3529, -0.8388 -1.5242 0.3555, -0.8346 -1.518 0.3517, -0.8406 -1.5235 0.3551, -0.8384 -1.5166 0.351, -0.8425 -1.5233 0.355, -0.8425 -1.5161 0.3508, -0.8445 -1.5235 0.3551, -0.8466 -1.5166 0.351, -0.8463 -1.5242 0.3555, -0.8505 -1.518 0.3517, -0.8479 -1.5252 0.356, -0.8537 -1.5202 0.3529, -0.8491 -1.5266 0.3567, -0.8563 -1.5232 0.3544, -0.8498 -1.5282 0.3576, -0.8501 -1.53 0.3584, -0.8762 -1.5325 0.3535, -0.8746 -1.5321 0.3543, -0.8735 -1.5247 0.3505, -0.8703 -1.5178 0.347, -0.8652 -1.5119 0.344, -0.8585 -1.5074 0.3417, -0.8508 -1.5045 0.3403, -0.8425 -1.5036 0.3398, -0.8342 -1.5045 0.3403, -0.8265 -1.5074 0.3417, -0.8199 -1.5119 0.344, -0.8148 -1.5178 0.347, -0.8031 -1.5151 0.3376, -0.8103 -1.5067 0.3333, -0.8198 -1.5002 0.33, -0.8307 -1.4962 0.328, -0.8425 -1.4948 0.3273, -0.8543 -1.4962 0.328, -0.8653 -1.5002 0.33, -0.8747 -1.5067 0.3333, -0.8819 -1.5151 0.3376, -0.8865 -1.5249 0.3426, -0.888 -1.5353 0.3479, -0.8501 -1.5433 0.3652, -0.8501 -1.732 0.3553, -0.8501 -1.6968 0.3733, -0.8501 -1.6873 0.3758, -0.8501 -1.6587 0.3835, -0.8501 -1.6389 0.3845, -0.8501 -1.6192 0.3856, -0.8501 -1.5899 0.3809, -0.8501 -1.5802 0.3794, -0.8501 -1.9569 0.2093, -0.8501 -1.9906 0.1964, -0.8501 -1.9731 0.2011, -0.888 -1.9887 0.1847, -0.8763 -1.9897 0.1911, -0.8634 -1.9904 0.195, -0.835 -1.5514 0.3163, -0.835 -1.5648 0.3231, -0.8501 -1.5648 0.3231, -0.8501 -1.5514 0.3163, -0.8498 -1.5497 0.3155, -0.8491 -1.5481 0.3146, -0.8425 -1.5447 0.3129, -0.8406 -1.5449 0.313, -0.8445 -1.5449 0.313, -0.8388 -1.5456 0.3134, -0.8463 -1.5456 0.3134, -0.8372 -1.5467 0.3139, -0.836 -1.5481 0.3146, -0.8479 -1.5467 0.3139, -0.8352 -1.5497 0.3155, -0.8501 -1.5924 0.3338, -0.835 -1.5924 0.3338, -0.8501 -1.5997 0.3349, -0.835 -1.5997 0.3349, -0.8501 -1.6217 0.3384, -0.835 -1.6217 0.3384, -0.8501 -1.6365 0.3376, -0.835 -1.6365 0.3376, -0.8501 -1.6513 0.3368, -0.835 -1.6513 0.3368, -0.8501 -1.6728 0.3311, -0.835 -1.6728 0.3311, -0.8501 -1.6799 0.3292, -0.835 -1.6799 0.3292, -0.8501 -1.7063 0.3157, -0.835 -1.7063 0.3157, -0.835 -1.9312 0.1697, -0.8501 -1.9312 0.1697, -0.835 -1.9561 0.157, -0.8501 -1.9561 0.157, -0.835 -1.9832 0.1497, -0.8501 -1.9832 0.1497, -0.835 -2.2455 0.1082, -0.8388 -2.2519 0.1071, -0.8406 -2.2527 0.107, -0.8463 -2.2519 0.1071, -0.8479 -2.2507 0.1073, -0.8491 -2.2492 0.1076, -0.8352 -2.2474 0.1079, -0.836 -2.2492 0.1076, -0.8372 -2.2507 0.1073, -0.8501 -2.2455 0.1082, -0.8498 -2.2474 0.1079, -0.8425 -2.2529 0.107, -0.8445 -2.2527 0.107, -0.8546 -2.2454 0.1076, -0.8545 -2.2454 0.1077, -0.8541 -2.2484 0.1072, -0.8619 -2.2499 0.1029, -0.8626 -2.2448 0.1037, -0.859 -2.2451 0.1061, -0.8627 -2.2448 0.1036, -0.8629 -2.2558 0.0982, -0.8653 -2.2502 0.0991, -0.8193 -2.2442 0.1004, -0.819 -2.2442 0.1001, -0.8198 -2.2502 0.0991, -0.8169 -2.2436 0.0965, -0.8178 -2.2502 0.0955, -0.8221 -2.2558 0.0982, -0.8204 -2.2563 0.0945, -0.8259 -2.2606 0.0975, -0.8244 -2.2615 0.0937, -0.8308 -2.2643 0.0969, -0.8297 -2.2655 0.093, -0.8364 -2.2667 0.0965, -0.8359 -2.268 0.0926, -0.8425 -2.2674 0.0964, -0.8425 -2.2689 0.0925, -0.8486 -2.2667 0.0965, -0.8492 -2.268 0.0926, -0.8543 -2.2643 0.0969, -0.8553 -2.2655 0.093, -0.8592 -2.2606 0.0975, -0.8672 -2.2502 0.0955, -0.8647 -2.2563 0.0945, -0.8606 -2.2615 0.0937, -0.8266 -2.2493 0.1054, -0.8224 -2.2448 0.1037, -0.8231 -2.2499 0.1029, -0.8224 -2.2448 0.1036, -0.8251 -2.2547 0.1021, -0.8283 -2.2588 0.1015, -0.8325 -2.262 0.101, -0.8373 -2.2639 0.1007, -0.8425 -2.2646 0.1006, -0.8477 -2.2639 0.1007, -0.8526 -2.262 0.101, -0.8567 -2.2588 0.1015, -0.8599 -2.2547 0.1021, -0.8658 -2.2442 0.1004, -0.8661 -2.2442 0.1001, -0.8681 -2.2436 0.0965, -0.8283 -2.2533 0.1048, -0.8309 -2.2566 0.1043, -0.8343 -2.2592 0.1038, -0.8383 -2.2608 0.1036, -0.8425 -2.2614 0.1035, -0.8468 -2.2608 0.1036, -0.8508 -2.2592 0.1038, -0.8542 -2.2566 0.1043, -0.8568 -2.2533 0.1048, -0.8584 -2.2493 0.1054, -0.8305 -2.2454 0.1076, -0.8262 -2.2451 0.1061, -0.8261 -2.2451 0.1061, -0.8589 -2.2451 0.1061, -0.8529 -2.2513 0.1067, -0.851 -2.2537 0.1064, -0.8485 -2.2556 0.1061, -0.8456 -2.2568 0.1059, -0.8425 -2.2572 0.1058, -0.8394 -2.2568 0.1059, -0.8366 -2.2556 0.1061, -0.8341 -2.2537 0.1064, -0.8322 -2.2513 0.1067, -0.831 -2.2484 0.1072, -0.8306 -2.2454 0.1077, -0.8658 -1.9819 0.1419, -0.8627 -1.9825 0.1452, -0.8546 -1.9831 0.1492, -0.8589 -1.9828 0.1477, -0.8681 -1.9813 0.138, -0.8546 -1.956 0.1565, -0.8546 -1.9309 0.1692, -0.8589 -1.9554 0.155, -0.8589 -1.9301 0.1679, -0.8627 -1.9545 0.1527, -0.8627 -1.9287 0.1658, -0.8658 -1.9533 0.1496, -0.8658 -1.9269 0.1631, -0.8681 -1.9519 0.1459, -0.8681 -1.9248 0.1598, -0.8546 -1.706 0.3153, -0.8589 -1.7052 0.314, -0.8627 -1.7038 0.3119, -0.8658 -1.702 0.3091, -0.8681 -1.6999 0.3058, -0.8681 -1.6359 0.3259, -0.8681 -1.6223 0.3266, -0.8658 -1.6221 0.3305, -0.8546 -1.565 0.3227, -0.8546 -1.5926 0.3332, -0.8589 -1.593 0.3317, -0.8546 -1.6797 0.3287, -0.8546 -1.6217 0.3379, -0.8627 -1.6219 0.3338, -0.8589 -1.6218 0.3363, -0.8658 -1.65 0.3291, -0.8627 -1.6506 0.3323, -0.8589 -1.651 0.3348, -0.8546 -1.6512 0.3363, -0.8658 -1.5945 0.3261, -0.8627 -1.5936 0.3293, -0.8589 -1.5657 0.3213, -0.8627 -1.5668 0.3191, -0.8658 -1.5683 0.3161, -0.8681 -1.5955 0.3223, -0.8681 -1.5701 0.3126, -0.8681 -1.6022 0.3234, -0.8681 -1.6494 0.3252, -0.8658 -1.6771 0.3218, -0.8681 -1.6757 0.3181, -0.8681 -1.6691 0.3199, -0.8589 -1.6792 0.3272, -0.8627 -1.6783 0.3249, -0.8545 -1.5517 0.3159, -0.8627 -1.5535 0.3123, -0.8626 -1.5535 0.3123, -0.859 -1.5524 0.3145, -0.8589 -1.5524 0.3145, -0.8546 -1.5517 0.3159, -0.8658 -1.555 0.3093, -0.8661 -1.5552 0.309, -0.8681 -1.5568 0.3058, -0.8305 -1.5517 0.3159, -0.8306 -1.5517 0.3159, -0.831 -1.5489 0.3145, -0.8619 -1.5489 0.31, -0.8584 -1.5486 0.3125, -0.8221 -1.5447 0.3037, -0.8198 -1.5497 0.3063, -0.8231 -1.5489 0.31, -0.8672 -1.5509 0.3028, -0.8653 -1.5497 0.3063, -0.8629 -1.5447 0.3037, -0.8647 -1.5454 0.3, -0.8592 -1.5403 0.3015, -0.8606 -1.5407 0.2976, -0.8543 -1.537 0.2998, -0.8553 -1.5371 0.2958, -0.8486 -1.5349 0.2987, -0.8492 -1.5348 0.2946, -0.8425 -1.5342 0.2983, -0.8425 -1.534 0.2942, -0.8364 -1.5349 0.2987, -0.8359 -1.5348 0.2946, -0.8308 -1.537 0.2998, -0.8297 -1.5371 0.2958, -0.8259 -1.5403 0.3015, -0.8169 -1.5568 0.3058, -0.819 -1.5552 0.309, -0.8178 -1.5509 0.3028, -0.8204 -1.5454 0.3, -0.8244 -1.5407 0.2976, -0.8599 -1.5445 0.3078, -0.8567 -1.5408 0.3059, -0.8526 -1.538 0.3044, -0.8477 -1.5362 0.3035, -0.8425 -1.5356 0.3032, -0.8373 -1.5362 0.3035, -0.8325 -1.538 0.3044, -0.8283 -1.5408 0.3059, -0.8251 -1.5445 0.3078, -0.8193 -1.555 0.3093, -0.8224 -1.5535 0.3123, -0.8224 -1.5535 0.3123, -0.8261 -1.5524 0.3145, -0.8568 -1.5451 0.3107, -0.8542 -1.542 0.3092, -0.8508 -1.5397 0.308, -0.8468 -1.5382 0.3072, -0.8425 -1.5377 0.307, -0.8383 -1.5382 0.3072, -0.8343 -1.5397 0.308, -0.8309 -1.542 0.3092, -0.8283 -1.5451 0.3107, -0.8266 -1.5486 0.3125, -0.8262 -1.5524 0.3145, -0.8322 -1.5463 0.3132, -0.8341 -1.5441 0.3121, -0.8366 -1.5425 0.3112, -0.8394 -1.5414 0.3107, -0.8425 -1.541 0.3105, -0.8456 -1.5414 0.3107, -0.8485 -1.5425 0.3112, -0.851 -1.5441 0.3121, -0.8529 -1.5463 0.3132, -0.8541 -1.5489 0.3145, -0.8192 -1.5683 0.3161, -0.8224 -1.5668 0.3191, -0.8262 -1.5657 0.3213, -0.8305 -1.565 0.3227, -0.8169 -1.5701 0.3126, -0.8305 -1.6217 0.3379, -0.8192 -1.5945 0.3261, -0.8224 -1.5936 0.3293, -0.8169 -1.6757 0.3181, -0.8169 -1.6999 0.3058, -0.8192 -1.702 0.3091, -0.8169 -1.6691 0.3199, -0.8192 -1.6771 0.3218, -0.8169 -1.5955 0.3223, -0.8169 -1.6022 0.3234, -0.8192 -1.6221 0.3305, -0.8169 -1.6223 0.3266, -0.8169 -1.6359 0.3259, -0.8169 -1.6494 0.3252, -0.8262 -1.6218 0.3363, -0.8224 -1.6219 0.3338, -0.8305 -1.6512 0.3363, -0.8262 -1.651 0.3348, -0.8224 -1.6506 0.3323, -0.8192 -1.65 0.3291, -0.8305 -1.5926 0.3332, -0.8262 -1.593 0.3317, -0.8305 -1.6797 0.3287, -0.8224 -1.6783 0.3249, -0.8262 -1.6792 0.3272, -0.8224 -1.7038 0.3119, -0.8262 -1.7052 0.314, -0.8305 -1.706 0.3153, -0.8305 -1.9309 0.1692, -0.8262 -1.9301 0.1679, -0.8224 -1.9287 0.1658, -0.8192 -1.9269 0.1631, -0.8169 -1.9248 0.1598, -0.8169 -1.9519 0.1459, -0.8169 -1.9813 0.138, -0.8192 -1.9819 0.1419, -0.8192 -1.9533 0.1496, -0.8224 -1.9545 0.1527, -0.8262 -1.9554 0.155, -0.8305 -1.956 0.1565, -0.8224 -1.9825 0.1452, -0.8262 -1.9828 0.1477, -0.8305 -1.9831 0.1492, -0.7047 -2.4129 0.0697, -0.9803 -2.4129 0.0697, -0.9803 -2.1779 0.1069, -0.9602 -1.9813 0.138, -0.7248 -1.9813 0.138, -0.7047 -2.1779 0.1069, -0.9803 -2.4203 0.1164, -0.9803 -2.1853 0.1536, -0.7047 -2.4203 0.1164, -0.9602 -1.9887 0.1847, -0.7248 -1.9887 0.1847, -0.7047 -2.1853 0.1536, -0.941 -1.8301 0.2776, -0.941 -1.7256 0.3454, -0.941 -1.8043 0.238, -0.941 -1.6999 0.3058, -0.9554 -1.9248 0.1598, -0.9554 -1.9505 0.1994, -0.9579 -1.9522 0.1458, -0.9578 -1.9688 0.19, -0.9578 -1.9519 0.146, -0.9555 -1.9254 0.1594, -0.7296 -1.9248 0.1598, -0.7272 -1.9519 0.1459, -0.9578 -1.9519 0.146, -0.7441 -1.5701 0.3126, -0.7441 -1.6021 0.3239, -0.7441 -1.6359 0.3266, -0.7441 -1.6693 0.3204, -0.941 -1.5701 0.3126, -0.941 -1.6021 0.3239, -0.941 -1.6359 0.3266, -0.941 -1.6693 0.3204, -0.7466 -1.4866 0.2701, -0.9385 -1.4866 0.2701, -0.7441 -1.5042 0.279, -0.7452 -1.4924 0.273, -0.9398 -1.4924 0.273, -0.941 -1.5042 0.279, -0.7608 -1.4539 0.2651, -0.7596 -1.4562 0.2655, -0.7522 -1.4696 0.2675, -0.7507 -1.4741 0.2682, -0.9252 -1.4562 0.2655, -0.7732 -1.4408 0.2632, -0.9293 -1.4621 0.2664, -0.9338 -1.4743 0.2682, -0.8228 -1.4251 0.2608, -0.8097 -1.4267 0.261, -0.9119 -1.4411 0.2632, -0.7983 -1.428 0.2612, -0.7906 -1.431 0.2617, -0.9187 -1.447 0.2641, -0.7835 -1.4337 0.2621, -0.7713 -1.4421 0.2634, -0.9074 -1.4373 0.2626, -0.8947 -1.4308 0.2617, -0.8933 -1.4301 0.2616, -0.8767 -1.426 0.2609, -0.8754 -1.426 0.2609, -0.8622 -1.4251 0.2608, -0.8228 -1.4126 0.2854, -0.8622 -1.4126 0.2854, -0.8097 -1.4136 0.2859, -0.7911 -1.4185 0.2884, -0.7744 -1.4274 0.2929, -0.7607 -1.4396 0.2991, -0.7508 -1.4544 0.3067, -0.7452 -1.471 0.3151, -0.7441 -1.4827 0.3211, -0.7441 -1.5487 0.3547, -0.7441 -1.6926 0.3622, -0.7441 -1.6568 0.3718, -0.7441 -1.6198 0.3738, -0.7441 -1.5833 0.368, -0.888 -1.7256 0.3454, -0.888 -1.6926 0.3622, -0.941 -1.6926 0.3622, -0.888 -1.6568 0.3718, -0.941 -1.6568 0.3718, -0.888 -1.6198 0.3738, -0.941 -1.6198 0.3738, -0.888 -1.5833 0.368, -0.941 -1.5833 0.368, -0.888 -1.5487 0.3547, -0.941 -1.5487 0.3547, -0.941 -1.4827 0.3211, -0.894 -1.4185 0.2884, -0.9398 -1.471 0.3151, -0.9343 -1.4544 0.3067, -0.9243 -1.4396 0.2991, -0.9106 -1.4274 0.2929, -0.8754 -1.4136 0.2859, -0.8763 -1.5457 0.3605, -0.8634 -1.5439 0.364, -0.8634 -1.6193 0.3842, -0.8634 -1.5805 0.3781, -0.8763 -1.6578 0.3782, -0.8763 -1.6195 0.3802, -0.8763 -1.5816 0.3742, -0.8763 -1.6949 0.3683, -0.8763 -1.7291 0.3509, -0.8634 -1.6585 0.3822, -0.8634 -1.6963 0.372, -0.8634 -1.7313 0.3542, -0.888 -1.9505 0.1994, -0.8763 -1.954 0.2048, -0.8634 -1.9562 0.2082, -0.888 -1.9688 0.19, -0.8763 -1.9712 0.1961, -0.8634 -1.9726 0.1998, -0.7296 -1.9505 0.1994, -0.7277 -1.9653 0.1915, -0.7272 -1.969 0.1904, -0.7272 -1.969 0.1904, -0.7047 -2.448 0.0669, -0.7047 -2.448 0.1142, -0.9803 -2.5937 0.0669, -0.9803 -2.448 0.0669, -0.9803 -2.448 0.1142, -0.9803 -2.5937 0.1142, -0.9803 -2.6724 0.0669, -0.9803 -2.6724 0.1142, -0.9803 -2.7464 0.0669, -0.9803 -2.7464 0.1142, -0.9783 -2.7617 0.1142, -0.9724 -2.7759 0.1142, -0.9724 -2.7759 0.0669, -0.9783 -2.7617 0.0669, -0.6516 2.3236 0.1142, -0.8484 2.3236 0.1142, -0.8484 2.3443 0.1119, -0.8484 2.3639 0.1052, -0.8484 2.3816 0.0943, -0.8484 2.3965 0.0799, -0.6516 2.3443 0.1119, -0.6516 2.3639 0.1052, -0.6516 2.3816 0.0943, -0.6516 2.3965 0.0799, -0.6516 2.3729 0.0343, -0.6516 2.4093 0.0644, -0.8484 2.4093 0.0644, -0.8484 2.3729 0.0343, -0.8484 2.4457 0.0, -0.6516 2.4457 0.0, -0.6516 2.4251 0.0023, -0.8484 2.4251 0.0023, -0.6516 2.4054 0.009, -0.8484 2.4054 0.009, -0.6516 2.3877 0.0199, -0.8484 2.3877 0.0199, -0.6516 2.6622 0.0, -0.8484 2.6622 0.0, -0.8484 2.6622 0.0472, -0.6516 2.6622 0.0472, -0.6516 2.4457 0.0472, -0.6516 2.4167 0.0572, -0.6516 2.4256 0.0517, -0.6516 2.4354 0.0484, -0.8484 2.4167 0.0572, -0.8484 2.4256 0.0517, -0.8484 2.4354 0.0484, -0.8484 2.4457 0.0472, 2.2047 1.304 0.1535, 2.2047 1.304 0.2874, 2.1575 1.304 0.1535, 2.1575 1.304 0.2874, 2.2047 1.306 0.3027, 2.1575 1.306 0.3027, 2.2047 1.3119 0.3169, 2.1575 1.3119 0.3169, 2.2047 1.3213 0.3292, 2.1575 1.3213 0.3292, 2.2047 1.3335 0.3385, 2.1575 1.3335 0.3385, 2.2047 1.3477 0.3444, 2.1575 1.3477 0.3444, 2.2047 1.363 0.3465, 2.1575 1.363 0.3465, 2.2047 1.4221 0.4055, 2.1575 1.4221 0.4055, 2.2047 1.4201 0.3902, 2.1575 1.4201 0.3902, 2.2047 1.4142 0.376, 2.1575 1.4142 0.376, 2.2047 1.4048 0.3638, 2.1575 1.4048 0.3638, 2.2047 1.3925 0.3544, 2.1575 1.3925 0.3544, 2.2047 1.3783 0.3485, 2.1575 1.3783 0.3485, 2.2047 1.4221 0.5039, 2.1575 1.4221 0.5039, 2.2047 1.4236 0.5171, 2.1575 1.4236 0.5171, 2.2047 1.4279 0.5296, 2.1575 1.4279 0.5296, 2.2047 1.435 0.5408, 2.1575 1.435 0.5408, 2.2047 1.4443 0.5501, 2.1575 1.4443 0.5501, 2.2047 1.4555 0.5571, 2.1575 1.4555 0.5571, 2.2047 1.468 0.5615, 2.1575 1.468 0.5615, 2.2047 1.4811 0.563, 2.1575 1.4811 0.563, 2.1575 2.5441 0.563, 2.2047 2.5441 0.563, 2.1575 1.9188 0.4464, 2.1575 1.9343 0.4355, 2.2047 1.9188 0.4464, 2.2047 1.9343 0.4355, 2.1575 1.9048 0.4542, 2.2047 1.9048 0.4542, 2.1575 1.8895 0.459, 2.2047 1.8895 0.459, 2.1575 1.8736 0.4606, 2.2047 1.8736 0.4606, 2.1575 1.6701 0.4606, 2.2047 1.6701 0.4606, 2.1575 1.6548 0.4586, 2.2047 1.6548 0.4586, 2.1575 1.6406 0.4527, 2.2047 1.6406 0.4527, 2.1575 1.6283 0.4433, 2.2047 1.6283 0.4433, 2.1575 1.619 0.4311, 2.2047 1.619 0.4311, 2.1575 1.6131 0.4169, 2.2047 1.6131 0.4169, 2.1575 1.611 0.4016, 2.2047 1.611 0.4016, 2.2047 1.611 0.3543, 2.1575 1.611 0.3543, 2.1575 1.6131 0.339, 2.2047 1.6131 0.339, 2.1575 1.619 0.3248, 2.2047 1.619 0.3248, 2.1575 1.6283 0.3126, 2.2047 1.6283 0.3126, 2.1575 1.6406 0.3032, 2.2047 1.6406 0.3032, 2.1575 1.6548 0.2973, 2.2047 1.6548 0.2973, 2.1575 1.6701 0.2953, 2.2047 1.6701 0.2953, 2.2047 2.0269 0.2953, 2.1575 2.0269 0.2953, 2.2047 2.063 0.2803, 2.1575 2.063 0.2803, 2.1575 2.0553 0.2867, 2.2047 2.0553 0.2867, 2.1575 2.0464 0.2914, 2.2047 2.0464 0.2914, 2.1575 2.0368 0.2943, 2.2047 2.0368 0.2943, 2.1575 2.1292 0.2141, 2.2047 2.1292 0.2141, 2.2047 2.1465 0.1724, 2.1575 2.1465 0.1724, 2.1575 2.1445 0.1877, 2.2047 2.1445 0.1877, 2.1575 2.1386 0.2019, 2.2047 2.1386 0.2019, 2.1575 2.1465 0.1535, 2.2047 2.1465 0.1535, 2.1561 2.1465 0.1434, 2.2018 2.1465 0.1311, 2.1522 2.1465 0.1339, 2.1931 2.1465 0.1102, 2.1459 2.1465 0.1257, 2.1793 2.1465 0.0923, 2.1378 2.1465 0.1194, 2.1614 2.1465 0.0785, 2.1283 2.1465 0.1155, 2.1405 2.1465 0.0699, 2.1181 2.1465 0.1142, 2.1181 2.1465 0.0669, 2.1561 1.304 0.1434, 2.1522 1.304 0.1339, 2.1459 1.304 0.1257, 2.1378 1.304 0.1194, 2.1283 1.304 0.1155, 2.1181 1.304 0.1142, 2.1575 2.363 0.1535, 2.1575 2.5441 0.1535, 2.1561 2.363 0.1434, 2.1561 2.5441 0.1434, 2.1522 2.363 0.1339, 2.1522 2.5441 0.1339, 2.1459 2.363 0.1257, 2.1459 2.5441 0.1257, 2.1378 2.363 0.1194, 2.1378 2.5441 0.1194, 2.1283 2.363 0.1155, 2.1283 2.5441 0.1155, 2.1181 2.363 0.1142, 2.1181 2.5441 0.1142, 2.1181 2.363 0.0669, 2.1405 2.363 0.0699, 2.1614 2.363 0.0785, 2.1793 2.363 0.0923, 2.1931 2.363 0.1102, 2.2018 2.363 0.1311, 2.2047 2.363 0.1535, 2.2047 2.363 0.4016, 2.1575 2.363 0.4016, 2.1575 2.361 0.4169, 2.2047 2.361 0.4169, 2.1575 2.3551 0.4311, 2.2047 2.3551 0.4311, 2.1575 2.3457 0.4433, 2.2047 2.3457 0.4433, 2.1575 2.3335 0.4527, 2.2047 2.3335 0.4527, 2.1575 2.3192 0.4586, 2.2047 2.3192 0.4586, 2.1575 2.304 0.4606, 2.2047 2.304 0.4606, 2.2047 2.1044 0.4606, 2.1575 2.1044 0.4606, 2.1575 2.0885 0.459, 2.2047 2.0885 0.459, 2.1575 2.0732 0.4542, 2.2047 2.0732 0.4542, 2.1575 2.0592 0.4464, 2.2047 2.0592 0.4464, 2.2047 2.0437 0.4355, 2.1575 2.0437 0.4355, 2.2047 1.9985 0.4213, 2.1575 1.9985 0.4213, 2.1575 2.0144 0.4229, 2.2047 2.0144 0.4229, 2.1575 2.0297 0.4277, 2.2047 2.0297 0.4277, 2.2047 1.9795 0.4213, 2.1575 1.9795 0.4213, 2.1575 1.9636 0.4229, 2.1575 1.9483 0.4277, 2.2047 1.9483 0.4277, 2.2047 1.9636 0.4229, 2.2047 2.5441 0.1535, 2.2018 2.5441 0.1311, 2.1931 2.5441 0.1102, 2.1793 2.5441 0.0923, 2.1614 2.5441 0.0785, 2.1405 2.5441 0.0699, 2.1181 2.5441 0.0669, 1.7756 2.5441 0.0669, 1.7756 2.5441 0.1142, 1.6968 2.4654 0.0669, 1.6968 2.4654 0.1142, 1.6995 2.4858 0.1142, 1.6995 2.4858 0.0669, 1.7074 2.5048 0.1142, 1.7074 2.5048 0.0669, 1.7199 2.5211 0.1142, 1.7199 2.5211 0.0669, 1.7362 2.5336 0.1142, 1.7362 2.5336 0.0669, 1.7552 2.5414 0.1142, 1.7552 2.5414 0.0669, 1.6968 2.1898 0.0669, 1.6968 2.1898 0.1142, 1.7362 2.1504 0.0669, 1.7362 2.1504 0.1142, 1.7274 2.1514 0.1142, 1.7274 2.1514 0.0669, 1.7191 2.1543 0.1142, 1.7191 2.1543 0.0669, 1.7117 2.159 0.1142, 1.7117 2.159 0.0669, 1.7054 2.1652 0.1142, 1.7054 2.1652 0.0669, 1.7007 2.1727 0.1142, 1.7007 2.1727 0.0669, 1.6978 2.181 0.1142, 1.6978 2.181 0.0669, 1.7464 2.1491 0.1142, 1.7464 2.1491 0.0669, 1.7559 2.1451 0.1142, 1.7559 2.1451 0.0669, 1.764 2.1389 0.1142, 1.764 2.1389 0.0669, 1.7703 2.1307 0.1142, 1.7703 2.1307 0.0669, 1.7742 2.1212 0.1142, 1.7742 2.1212 0.0669, 1.7756 2.111 0.1142, 1.7756 2.111 0.0669, 1.7756 1.7961 0.0669, 1.7756 1.7961 0.1142, 1.7746 1.7873 0.1142, 1.7746 1.7873 0.0669, 1.7717 1.779 0.1142, 1.7717 1.779 0.0669, 1.767 1.7715 0.1142, 1.767 1.7715 0.0669, 1.7608 1.7653 0.1142, 1.7608 1.7653 0.0669, 1.7533 1.7606 0.1142, 1.7533 1.7606 0.0669, 1.745 1.7577 0.1142, 1.745 1.7577 0.0669, 1.7362 1.7567 0.1142, 1.7362 1.7567 0.0669, 1.6968 1.7173 0.0669, 1.6968 1.7173 0.1142, 1.6978 1.7261 0.1142, 1.6978 1.7261 0.0669, 1.7007 1.7344 0.1142, 1.7007 1.7344 0.0669, 1.7054 1.7419 0.1142, 1.7054 1.7419 0.0669, 1.7117 1.7481 0.1142, 1.7117 1.7481 0.0669, 1.7191 1.7528 0.1142, 1.7191 1.7528 0.0669, 1.7274 1.7557 0.1142, 1.7274 1.7557 0.0669, 1.6968 0.7725 0.0669, 1.6968 0.7725 0.1142, 1.7756 0.6937 0.0669, 1.7756 0.6937 0.1142, 1.7581 0.6957 0.1142, 1.7581 0.6957 0.0669, 1.7414 0.7015 0.1142, 1.7414 0.7015 0.0669, 1.7265 0.7109 0.1142, 1.7265 0.7109 0.0669, 1.714 0.7234 0.1142, 1.714 0.7234 0.0669, 1.7046 0.7383 0.1142, 1.7046 0.7383 0.0669, 1.6988 0.7549 0.1142, 1.6988 0.7549 0.0669, 1.9961 0.6937 0.0669, 1.9961 0.6937 0.1142, 2.3425 0.8709 0.0, 2.3425 0.8709 0.0472, 2.344 0.8578 0.0, 2.344 0.8578 0.0472, 2.3484 0.8453 0.0, 2.3484 0.8453 0.0472, 2.3554 0.8341 0.0, 2.3554 0.8341 0.0472, 2.3647 0.8247 0.0, 2.3647 0.8247 0.0472, 2.3759 0.8177 0.0, 2.3759 0.8177 0.0472, 2.3884 0.8133 0.0, 2.3884 0.8133 0.0472, 2.4016 0.8118 0.0, 2.4016 0.8118 0.0472, 2.3425 0.989 0.0, 2.3425 0.989 0.0472, 2.4016 1.0481 0.0, 2.4016 1.0481 0.0472, 2.3863 1.046 0.0, 2.3863 1.046 0.0472, 2.372 1.0401 0.0, 2.372 1.0401 0.0472, 2.3598 1.0308 0.0, 2.3598 1.0308 0.0472, 2.3504 1.0185 0.0, 2.3504 1.0185 0.0472, 2.3445 1.0043 0.0, 2.3445 1.0043 0.0472, 2.4409 1.0481 0.0, 2.4409 1.0481 0.0472, 2.4409 1.1662 0.0472, 2.4409 1.1662 0.0, 2.1063 1.1662 0.0, 2.1063 1.1662 0.0472, 2.4409 0.6937 0.0, 2.4409 0.6937 0.0472, 2.1063 0.6937 0.0, 2.1063 0.6937 0.0472, 2.4409 0.8118 0.0, 2.4409 0.8118 0.0472, 2.0839 0.6937 0.003, 2.0839 1.1662 0.003, 2.063 0.6937 0.0116, 2.063 1.1662 0.0116, 2.045 0.6937 0.0254, 2.045 1.1662 0.0254, 2.0313 0.6937 0.0433, 2.0313 1.1662 0.0433, 2.0961 1.1662 0.0486, 2.0866 1.1662 0.0525, 2.0785 1.1662 0.0588, 2.0722 1.1662 0.0669, 2.0722 0.6937 0.0669, 2.0785 0.6937 0.0588, 2.0866 0.6937 0.0525, 2.0961 0.6937 0.0486, 2.0284 0.6937 0.0482, 2.0694 0.6937 0.0719, 2.0225 0.6937 0.056, 2.0559 0.6937 0.0894, 2.0148 0.6937 0.0619, 2.0384 0.6937 0.1028, 2.0057 0.6937 0.0657, 2.018 0.6937 0.1113, 2.0284 1.1662 0.0482, 2.0225 1.1662 0.056, 2.0148 1.1662 0.0619, 2.0057 1.1662 0.0657, 1.9961 1.1662 0.0669, 2.0694 1.1662 0.0719, 1.9961 1.1662 0.1142, 2.018 1.1662 0.1113, 2.0384 1.1662 0.1028, 2.0559 1.1662 0.0894, 1.9782 1.1685 0.1142, 1.9782 1.1685 0.0669, 1.9616 1.1754 0.1142, 1.9616 1.1754 0.0669, 1.9473 1.1863 0.1142, 1.9473 1.1863 0.0669, 1.9364 1.2006 0.1142, 1.9364 1.2006 0.0669, 1.9295 1.2172 0.1142, 1.9295 1.2172 0.0669, 1.9272 1.2351 0.1142, 1.9272 1.2351 0.0669, 1.9295 1.2529 0.1142, 1.9295 1.2529 0.0669, 1.9364 1.2695 0.1142, 1.9364 1.2695 0.0669, 1.9473 1.2838 0.1142, 1.9473 1.2838 0.0669, 1.9616 1.2947 0.1142, 1.9616 1.2947 0.0669, 1.9782 1.3016 0.1142, 1.9782 1.3016 0.0669, 1.9961 1.304 0.1142, 1.9961 1.304 0.0669, 2.1181 1.304 0.0669, 2.1405 1.304 0.0699, 2.1614 1.304 0.0785, 2.1793 1.304 0.0923, 2.1931 1.304 0.1102, 2.2018 1.304 0.1311, 2.091 2.1485 0.0669, 2.0645 2.1638 0.0669, 2.0931 2.3615 0.0669, 2.1063 2.363 0.0669, 2.0768 2.1544 0.0669, 2.0472 2.2055 0.0669, 2.0492 2.1903 0.0669, 2.0551 2.176 0.0669, 2.1063 2.1465 0.0669, 2.0807 2.3572 0.0669, 2.0695 2.3501 0.0669, 2.0601 2.3408 0.0669, 2.0531 2.3296 0.0669, 2.0487 2.3171 0.0669, 2.0472 2.304 0.0669, 2.1063 2.1465 0.1142, 2.091 2.1485 0.1142, 2.0768 2.1544 0.1142, 2.0645 2.1638 0.1142, 2.0551 2.176 0.1142, 2.0492 2.1903 0.1142, 2.0472 2.2055 0.1142, 2.0472 2.304 0.1142, 2.0487 2.3171 0.1142, 2.0531 2.3296 0.1142, 2.0601 2.3408 0.1142, 2.0695 2.3501 0.1142, 2.0807 2.3572 0.1142, 2.0931 2.3615 0.1142, 2.1063 2.363 0.1142, 1.1516 2.3623 0.0481, 1.3484 2.3623 0.0481, 1.1516 2.3548 0.056, 1.3484 2.3548 0.056, 1.1516 2.3457 0.062, 1.3484 2.3457 0.062, 1.1516 2.3354 0.0657, 1.3484 2.3354 0.0657, 1.1516 2.3246 0.0669, 1.3484 2.3246 0.0669, 0.7716 -2.7787 0.1142, 0.7716 -2.7236 0.1142, 0.7716 -2.7787 0.0669, 0.7716 -2.7236 0.0669, 0.8228 -2.8299 0.0669, 0.8228 -2.8299 0.1142, 0.8096 -2.8282 0.1142, 0.8096 -2.8282 0.0669, 0.7972 -2.823 0.1142, 0.7972 -2.823 0.0669, 0.7866 -2.8149 0.1142, 0.7866 -2.8149 0.0669, 0.7785 -2.8043 0.1142, 0.7785 -2.8043 0.0669, 0.7734 -2.792 0.1142, 0.7734 -2.792 0.0669, 0.8819 -2.8299 0.1142, 0.8819 -2.8299 0.0669, 0.8921 -2.8312 0.1142, 0.8921 -2.8312 0.0669, 0.9016 -2.8352 0.1142, 0.9016 -2.8352 0.0669, 0.9097 -2.8414 0.1142, 0.9097 -2.8414 0.0669, 0.916 -2.8496 0.1142, 0.916 -2.8496 0.0669, 0.9199 -2.8591 0.1142, 0.9199 -2.8591 0.0669, 0.9212 -2.8693 0.1142, 0.9212 -2.8693 0.0669, 0.9212 -2.889 0.1142, 0.9212 -2.889 0.0669, 1.0787 -2.889 0.0669, 1.0787 -2.889 0.1142, 1.0787 -2.8693 0.0669, 1.0787 -2.8693 0.1142, 1.0797 -2.8605 0.1142, 1.0797 -2.8605 0.0669, 1.0826 -2.8522 0.1142, 1.0826 -2.8522 0.0669, 1.0873 -2.8447 0.1142, 1.0873 -2.8447 0.0669, 1.0936 -2.8385 0.1142, 1.0936 -2.8385 0.0669, 1.101 -2.8338 0.1142, 1.101 -2.8338 0.0669, 1.1093 -2.8309 0.1142, 1.1093 -2.8309 0.0669, 1.1181 -2.8299 0.1142, 1.1181 -2.8299 0.0669, 1.4803 -2.8299 0.1142, 1.4803 -2.8299 0.0669, 1.5394 -2.7708 0.0669, 1.5394 -2.7708 0.1142, 1.5373 -2.7861 0.1142, 1.5373 -2.7861 0.0669, 1.5314 -2.8004 0.1142, 1.5314 -2.8004 0.0669, 1.5221 -2.8126 0.1142, 1.5221 -2.8126 0.0669, 1.5098 -2.822 0.1142, 1.5098 -2.822 0.0669, 1.4956 -2.8279 0.1142, 1.4956 -2.8279 0.0669, 1.5394 -0.7964 0.0669, 1.5394 -0.7964 0.1142, 1.5107 -0.7458 0.0669, 1.5107 -0.7458 0.1142, 1.5226 -0.7552 0.1142, 1.5226 -0.7552 0.0669, 1.5317 -0.7673 0.1142, 1.5317 -0.7673 0.0669, 1.5374 -0.7814 0.1142, 1.5374 -0.7814 0.0669, 1.4696 -0.7211 0.1142, 1.4696 -0.7211 0.0669, 1.4577 -0.7117 0.1142, 1.4577 -0.7117 0.0669, 1.4486 -0.6996 0.1142, 1.4486 -0.6996 0.0669, 1.4429 -0.6855 0.1142, 1.4429 -0.6855 0.0669, 1.4409 -0.6705 0.1142, 1.4409 -0.6705 0.0669, 1.4409 1.9989 0.1142, 1.4409 1.9989 0.0669, 1.4123 2.0495 0.0669, 1.4123 2.0495 0.1142, 1.4242 2.0401 0.1142, 1.4242 2.0401 0.0669, 1.4333 2.028 0.1142, 1.4333 2.028 0.0669, 1.439 2.0139 0.1142, 1.439 2.0139 0.0669, 1.3771 2.0706 0.1142, 1.3771 2.0706 0.0669, 1.3652 2.08 0.1142, 1.3652 2.08 0.0669, 1.3561 2.0922 0.1142, 1.3561 2.0922 0.0669, 1.3504 2.1062 0.1142, 1.3504 2.1062 0.0669, 1.3484 2.1213 0.1142, 1.3484 2.1213 0.0669, 1.3484 2.2685 0.1142, 1.3484 2.2685 0.0669, 1.1516 2.2685 0.0669, 1.1516 1.8295 0.0669, 1.1516 2.2685 0.1142, 1.1516 1.8295 0.1142, 1.1802 1.7789 0.0669, 1.1802 1.7789 0.1142, 1.1683 1.7883 0.1142, 1.1683 1.7883 0.0669, 1.1592 1.8004 0.1142, 1.1592 1.8004 0.0669, 1.1535 1.8145 0.1142, 1.1535 1.8145 0.0669, 1.2548 1.7342 0.1142, 1.2548 1.7342 0.0669, 1.2667 1.7247 0.1142, 1.2667 1.7247 0.0669, 1.2758 1.7126 0.1142, 1.2758 1.7126 0.0669, 1.2815 1.6986 0.1142, 1.2815 1.6986 0.0669, 1.2835 1.6835 0.1142, 1.2835 1.6835 0.0669, 1.2835 -0.887 0.0669, 1.2835 -0.887 0.1142, 1.3121 -0.9376 0.0669, 1.3121 -0.9376 0.1142, 1.3002 -0.9282 0.1142, 1.3002 -0.9282 0.0669, 1.2911 -0.9161 0.1142, 1.2911 -0.9161 0.0669, 1.2854 -0.9021 0.1142, 1.2854 -0.9021 0.0669, 1.3532 -0.9623 0.1142, 1.3532 -0.9623 0.0669, 1.3651 -0.9717 0.1142, 1.3651 -0.9717 0.0669, 1.3742 -0.9838 0.1142, 1.3742 -0.9838 0.0669, 1.3799 -0.9979 0.1142, 1.3799 -0.9979 0.0669, 1.3819 -1.0129 0.1142, 1.3819 -1.0129 0.0669, 1.3819 -2.6134 0.0669, 1.3819 -2.6134 0.1142, 1.3799 -2.6286 0.1142, 1.3799 -2.6286 0.0669, 1.374 -2.6429 0.1142, 1.374 -2.6429 0.0669, 1.3646 -2.6551 0.1142, 1.3646 -2.6551 0.0669, 1.3524 -2.6645 0.1142, 1.3524 -2.6645 0.0669, 1.3381 -2.6704 0.1142, 1.3381 -2.6704 0.0669, 1.3228 -2.6724 0.1142, 1.3228 -2.6724 0.0669, 1.1772 -2.6724 0.0669, 1.1772 -2.6724 0.1142, 1.167 -2.6711 0.1142, 1.167 -2.6711 0.0669, 1.1575 -2.6671 0.1142, 1.1575 -2.6671 0.0669, 1.1493 -2.6609 0.1142, 1.1493 -2.6609 0.0669, 1.1431 -2.6527 0.1142, 1.1431 -2.6527 0.0669, 1.1391 -2.6432 0.1142, 1.1391 -2.6432 0.0669, 1.1378 -2.633 0.1142, 1.1378 -2.633 0.0669, 1.1378 -2.5937 0.1142, 1.1378 -2.5937 0.0669, 1.0984 -1.8043 0.238, 1.0984 -1.6999 0.3058, 1.0984 -1.8301 0.2776, 1.0984 -1.7256 0.3454, 1.0053 -1.5467 0.3139, 1.0053 -1.5467 0.3139, 0.9924 -1.5648 0.3231, 1.0065 -1.5481 0.3146, 0.9924 -1.5514 0.3163, 0.9927 -1.5497 0.3155, 0.9935 -1.5481 0.3146, 0.998 -1.5449 0.313, 1.0 -1.5447 0.3129, 1.0073 -1.5497 0.3155, 1.0075 -1.5514 0.3163, 1.0075 -1.5648 0.3231, 0.9947 -1.5467 0.3139, 0.9947 -1.5467 0.3139, 0.9962 -1.5456 0.3134, 1.0019 -1.5449 0.313, 1.0038 -1.5456 0.3134, 0.9924 -1.5924 0.3338, 1.0075 -1.5924 0.3338, 0.9924 -1.5997 0.3349, 1.0075 -1.5997 0.3349, 0.9924 -1.6217 0.3384, 1.0075 -1.6217 0.3384, 0.9924 -1.6365 0.3376, 1.0075 -1.6365 0.3376, 0.9924 -1.6513 0.3368, 1.0075 -1.6513 0.3368, 0.9924 -1.6728 0.3311, 1.0075 -1.6728 0.3311, 0.9924 -1.6799 0.3292, 1.0075 -1.6799 0.3292, 0.9924 -1.7063 0.3157, 1.0075 -1.7063 0.3157, 1.0075 -1.9312 0.1697, 0.9924 -1.9312 0.1697, 1.0075 -1.9561 0.157, 0.9924 -1.9561 0.157, 1.0075 -1.9832 0.1497, 0.9924 -1.9832 0.1497, 1.0065 -2.2492 0.1076, 1.0053 -2.2507 0.1073, 0.9947 -2.2508 0.1073, 1.0053 -2.2508 0.1073, 1.0038 -2.2519 0.1071, 1.0075 -2.2455 0.1082, 0.9947 -2.2507 0.1073, 0.9935 -2.2492 0.1076, 1.0073 -2.2474 0.1079, 1.0019 -2.2527 0.107, 1.0 -2.2529 0.107, 0.9924 -2.2455 0.1082, 0.9927 -2.2474 0.1079, 0.998 -2.2527 0.107, 0.9962 -2.2519 0.1071, 0.9929 -2.2628 0.1013, 0.9933 -2.2618 0.1023, 1.0 -2.2631 0.1021, 1.0103 -2.2454 0.1079, 0.9819 -2.2615 0.0937, 0.9778 -2.2563 0.0945, 0.9797 -2.2573 0.0968, 0.9753 -2.2502 0.0955, 0.975 -2.2483 0.0958, 0.9761 -2.2484 0.0982, 1.0247 -2.2502 0.0955, 1.0235 -2.2529 0.095, 1.0226 -2.2529 0.0975, 1.0 -2.2608 0.1039, 0.9854 -2.251 0.1055, 0.9879 -2.2501 0.1066, 0.9908 -2.2545 0.1059, 0.9847 -2.255 0.1034, 0.983 -2.2517 0.1039, 0.9928 -2.2527 0.1068, 0.9897 -2.2454 0.1079, 0.987 -2.2453 0.1073, 0.9879 -2.2454 0.1076, 1.0057 -2.2597 0.1041, 1.0111 -2.2563 0.1046, 1.0129 -2.2578 0.103, 1.0157 -2.2452 0.1063, 1.0163 -2.2452 0.1061, 1.017 -2.2517 0.1039, 1.0 -2.2556 0.1064, 1.0072 -2.2527 0.1068, 1.0092 -2.2545 0.1059, 1.0121 -2.2454 0.1076, 1.0121 -2.2501 0.1066, 1.0 -2.2689 0.0925, 1.0 -2.268 0.0951, 1.0046 -2.2683 0.0926, 1.0044 -2.2676 0.0952, 1.0171 -2.2611 0.0962, 1.018 -2.2616 0.0937, 1.0132 -2.2642 0.0957, 1.0128 -2.2655 0.093, 1.0089 -2.2664 0.0954, 1.0092 -2.267 0.0928, 1.0066 -2.268 0.0926, 1.0 -2.2668 0.0976, 1.0 -2.2651 0.1, 1.0041 -2.2664 0.0977, 1.0037 -2.2648 0.1001, 1.0083 -2.2652 0.0979, 1.0075 -2.2637 0.1002, 1.0123 -2.2632 0.0982, 1.0112 -2.2618 0.1005, 1.0159 -2.2603 0.0987, 1.0145 -2.2592 0.1009, 1.0189 -2.2567 0.0992, 1.0203 -2.2573 0.0968, 1.0222 -2.2563 0.0945, 1.0181 -2.2615 0.0937, 1.018 -2.2483 0.1045, 1.0203 -2.2485 0.1026, 1.0192 -2.2523 0.102, 1.0223 -2.2485 0.1005, 1.021 -2.2527 0.0999, 1.0239 -2.2484 0.0982, 1.0172 -2.2559 0.1015, 1.0153 -2.255 0.1034, 1.0146 -2.251 0.1055, 1.013 -2.2453 0.1073, 0.9829 -2.2611 0.0962, 0.982 -2.2616 0.0937, 0.9956 -2.2676 0.0952, 0.9954 -2.2683 0.0926, 0.9934 -2.268 0.0926, 0.9798 -2.2448 0.1037, 0.9797 -2.2485 0.1026, 0.9794 -2.2447 0.1032, 0.9777 -2.2485 0.1005, 0.9767 -2.2442 0.1004, 0.9758 -2.244 0.0988, 0.9744 -2.2436 0.0965, 0.9819 -2.252 0.103, 0.9828 -2.2559 0.1015, 0.9808 -2.2523 0.102, 0.9811 -2.2567 0.0992, 0.9789 -2.2527 0.0999, 0.9774 -2.2529 0.0975, 0.9764 -2.2529 0.095, 0.9836 -2.2452 0.1061, 0.9817 -2.245 0.1049, 0.9805 -2.2448 0.1041, 0.9888 -2.2618 0.1005, 0.9917 -2.2652 0.0979, 0.9877 -2.2632 0.0982, 0.9911 -2.2664 0.0954, 0.9868 -2.2642 0.0957, 0.9907 -2.267 0.0928, 0.9872 -2.2655 0.093, 1.0047 -2.2574 0.1055, 1.0 -2.2582 0.1053, 0.9952 -2.2574 0.1055, 0.9942 -2.2597 0.1041, 0.9889 -2.2563 0.1046, 0.99 -2.2602 0.1026, 0.9871 -2.2578 0.103, 0.9855 -2.2592 0.1009, 0.984 -2.2603 0.0987, 0.9925 -2.2637 0.1002, 0.9959 -2.2664 0.0977, 0.9963 -2.2648 0.1001, 1.0 -2.2641 0.1011, 1.0033 -2.2628 0.1022, 1.0067 -2.2618 0.1023, 1.0099 -2.2602 0.1026, 1.0182 -2.245 0.1049, 1.0202 -2.2448 0.1037, 1.0233 -2.2442 0.1004, 1.0242 -2.244 0.0988, 1.0256 -2.2436 0.0965, 1.025 -2.2483 0.0958, 0.9879 -1.9831 0.1492, 0.9836 -1.9828 0.1477, 0.9798 -1.9825 0.1452, 0.9767 -1.9819 0.1419, 0.9744 -1.9813 0.138, 0.9879 -1.956 0.1565, 0.9879 -1.9309 0.1692, 0.9836 -1.9554 0.155, 0.9836 -1.9301 0.1679, 0.9798 -1.9545 0.1527, 0.9798 -1.9287 0.1658, 0.9767 -1.9533 0.1496, 0.9767 -1.9269 0.1631, 0.9744 -1.9519 0.1459, 0.9744 -1.9248 0.1598, 0.9879 -1.706 0.3153, 0.9836 -1.7052 0.314, 0.9798 -1.7038 0.3119, 0.9767 -1.702 0.3091, 0.9744 -1.6999 0.3058, 0.9744 -1.6359 0.3259, 0.9744 -1.6223 0.3266, 0.9767 -1.6221 0.3305, 0.9879 -1.565 0.3227, 0.9879 -1.5926 0.3332, 0.9836 -1.593 0.3317, 0.9879 -1.6797 0.3287, 0.9879 -1.6217 0.3379, 0.9798 -1.6219 0.3338, 0.9836 -1.6218 0.3363, 0.9767 -1.65 0.3291, 0.9798 -1.6506 0.3323, 0.9836 -1.651 0.3348, 0.9879 -1.6512 0.3363, 0.9767 -1.5945 0.3261, 0.9798 -1.5936 0.3293, 0.9836 -1.5657 0.3213, 0.9798 -1.5668 0.3191, 0.9767 -1.5683 0.3161, 0.9744 -1.5955 0.3223, 0.9744 -1.5701 0.3126, 0.9744 -1.6022 0.3234, 0.9744 -1.6494 0.3252, 0.9767 -1.6771 0.3218, 0.9744 -1.6757 0.3181, 0.9744 -1.6691 0.3199, 0.9836 -1.6792 0.3272, 0.9798 -1.6783 0.3249, 0.9897 -1.5516 0.3161, 0.9879 -1.5517 0.3159, 0.987 -1.5518 0.3156, 0.9842 -1.5523 0.3147, 0.9836 -1.5524 0.3145, 0.9817 -1.5529 0.3134, 0.9798 -1.5535 0.3123, 0.9767 -1.555 0.3093, 0.9758 -1.5557 0.3079, 0.9744 -1.5568 0.3058, 1.0071 -1.5371 0.3045, 1.0067 -1.5377 0.3057, 1.0 -1.5366 0.3052, 1.0181 -1.5407 0.2976, 1.0222 -1.5454 0.3, 1.0203 -1.5437 0.3019, 1.0247 -1.5509 0.3028, 1.025 -1.5526 0.3037, 1.0239 -1.5517 0.306, 0.9753 -1.5509 0.3028, 0.9764 -1.5484 0.3015, 0.9774 -1.5476 0.3039, 1.0 -1.5382 0.3076, 1.0146 -1.547 0.3121, 1.0121 -1.5475 0.3134, 1.0092 -1.5435 0.3114, 1.0153 -1.5439 0.3089, 1.017 -1.5468 0.3104, 1.0072 -1.545 0.3129, 1.0103 -1.5516 0.3161, 1.013 -1.5518 0.3156, 1.0121 -1.5517 0.3159, 0.9942 -1.5392 0.3081, 0.9889 -1.5423 0.3097, 0.9871 -1.5413 0.3076, 0.983 -1.5468 0.3104, 1.0 -1.5424 0.3115, 0.9928 -1.545 0.3129, 0.9908 -1.5435 0.3114, 0.9879 -1.5475 0.3134, 1.0 -1.534 0.2942, 1.0 -1.534 0.2969, 0.9954 -1.5345 0.2945, 0.9956 -1.5344 0.2971, 0.9829 -1.5403 0.3001, 0.982 -1.5406 0.2976, 0.9868 -1.5375 0.2987, 0.9872 -1.5371 0.2958, 0.9911 -1.5355 0.2977, 0.9907 -1.5357 0.2951, 0.9934 -1.5348 0.2946, 1.0 -1.5345 0.2997, 1.0 -1.5353 0.3025, 0.9959 -1.5348 0.2999, 0.9963 -1.5356 0.3027, 0.9917 -1.5358 0.3005, 0.9925 -1.5366 0.3032, 0.9877 -1.5377 0.3014, 0.9888 -1.5383 0.304, 0.984 -1.5403 0.3027, 0.9855 -1.5406 0.3052, 0.9811 -1.5435 0.3044, 0.9797 -1.5437 0.3019, 0.9778 -1.5454 0.3, 0.9819 -1.5407 0.2976, 0.982 -1.5499 0.3119, 0.9797 -1.5503 0.3102, 0.9808 -1.5469 0.3084, 0.9777 -1.5509 0.3081, 0.9789 -1.5471 0.3062, 0.9761 -1.5517 0.306, 0.9828 -1.5436 0.3067, 0.9847 -1.5439 0.3089, 0.9854 -1.547 0.3121, 1.0171 -1.5403 0.3001, 1.018 -1.5406 0.2976, 1.0044 -1.5344 0.2971, 1.0046 -1.5345 0.2945, 1.0066 -1.5348 0.2946, 1.0202 -1.5535 0.3123, 1.0203 -1.5503 0.3102, 1.0206 -1.5537 0.3119, 1.0223 -1.5509 0.3081, 1.0233 -1.555 0.3093, 1.0242 -1.5557 0.3079, 1.0256 -1.5568 0.3058, 1.0181 -1.5468 0.3094, 1.0172 -1.5436 0.3067, 1.0192 -1.5469 0.3084, 1.0189 -1.5435 0.3044, 1.021 -1.5471 0.3062, 1.0226 -1.5476 0.3039, 1.0235 -1.5484 0.3015, 1.0163 -1.5524 0.3145, 1.0182 -1.5529 0.3134, 1.0195 -1.5533 0.3127, 1.0112 -1.5383 0.304, 1.0083 -1.5358 0.3005, 1.0123 -1.5377 0.3014, 1.0089 -1.5355 0.2977, 1.0132 -1.5375 0.2987, 1.0092 -1.5357 0.2951, 1.0128 -1.5371 0.2958, 0.9952 -1.541 0.3101, 1.0 -1.5402 0.3097, 1.0047 -1.541 0.3101, 1.0057 -1.5392 0.3081, 1.0111 -1.5423 0.3097, 1.0099 -1.5392 0.3065, 1.0129 -1.5413 0.3076, 1.0145 -1.5406 0.3052, 1.0159 -1.5403 0.3027, 1.0075 -1.5366 0.3032, 1.0041 -1.5348 0.2999, 1.0037 -1.5356 0.3027, 1.0 -1.5359 0.3039, 0.9967 -1.5368 0.3053, 0.9933 -1.5377 0.3057, 0.99 -1.5392 0.3065, 0.975 -1.5526 0.3037, 1.0121 -1.565 0.3227, 1.0163 -1.5657 0.3213, 1.0202 -1.5668 0.3191, 1.0233 -1.5683 0.3161, 1.0256 -1.5701 0.3126, 1.0121 -1.6217 0.3379, 1.0233 -1.5945 0.3261, 1.0202 -1.5936 0.3293, 1.0256 -1.6757 0.3181, 1.0256 -1.6999 0.3058, 1.0233 -1.702 0.3091, 1.0256 -1.6691 0.3199, 1.0233 -1.6771 0.3218, 1.0256 -1.5955 0.3223, 1.0256 -1.6022 0.3234, 1.0233 -1.6221 0.3305, 1.0256 -1.6223 0.3266, 1.0256 -1.6359 0.3259, 1.0256 -1.6494 0.3252, 1.0163 -1.6218 0.3363, 1.0202 -1.6219 0.3338, 1.0121 -1.6512 0.3363, 1.0163 -1.651 0.3348, 1.0202 -1.6506 0.3323, 1.0233 -1.65 0.3291, 1.0121 -1.5926 0.3332, 1.0163 -1.593 0.3317, 1.0121 -1.6797 0.3287, 1.0202 -1.6783 0.3249, 1.0163 -1.6792 0.3272, 1.0202 -1.7038 0.3119, 1.0163 -1.7052 0.314, 1.0121 -1.706 0.3153, 1.0121 -1.9309 0.1692, 1.0163 -1.9301 0.1679, 1.0202 -1.9287 0.1658, 1.0233 -1.9269 0.1631, 1.0256 -1.9248 0.1598, 1.0256 -1.9519 0.1459, 1.0256 -1.9813 0.138, 1.0233 -1.9819 0.1419, 1.0233 -1.9533 0.1496, 1.0202 -1.9545 0.1527, 1.0163 -1.9554 0.155, 1.0121 -1.956 0.1565, 1.0202 -1.9825 0.1452, 1.0163 -1.9828 0.1477, 1.0121 -1.9831 0.1492, 0.8622 -2.1779 0.1069, 0.8823 -1.9813 0.138, 1.1177 -1.9813 0.138, 1.1378 -2.1779 0.1069, 1.1378 -2.4129 0.0697, 0.8622 -2.4129 0.0697, 0.8622 -2.4203 0.1164, 0.8622 -2.1853 0.1536, 0.9791 -2.2527 0.1535, 0.9727 -2.2523 0.1515, 0.9745 -2.2625 0.1503, 0.9927 -2.2548 0.1545, 0.9924 -2.2529 0.1548, 0.9825 -2.2527 0.1538, 0.9837 -2.2592 0.1531, 0.9876 -2.2651 0.1521, 0.9947 -2.2581 0.154, 0.9935 -2.2566 0.1542, 0.9807 -2.2717 0.1488, 0.9936 -2.2689 0.1515, 0.99 -2.2776 0.1479, 1.0 -2.2701 0.1513, 1.0 -2.2795 0.1476, 1.0064 -2.2689 0.1515, 1.01 -2.2776 0.1479, 1.0123 -2.2651 0.1521, 1.0193 -2.2717 0.1488, 1.0163 -2.2592 0.1531, 1.0255 -2.2625 0.1503, 1.0053 -2.2582 0.154, 1.0118 -2.2944 0.1363, 1.0134 -2.2857 0.1428, 1.0 -2.2882 0.1424, 1.0164 -2.2925 0.1366, 1.0227 -2.29 0.137, 1.0259 -2.2777 0.1441, 1.0322 -2.2828 0.1381, 1.0394 -2.2735 0.1396, 1.0342 -2.2653 0.146, 1.0455 -2.251 0.1432, 1.0367 -2.2518 0.1479, 1.044 -2.2627 0.1413, 1.0419 -2.2676 0.1405, 0.9545 -2.251 0.1432, 0.956 -2.2627 0.1413, 0.9633 -2.2518 0.1479, 0.9658 -2.2653 0.146, 0.9662 -2.252 0.1496, 0.9772 -2.29 0.137, 0.9866 -2.2857 0.1428, 0.9741 -2.2777 0.1441, 0.9581 -2.2676 0.1405, 0.9606 -2.2735 0.1396, 0.9678 -2.2828 0.1381, 0.9835 -2.2925 0.1366, 0.9882 -2.2944 0.1363, 1.0 -2.296 0.136, 1.0337 -2.252 0.1496, 1.0273 -2.2523 0.1515, 1.0209 -2.2527 0.1535, 1.0175 -2.2527 0.1538, 1.0075 -2.2529 0.1548, 1.0073 -2.2548 0.1545, 1.0065 -2.2566 0.1542, 1.0053 -2.2581 0.154, 1.0038 -2.2593 0.1538, 1.0019 -2.2601 0.1537, 1.0 -2.2603 0.1536, 0.998 -2.2601 0.1537, 0.9962 -2.2593 0.1538, 0.9947 -2.2582 0.154, 1.0455 -1.9887 0.1847, 1.0337 -1.9897 0.1911, 1.0209 -1.9904 0.195, 1.0075 -1.9906 0.1964, 1.0075 -1.9569 0.2093, 1.0075 -1.9731 0.2011, 1.0209 -1.9562 0.2082, 1.0209 -1.9726 0.1998, 1.0337 -1.954 0.2048, 1.0337 -1.9712 0.1961, 1.0455 -1.9505 0.1994, 1.0455 -1.9688 0.19, 1.0455 -1.7256 0.3454, 1.0337 -1.7291 0.3509, 1.0209 -1.7313 0.3542, 1.0075 -1.732 0.3553, 1.0455 -1.5487 0.3547, 1.0337 -1.5457 0.3605, 1.0337 -1.5816 0.3742, 1.0209 -1.5439 0.364, 1.0209 -1.5805 0.3781, 1.0075 -1.5433 0.3652, 1.0075 -1.5802 0.3794, 1.0075 -1.5899 0.3809, 1.0209 -1.6193 0.3842, 1.0075 -1.6192 0.3856, 1.0075 -1.6389 0.3845, 1.0209 -1.6585 0.3822, 1.0075 -1.6587 0.3835, 1.0209 -1.6963 0.372, 1.0075 -1.6873 0.3758, 1.0075 -1.6968 0.3733, 1.0337 -1.6195 0.3802, 1.0337 -1.6578 0.3782, 1.0337 -1.6949 0.3683, 1.0455 -1.5833 0.368, 1.0455 -1.6198 0.3738, 1.0455 -1.6568 0.3718, 1.0455 -1.6926 0.3622, 1.0455 -1.5353 0.3479, 1.0336 -1.5325 0.3535, 1.032 -1.5321 0.3543, 1.0075 -1.53 0.3584, 1.0158 -1.5302 0.358, 1.0208 -1.5308 0.3569, 1.044 -1.5249 0.3426, 1.0309 -1.5247 0.3506, 0.9792 -1.5308 0.3569, 0.9842 -1.5302 0.358, 0.9847 -1.5266 0.3561, 1.0073 -1.5282 0.3576, 1.0153 -1.5266 0.3561, 1.0065 -1.5266 0.3567, 1.0137 -1.5232 0.3544, 1.0053 -1.5252 0.356, 1.0112 -1.5202 0.3529, 1.0038 -1.5242 0.3555, 1.0079 -1.518 0.3518, 1.0019 -1.5235 0.3551, 1.0041 -1.5166 0.351, 1.0 -1.5233 0.355, 1.0 -1.5161 0.3508, 0.998 -1.5235 0.3551, 0.9959 -1.5166 0.351, 0.9962 -1.5242 0.3555, 0.9921 -1.518 0.3518, 0.9947 -1.5252 0.356, 0.9888 -1.5202 0.3529, 0.9935 -1.5266 0.3567, 0.9863 -1.5232 0.3544, 0.9927 -1.5282 0.3576, 0.9924 -1.53 0.3584, 0.9663 -1.5325 0.3535, 0.968 -1.5321 0.3543, 0.9691 -1.5247 0.3506, 0.9723 -1.5178 0.347, 0.9774 -1.5119 0.344, 0.984 -1.5074 0.3417, 0.9917 -1.5045 0.3403, 1.0 -1.5036 0.3398, 1.0083 -1.5045 0.3403, 1.016 -1.5074 0.3417, 1.0226 -1.5119 0.344, 1.0277 -1.5178 0.347, 1.0394 -1.5151 0.3376, 1.0322 -1.5067 0.3333, 1.0227 -1.5002 0.33, 1.0118 -1.4962 0.328, 1.0 -1.4948 0.3273, 0.9882 -1.4962 0.328, 0.9772 -1.5002 0.33, 0.9678 -1.5067 0.3333, 0.9606 -1.5151 0.3376, 0.956 -1.5249 0.3426, 0.9545 -1.5353 0.3479, 0.9924 -1.5433 0.3652, 0.9924 -1.732 0.3553, 0.9924 -1.6968 0.3733, 0.9924 -1.6873 0.3758, 0.9924 -1.6587 0.3835, 0.9924 -1.6389 0.3845, 0.9924 -1.6192 0.3856, 0.9924 -1.5899 0.3809, 0.9924 -1.5802 0.3794, 0.9924 -1.9569 0.2093, 0.9924 -1.9906 0.1964, 0.9924 -1.9731 0.2011, 0.9545 -1.9887 0.1847, 0.9662 -1.9897 0.1911, 0.9791 -1.9904 0.195, 1.1378 -2.4203 0.1164, 0.8823 -1.9887 0.1847, 1.1177 -1.9887 0.1847, 1.1378 -2.1853 0.1536, 0.9016 -1.8301 0.2776, 0.9016 -1.7256 0.3454, 0.9016 -1.8043 0.238, 0.9016 -1.6999 0.3058, 0.8871 -1.9248 0.1598, 0.8871 -1.9505 0.1994, 0.8847 -1.9522 0.1458, 0.8847 -1.9688 0.19, 0.8847 -1.9519 0.146, 0.887 -1.9253 0.1594, 1.1129 -1.9248 0.1598, 1.1153 -1.9519 0.1459, 0.8847 -1.9519 0.146, 1.0984 -1.5701 0.3126, 1.0984 -1.6021 0.3239, 1.0984 -1.6359 0.3266, 1.0984 -1.6693 0.3204, 0.9016 -1.5701 0.3126, 0.9016 -1.6021 0.3239, 0.9016 -1.6359 0.3266, 0.9016 -1.6693 0.3204, 0.9016 -1.5042 0.279, 1.0984 -1.5042 0.279, 0.9041 -1.4866 0.2701, 0.9027 -1.4924 0.273, 1.0973 -1.4924 0.273, 1.0959 -1.4866 0.2701, 1.059 -1.4337 0.2621, 1.0693 -1.4408 0.2632, 0.9132 -1.4621 0.2664, 0.9173 -1.4562 0.2655, 1.0518 -1.4311 0.2617, 1.0197 -1.4251 0.2608, 1.0328 -1.4265 0.261, 0.9306 -1.4411 0.2632, 0.9087 -1.4743 0.2682, 0.9351 -1.4373 0.2626, 0.9478 -1.4308 0.2617, 0.9238 -1.447 0.2641, 1.042 -1.4275 0.2612, 1.083 -1.4562 0.2655, 1.0903 -1.4696 0.2675, 1.0918 -1.4741 0.2682, 0.9493 -1.4301 0.2616, 0.9658 -1.426 0.2609, 0.9671 -1.426 0.2609, 0.9803 -1.4251 0.2608, 1.0712 -1.4421 0.2634, 1.0817 -1.4539 0.2651, 1.0197 -1.4126 0.2854, 0.9803 -1.4126 0.2854, 1.0329 -1.4136 0.2859, 1.0514 -1.4185 0.2884, 1.0681 -1.4274 0.2929, 1.0818 -1.4396 0.2991, 1.0917 -1.4544 0.3067, 1.0973 -1.471 0.3151, 1.0984 -1.4827 0.3211, 1.0984 -1.5487 0.3547, 1.0984 -1.6926 0.3622, 1.0984 -1.6568 0.3718, 1.0984 -1.6198 0.3738, 1.0984 -1.5833 0.368, 0.9545 -1.7256 0.3454, 0.9545 -1.6926 0.3622, 0.9016 -1.6926 0.3622, 0.9545 -1.6568 0.3718, 0.9016 -1.6568 0.3718, 0.9545 -1.6198 0.3738, 0.9016 -1.6198 0.3738, 0.9545 -1.5833 0.368, 0.9016 -1.5833 0.368, 0.9545 -1.5487 0.3547, 0.9016 -1.5487 0.3547, 0.9016 -1.4827 0.3211, 0.9485 -1.4185 0.2884, 0.9027 -1.471 0.3151, 0.9083 -1.4544 0.3067, 0.9182 -1.4396 0.2991, 0.9319 -1.4274 0.2929, 0.9671 -1.4136 0.2859, 0.9662 -1.5457 0.3605, 0.9791 -1.5439 0.364, 0.9791 -1.6193 0.3842, 0.9791 -1.5805 0.3781, 0.9662 -1.6578 0.3782, 0.9662 -1.6195 0.3802, 0.9662 -1.5816 0.3742, 0.9662 -1.6949 0.3683, 0.9662 -1.7291 0.3509, 0.9791 -1.6585 0.3822, 0.9791 -1.6963 0.372, 0.9791 -1.7313 0.3542, 0.9545 -1.9505 0.1994, 0.9662 -1.954 0.2048, 0.9791 -1.9562 0.2082, 0.9545 -1.9688 0.19, 0.9662 -1.9712 0.1961, 0.9791 -1.9726 0.1998, 1.1129 -1.9505 0.1994, 1.1149 -1.9653 0.1915, 1.1153 -1.969 0.1904, 1.1153 -1.969 0.1904, 1.1378 -2.448 0.0669, 1.1378 -2.448 0.1142, 0.8622 -2.5937 0.0669, 0.8622 -2.448 0.0669, 0.8622 -2.448 0.1142, 0.8622 -2.5937 0.1142, 0.8622 -2.633 0.0669, 0.8622 -2.633 0.1142, 0.8609 -2.6432 0.1142, 0.8609 -2.6432 0.0669, 0.8569 -2.6527 0.1142, 0.8569 -2.6527 0.0669, 0.8507 -2.6609 0.1142, 0.8507 -2.6609 0.0669, 0.8425 -2.6671 0.1142, 0.8425 -2.6671 0.0669, 0.833 -2.6711 0.1142, 0.833 -2.6711 0.0669, 0.8228 -2.6724 0.1142, 0.8228 -2.6724 0.0669, 0.7972 -2.6793 0.1142, 0.8096 -2.6742 0.1142, 0.7866 -2.6874 0.1142, 0.7785 -2.698 0.1142, 0.7734 -2.7103 0.1142, 0.7734 -2.7103 0.0669, 0.7785 -2.698 0.0669, 0.7866 -2.6874 0.0669, 0.7972 -2.6793 0.0669, 0.8096 -2.6742 0.0669, 1.3484 2.3246 0.1142, 1.1516 2.3246 0.1142, 1.1516 2.3463 0.1117, 1.1516 2.3668 0.1042, 1.1516 2.385 0.0923, 1.1516 2.4001 0.0765, 1.3484 2.3463 0.1117, 1.3484 2.3668 0.1042, 1.3484 2.385 0.0923, 1.3484 2.4001 0.0765, 1.3484 2.3702 0.0376, 1.3484 2.408 0.0661, 1.1516 2.408 0.0661, 1.1516 2.3702 0.0376, 1.1516 2.4457 0.0, 1.3484 2.4457 0.0, 1.3484 2.424 0.0025, 1.1516 2.424 0.0025, 1.3484 2.4035 0.0099, 1.1516 2.4035 0.0099, 1.3484 2.3853 0.0218, 1.1516 2.3853 0.0218, 1.3484 2.6622 0.0, 1.1516 2.6622 0.0, 1.1516 2.6622 0.0472, 1.3484 2.6622 0.0472, 1.3484 2.4457 0.0472, 1.3484 2.4155 0.0582, 1.3484 2.4246 0.0522, 1.3484 2.4349 0.0485, 1.1516 2.4155 0.0582, 1.1516 2.4246 0.0522, 1.1516 2.4349 0.0485, 1.1516 2.4457 0.0472, -0.3484 2.3601 0.0498, -0.1516 2.3601 0.0498, -0.3484 2.3526 0.057, -0.1516 2.3526 0.057, -0.3484 2.3438 0.0624, -0.1516 2.3438 0.0624, -0.3484 2.334 0.0658, -0.1516 2.334 0.0658, -0.3484 2.3236 0.0669, -0.1516 2.3236 0.0669, -0.441 -0.3102 0.1142, -0.441 1.9989 0.1142, -0.441 -0.3102 0.0669, -0.441 1.9989 0.0669, -0.4389 -0.3255 0.0669, -0.4389 -0.3255 0.1142, -0.433 -0.3397 0.0669, -0.433 -0.3397 0.1142, -0.4237 -0.352 0.0669, -0.4237 -0.352 0.1142, -0.4114 -0.3614 0.0669, -0.4114 -0.3614 0.1142, -0.3972 -0.3673 0.0669, -0.3972 -0.3673 0.1142, -0.3819 -0.3693 0.0669, -0.3819 -0.3693 0.1142, 0.0787 -0.3693 0.1142, 0.0787 -0.3693 0.0669, 0.094 -0.3673 0.0669, 0.094 -0.3673 0.1142, 0.1083 -0.3614 0.0669, 0.1083 -0.3614 0.1142, 0.1205 -0.352 0.0669, 0.1205 -0.352 0.1142, 0.1299 -0.3397 0.0669, 0.1299 -0.3397 0.1142, 0.1358 -0.3255 0.0669, 0.1358 -0.3255 0.1142, 0.1378 -0.3102 0.0669, 0.1378 -0.3102 0.1142, 0.1378 0.0323 0.1142, 0.1378 0.0323 0.0669, 0.013 1.2234 0.3061, 0.0138 1.2238 0.3049, 0.0167 1.2209 0.3064, 0.0104 1.226 0.3038, 0.0072 1.2279 0.3017, 0.0075 1.2282 0.3003, 0.0114 1.2266 0.3012, 0.0066 1.229 0.2946, 0.0084 1.2283 0.2949, 0.0081 1.2285 0.2976, 0.0233 1.2088 0.3093, 0.0226 1.2091 0.31, 0.0222 1.2133 0.3079, -0.0233 1.2088 0.3093, -0.0242 1.2081 0.3079, -0.0238 1.2125 0.3057, -0.0256 1.207 0.3058, -0.0119 1.2167 0.3132, -0.013 1.2119 0.3156, -0.0158 1.2115 0.3147, -0.0038 1.2182 0.3134, -0.0053 1.2171 0.3139, -0.0069 1.2191 0.3127, -0.0148 1.2205 0.3086, -0.0123 1.223 0.3073, -0.0105 1.222 0.3094, 0.0053 1.2171 0.3139, 0.005 1.2173 0.3138, 0.0069 1.2191 0.3127, 0.0043 1.223 0.3101, 0.0087 1.2206 0.3112, 0.0148 1.2205 0.3086, 0.0167 1.2175 0.3101, 0.0144 1.2172 0.3118, 0.0182 1.2108 0.3134, 0.0163 1.2114 0.3145, 0.0179 1.2142 0.3118, 0.0157 1.2115 0.3147, 0.0119 1.2167 0.3132, 0.0103 1.2122 0.3161, 0.0094 1.216 0.3143, 0.0121 1.2121 0.3159, 0.013 1.2119 0.3156, 0.0075 1.2123 0.3163, 0.0073 1.2141 0.3155, 0.0068 1.215 0.315, 0.0105 1.222 0.3094, 0.0052 1.2248 0.308, 0.0122 1.223 0.3073, 0.0065 1.2157 0.3146, -0.0 1.2214 0.3115, -0.0044 1.223 0.3101, -0.0 1.2236 0.3097, -0.0053 1.2248 0.308, -0.0 1.2256 0.3076, -0.0 1.2272 0.3052, -0.0061 1.2263 0.3056, -0.0093 1.225 0.3063, -0.0168 1.2175 0.3101, -0.0087 1.2206 0.3112, -0.002 1.2188 0.313, -0.0183 1.2108 0.3134, -0.018 1.2142 0.3118, -0.0164 1.2114 0.3145, -0.0144 1.2172 0.3118, -0.0 1.2298 0.2942, -0.0 1.2298 0.2969, -0.0041 1.2293 0.2944, -0.0039 1.2295 0.2971, -0.0066 1.229 0.2946, -0.0081 1.2285 0.2976, -0.0197 1.2209 0.3015, -0.0181 1.2231 0.2976, -0.0163 1.2242 0.2998, -0.017 1.2239 0.2972, -0.0123 1.2268 0.2985, -0.0128 1.2267 0.2958, -0.0085 1.2283 0.2949, -0.0222 1.2169 0.3035, -0.0222 1.2184 0.3, -0.0205 1.2203 0.299, -0.0249 1.2116 0.3035, -0.0247 1.2129 0.3028, -0.0232 1.2162 0.3011, -0.0226 1.2091 0.31, -0.0222 1.2133 0.3079, -0.0207 1.2173 0.3059, -0.0183 1.221 0.304, -0.0151 1.2242 0.3024, -0.0115 1.2266 0.3012, -0.0076 1.2282 0.3003, -0.0037 1.2291 0.2999, -0.0 1.2293 0.2997, 0.0256 1.207 0.3058, 0.0242 1.2081 0.3079, 0.0249 1.2116 0.3035, 0.0238 1.2125 0.3057, 0.0247 1.2129 0.3028, 0.0222 1.2169 0.3035, 0.0232 1.2162 0.3011, 0.0162 1.2242 0.2998, 0.0181 1.2231 0.2976, 0.0196 1.2209 0.3015, 0.0205 1.2203 0.299, 0.0222 1.2184 0.3, 0.0123 1.2268 0.2985, 0.0128 1.2267 0.2958, 0.017 1.2239 0.2972, 0.0151 1.2242 0.3024, 0.0183 1.221 0.304, 0.0207 1.2173 0.3059, 0.0069 1.2274 0.3031, 0.0065 1.2269 0.3044, 0.0061 1.2263 0.3056, 0.0189 1.2175 0.3081, 0.0202 1.2138 0.31, 0.0202 1.2103 0.3123, -0.0202 1.2103 0.3123, -0.0202 1.2138 0.31, -0.0189 1.2175 0.3081, -0.0167 1.2209 0.3064, -0.0138 1.2238 0.3049, -0.0104 1.226 0.3038, -0.0069 1.2274 0.3031, -0.0034 1.2282 0.3026, -0.0 1.229 0.3011, 0.0037 1.2291 0.2999, 0.0039 1.2295 0.2971, 0.0041 1.2293 0.2944, -0.0065 1.2157 0.3146, -0.0073 1.2141 0.3155, -0.0094 1.216 0.3143, -0.0121 1.2121 0.3159, -0.0103 1.2122 0.3161, -0.0076 1.2123 0.3163, 0.0038 1.2182 0.3134, 0.0019 1.2188 0.313, -0.0 1.2191 0.3129, -0.0 1.2285 0.3025, 0.0455 0.8133 0.1994, 0.0455 1.0382 0.3454, 0.0337 1.0347 0.3509, 0.0337 0.8097 0.2048, 0.0209 1.0325 0.3542, 0.0209 0.8076 0.2082, 0.0075 1.0317 0.3553, 0.0075 0.8068 0.2093, -0.0338 1.2314 0.3537, -0.0273 1.2323 0.3555, -0.0251 1.2423 0.3507, -0.0209 1.2332 0.3572, -0.0175 1.2333 0.3575, -0.0161 1.2398 0.3545, 0.0209 1.2332 0.3572, 0.0273 1.2323 0.3555, 0.0251 1.2423 0.3507, 0.0075 1.2338 0.3584, 0.0175 1.2333 0.3575, 0.0073 1.2355 0.3576, 0.016 1.2398 0.3545, 0.0068 1.2365 0.3571, 0.0058 1.2482 0.3503, 0.0025 1.2401 0.3552, 0.0038 1.2396 0.3555, 0.0117 1.2451 0.3518, 0.0053 1.2385 0.356, 0.0065 1.2372 0.3567, -0.0038 1.2396 0.3555, -0.0059 1.2482 0.3503, -0.0053 1.2385 0.356, -0.0117 1.2451 0.3518, -0.0065 1.2372 0.3567, -0.0069 1.2365 0.3571, -0.0183 1.2506 0.3465, -0.0091 1.2555 0.344, -0.0 1.2569 0.3433, -0.0 1.2491 0.3498, 0.0091 1.2555 0.344, 0.0183 1.2506 0.3465, -0.0118 1.2676 0.328, -0.0123 1.2617 0.3366, -0.0 1.2636 0.3357, -0.015 1.2664 0.3286, -0.0228 1.2636 0.33, -0.0246 1.2552 0.34, -0.0303 1.2584 0.3326, -0.0322 1.2571 0.3333, -0.0443 1.2367 0.3437, -0.0361 1.2374 0.349, -0.044 1.2389 0.3426, -0.0337 1.244 0.3456, -0.0365 1.2521 0.3358, -0.0298 1.2501 0.3426, -0.0394 1.2487 0.3376, -0.0413 1.2447 0.3396, 0.044 1.2389 0.3426, 0.0413 1.2447 0.3396, 0.0337 1.244 0.3456, 0.0394 1.2487 0.3376, 0.0298 1.2501 0.3426, 0.0367 1.2306 0.3522, 0.0455 1.2284 0.3479, 0.0361 1.2374 0.349, 0.0443 1.2367 0.3437, 0.0227 1.2636 0.33, 0.0123 1.2617 0.3366, 0.0246 1.2552 0.34, 0.0365 1.2521 0.3358, 0.0322 1.2571 0.3333, 0.0302 1.2584 0.3326, 0.0337 1.2314 0.3537, 0.015 1.2664 0.3286, 0.0118 1.2676 0.328, -0.0 1.269 0.3273, -0.0076 1.2338 0.3584, -0.0073 1.2355 0.3576, -0.0025 1.2401 0.3552, -0.002 1.2403 0.3551, -0.0 1.2405 0.355, 0.0019 1.2403 0.3551, -0.0367 1.2306 0.3522, -0.0455 1.2284 0.3479, -0.0455 1.2151 0.3547, -0.0338 1.218 0.3605, -0.0209 1.2199 0.364, -0.0076 1.2205 0.3652, 0.0075 1.2205 0.3652, 0.0455 1.2151 0.3547, 0.0337 1.218 0.3605, 0.0209 1.2199 0.364, 0.0337 1.196 0.37, 0.0209 1.1973 0.3737, 0.0075 1.1978 0.375, 0.0337 1.1491 0.3799, 0.0455 1.1715 0.3701, 0.0337 1.1729 0.3765, 0.0455 1.1804 0.3676, 0.0455 1.1938 0.3639, 0.0337 1.1251 0.3802, 0.0455 1.1439 0.3735, 0.0455 1.1486 0.3735, 0.0337 1.0779 0.3715, 0.0455 1.1024 0.371, 0.0337 1.1012 0.3774, 0.0455 1.107 0.3716, 0.0455 1.1254 0.3738, 0.0075 1.174 0.3817, 0.0209 1.1737 0.3804, 0.0075 1.1495 0.3852, 0.0209 1.1494 0.3839, 0.0075 1.1248 0.3856, 0.0209 1.1249 0.3842, 0.0075 1.1002 0.3827, 0.0209 1.1005 0.3813, 0.0075 1.0763 0.3766, 0.0209 1.0767 0.3753, 0.0455 1.0584 0.3568, 0.0455 1.0713 0.3619, 0.0455 1.0799 0.3653, 0.0075 1.0533 0.3674, 0.0209 1.0539 0.3662, 0.0337 1.0556 0.3626, -0.0814 1.3078 0.2655, -0.0818 1.3071 0.2656, -0.0818 1.3242 0.2991, -0.0973 1.2714 0.273, -0.0984 1.2596 0.279, -0.0973 1.2928 0.3151, -0.0984 1.281 0.3211, -0.0959 1.2771 0.2701, -0.0917 1.3093 0.3067, -0.0915 1.2896 0.2682, -0.0901 1.2935 0.2676, -0.0681 1.3364 0.2929, -0.0515 1.3452 0.2884, -0.0513 1.3315 0.2619, -0.0573 1.3288 0.2623, -0.068 1.3212 0.2634, -0.0698 1.3199 0.2636, -0.0329 1.3502 0.2859, -0.0197 1.3512 0.2854, -0.0197 1.3387 0.2608, -0.0268 1.3384 0.2608, -0.0328 1.3372 0.261, -0.0425 1.3353 0.2613, -0.0984 1.2151 0.3547, -0.0984 1.1937 0.3126, 0.0256 1.1937 0.3126, 0.0984 1.1937 0.3126, 0.0256 1.1683 0.3223, 0.0984 1.1617 0.3239, 0.0256 1.1616 0.3234, 0.0256 1.1415 0.3266, 0.0984 1.1279 0.3266, 0.0256 1.1279 0.3259, 0.0256 1.1143 0.3252, 0.0984 1.0945 0.3204, 0.0256 1.0947 0.3199, 0.0256 1.0881 0.3181, 0.0984 1.0639 0.3058, 0.0256 1.0639 0.3058, -0.0256 1.1937 0.3126, -0.0256 1.1683 0.3223, -0.0984 1.1617 0.3239, -0.0256 1.1616 0.3234, -0.0256 1.1415 0.3266, -0.0984 1.1279 0.3266, -0.0256 1.1279 0.3259, -0.0256 1.1143 0.3252, -0.0984 1.0945 0.3204, -0.0256 1.0639 0.3058, -0.0984 1.0639 0.3058, -0.0256 1.0881 0.3181, -0.0256 1.0947 0.3199, -0.0984 0.9337 0.2776, -0.0984 1.0382 0.3454, -0.0984 0.9594 0.238, -0.0984 1.0712 0.3622, -0.0984 1.1805 0.368, -0.0984 1.1439 0.3738, -0.0984 1.107 0.3718, 0.0984 1.0382 0.3454, 0.0984 1.0712 0.3622, 0.0984 1.107 0.3718, 0.0984 1.1439 0.3738, 0.0984 1.1805 0.368, 0.0984 1.2151 0.3547, -0.0455 1.0713 0.3619, -0.0455 1.0584 0.3568, -0.0455 1.0382 0.3454, -0.0455 1.0799 0.3653, -0.0455 1.1024 0.371, -0.0455 1.1439 0.3735, -0.0455 1.1254 0.3738, -0.0455 1.107 0.3716, -0.0455 1.1486 0.3735, -0.0455 1.1715 0.3701, -0.0455 1.1938 0.3639, -0.0455 1.1804 0.3676, 0.0984 0.9337 0.2776, 0.0984 0.9594 0.238, 0.0984 1.2596 0.279, 0.0984 1.281 0.3211, 0.0973 1.2928 0.3151, 0.0917 1.3093 0.3067, 0.0818 1.3242 0.2991, 0.0681 1.3364 0.2929, 0.0514 1.3452 0.2884, 0.0329 1.3502 0.2859, 0.0197 1.3512 0.2854, 0.0197 1.3387 0.2608, 0.0959 1.2771 0.2701, 0.0774 1.3125 0.2647, 0.0816 1.3069 0.2656, 0.0328 1.3373 0.261, 0.0871 1.2993 0.2667, 0.0914 1.2896 0.2682, 0.0939 1.2841 0.269, 0.0515 1.3318 0.2618, 0.0511 1.332 0.2618, 0.036 1.337 0.2611, 0.0651 1.3237 0.2631, 0.0679 1.3211 0.2634, 0.0973 1.2714 0.273, 0.0121 1.1988 0.3227, 0.0075 1.199 0.3231, 0.0163 1.1981 0.3213, 0.0202 1.1969 0.3191, 0.0233 1.1954 0.3161, -0.0076 1.199 0.3231, -0.0121 1.1988 0.3227, -0.0164 1.1981 0.3213, -0.0202 1.1969 0.3191, -0.0233 1.1954 0.3161, -0.0233 1.1417 0.3305, -0.0121 1.1712 0.3332, -0.0164 1.1708 0.3317, -0.0076 1.0839 0.3292, -0.0076 1.0575 0.3157, -0.0121 1.0578 0.3153, -0.0076 1.091 0.3311, -0.0121 1.0841 0.3287, -0.0076 1.1714 0.3338, -0.0076 1.164 0.3349, -0.0121 1.1421 0.3379, -0.0076 1.1421 0.3384, -0.0076 1.1273 0.3376, -0.0076 1.1125 0.3368, -0.0202 1.1418 0.3338, -0.0164 1.142 0.3363, -0.0233 1.1137 0.3291, -0.0202 1.1132 0.3323, -0.0164 1.1128 0.3348, -0.0121 1.1126 0.3363, -0.0233 1.1693 0.3261, -0.0202 1.1702 0.3293, -0.0233 1.0867 0.3218, -0.0164 1.0846 0.3272, -0.0202 1.0855 0.3249, -0.0164 1.0586 0.314, -0.0202 1.06 0.3119, -0.0233 1.0618 0.3091, -0.0076 0.8326 0.1697, -0.0121 0.8329 0.1692, -0.0164 0.8337 0.1679, -0.0202 0.8351 0.1658, -0.0233 0.8369 0.1631, -0.0256 0.839 0.1598, -0.0038 0.5118 0.1071, -0.005 0.5128 0.1073, 0.0075 0.5183 0.1082, -0.002 0.5111 0.107, -0.0053 0.513 0.1073, -0.0065 0.5146 0.1076, -0.0069 0.5153 0.1077, -0.0076 0.7806 0.1497, 0.0075 0.7806 0.1497, -0.0076 0.5183 0.1082, -0.0073 0.5164 0.1079, 0.0073 0.5164 0.1079, 0.0019 0.5111 0.107, -0.0 0.5108 0.107, 0.0065 0.5146 0.1076, 0.0053 0.513 0.1073, 0.0038 0.5118 0.1071, -0.0131 0.5046 0.1019, -0.0138 0.5039 0.1008, -0.0167 0.5071 0.1013, -0.0104 0.5015 0.1004, -0.0072 0.499 0.099, -0.0076 0.4983 0.0978, -0.0115 0.5001 0.0981, -0.0066 0.4957 0.0926, -0.0085 0.4965 0.0928, -0.0081 0.4971 0.0953, -0.0233 0.5195 0.1004, -0.0226 0.5194 0.1011, -0.0222 0.5148 0.1005, 0.0233 0.5195 0.1004, 0.0242 0.5198 0.0988, 0.0238 0.5149 0.0981, 0.0256 0.5202 0.0965, 0.0119 0.5132 0.1066, 0.013 0.5184 0.1073, 0.0157 0.5186 0.1063, 0.0069 0.5108 0.1068, 0.0148 0.5081 0.1033, 0.0122 0.5053 0.1029, 0.0105 0.507 0.1046, -0.0069 0.5108 0.1068, -0.0044 0.5063 0.1055, -0.0087 0.5088 0.1059, -0.0148 0.5081 0.1033, -0.0168 0.5115 0.1038, -0.0144 0.5123 0.1054, -0.0183 0.5188 0.1049, -0.0164 0.5186 0.1061, -0.018 0.5151 0.1044, -0.0158 0.5186 0.1063, -0.0119 0.5132 0.1066, -0.0103 0.5184 0.1079, -0.0094 0.5142 0.1073, -0.0121 0.5184 0.1076, -0.013 0.5184 0.1073, -0.0105 0.507 0.1046, -0.0053 0.5039 0.1041, -0.0123 0.5053 0.1029, -0.0 0.5082 0.1064, 0.0043 0.5063 0.1055, -0.0 0.5055 0.1053, 0.0052 0.5039 0.1041, -0.0 0.503 0.1039, -0.0 0.5007 0.1021, 0.0061 0.5017 0.1023, 0.0093 0.5032 0.1025, 0.0167 0.5115 0.1038, 0.0087 0.5088 0.1059, 0.0182 0.5188 0.1049, 0.0179 0.5151 0.1044, 0.0163 0.5186 0.1061, 0.0144 0.5123 0.1054, -0.0 0.4949 0.0925, -0.0 0.4957 0.0951, 0.0041 0.4954 0.0926, 0.0039 0.4961 0.0952, 0.0066 0.4957 0.0926, 0.0081 0.4971 0.0953, 0.0196 0.5056 0.0967, 0.0181 0.5023 0.0937, 0.0162 0.5019 0.0961, 0.017 0.5015 0.0935, 0.0123 0.499 0.0956, 0.0128 0.4983 0.093, 0.0084 0.4965 0.0928, 0.0222 0.51 0.0974, 0.0222 0.5075 0.0945, 0.0205 0.5054 0.0942, 0.0249 0.515 0.0957, 0.0247 0.5136 0.0955, 0.0232 0.51 0.0949, 0.0226 0.5194 0.1011, 0.0222 0.5148 0.1005, 0.0207 0.5103 0.0997, 0.0183 0.5062 0.0991, 0.0151 0.5027 0.0985, 0.0114 0.5001 0.0981, 0.0075 0.4983 0.0978, 0.0037 0.4973 0.0977, -0.0 0.497 0.0976, -0.0256 0.5202 0.0965, -0.0242 0.5198 0.0988, -0.0249 0.515 0.0957, -0.0238 0.5149 0.0981, -0.0247 0.5136 0.0955, -0.0222 0.51 0.0974, -0.0232 0.51 0.0949, -0.0163 0.5019 0.0961, -0.0181 0.5023 0.0937, -0.0197 0.5056 0.0967, -0.0205 0.5054 0.0942, -0.0222 0.5075 0.0945, -0.0123 0.499 0.0956, -0.0128 0.4983 0.093, -0.017 0.5015 0.0935, -0.0151 0.5027 0.0985, -0.0183 0.5062 0.0991, -0.0207 0.5103 0.0997, -0.0069 0.4998 0.1002, -0.0065 0.5008 0.1013, -0.0061 0.5017 0.1023, -0.0189 0.5108 0.1019, -0.0202 0.5149 0.1026, -0.0202 0.519 0.1037, 0.0202 0.519 0.1037, 0.0202 0.5149 0.1026, 0.0189 0.5108 0.1019, 0.0167 0.5071 0.1013, 0.0138 0.5039 0.1008, 0.0104 0.5015 0.1004, 0.0069 0.4998 0.1002, 0.0033 0.499 0.1, -0.0 0.4978 0.0988, -0.0037 0.4973 0.0977, -0.0039 0.4961 0.0952, -0.0041 0.4954 0.0926, 0.0094 0.5142 0.1073, 0.0121 0.5184 0.1076, 0.0103 0.5184 0.1079, -0.0 0.4987 0.1, -0.0121 0.7807 0.1492, -0.0164 0.7809 0.1477, -0.0202 0.7813 0.1452, -0.0233 0.7818 0.1419, -0.0256 0.7825 0.138, -0.0076 0.8076 0.157, -0.0121 0.8078 0.1565, -0.0164 0.8084 0.155, -0.0202 0.8093 0.1527, -0.0233 0.8105 0.1496, -0.0256 0.8119 0.1459, 0.0075 0.8326 0.1697, 0.0075 0.8076 0.157, 0.0075 1.0575 0.3157, 0.0075 1.1714 0.3338, 0.0075 1.164 0.3349, 0.0075 1.1421 0.3384, 0.0075 1.1273 0.3376, 0.0075 1.1125 0.3368, 0.0075 1.091 0.3311, 0.0075 1.0839 0.3292, 0.0121 1.1421 0.3379, 0.0233 1.1693 0.3261, 0.0202 1.1702 0.3293, 0.0233 1.0618 0.3091, 0.0233 1.0867 0.3218, 0.0233 1.1417 0.3305, 0.0163 1.142 0.3363, 0.0202 1.1418 0.3338, 0.0121 1.1126 0.3363, 0.0163 1.1128 0.3348, 0.0202 1.1132 0.3323, 0.0233 1.1137 0.3291, 0.0121 1.1712 0.3332, 0.0163 1.1708 0.3317, 0.0121 1.0841 0.3287, 0.0202 1.0855 0.3249, 0.0163 1.0846 0.3272, 0.0202 1.06 0.3119, 0.0163 1.0586 0.314, 0.0121 1.0578 0.3153, 0.0121 0.8329 0.1692, 0.0163 0.8337 0.1679, 0.0202 0.8351 0.1658, 0.0233 0.8369 0.1631, 0.0256 0.839 0.1598, 0.0256 0.8119 0.1459, 0.0256 0.7825 0.138, 0.0233 0.7818 0.1419, 0.0233 0.8105 0.1496, 0.0202 0.8093 0.1527, 0.0163 0.8084 0.155, 0.0121 0.8078 0.1565, 0.0202 0.7813 0.1452, 0.0163 0.7809 0.1477, 0.0121 0.7807 0.1492, -0.1378 0.3509 0.0697, 0.1378 0.3509 0.0697, 0.1177 0.7825 0.138, 0.1378 0.5863 0.107, -0.1378 0.5863 0.107, -0.1177 0.7825 0.138, 0.1129 0.839 0.1598, 0.1153 0.8119 0.1459, -0.1129 0.839 0.1598, -0.1142 0.8251 0.1518, -0.1153 0.8117 0.1463, -0.116 0.8043 0.1433, -0.1129 0.8133 0.1994, -0.1153 0.7949 0.19, -0.1177 0.7751 0.1847, -0.1153 0.8117 0.1463, -0.1378 0.5789 0.1536, -0.1378 0.3435 0.1164, 0.0337 0.5117 0.1496, 0.0273 0.5114 0.1515, 0.0251 0.5004 0.1501, 0.0209 0.5111 0.1535, 0.0175 0.5111 0.1538, 0.016 0.504 0.153, -0.0209 0.5111 0.1535, -0.0273 0.5114 0.1515, -0.0251 0.5004 0.1501, -0.0076 0.5109 0.1548, -0.0175 0.5111 0.1538, -0.0073 0.509 0.1545, -0.0161 0.504 0.153, -0.0069 0.5079 0.1544, -0.0059 0.4947 0.1515, -0.0025 0.5039 0.1537, -0.0038 0.5045 0.1538, -0.0117 0.4981 0.152, -0.0053 0.5056 0.154, -0.0065 0.5072 0.1542, 0.0038 0.5045 0.1538, 0.0058 0.4947 0.1515, 0.0053 0.5056 0.154, 0.0117 0.4981 0.152, 0.0065 0.5072 0.1542, 0.0068 0.5079 0.1544, 0.0183 0.4912 0.1487, 0.0091 0.4858 0.1478, -0.0 0.4843 0.1476, -0.0 0.4937 0.1513, -0.0091 0.4858 0.1478, -0.0183 0.4912 0.1487, 0.0118 0.4693 0.1363, 0.0123 0.4776 0.1427, -0.0 0.4756 0.1424, 0.015 0.4707 0.1365, 0.0227 0.4738 0.137, 0.0246 0.4849 0.1439, 0.0302 0.4795 0.1379, 0.0322 0.481 0.1381, 0.0443 0.5036 0.1417, 0.0361 0.5045 0.147, 0.044 0.5011 0.1413, 0.0337 0.4972 0.1458, 0.0365 0.4865 0.139, 0.0298 0.4905 0.1448, 0.0394 0.4903 0.1396, 0.0413 0.4947 0.1403, -0.044 0.5011 0.1413, -0.0413 0.4947 0.1403, -0.0337 0.4972 0.1458, -0.0394 0.4903 0.1396, -0.0298 0.4905 0.1448, -0.0367 0.512 0.1479, -0.0455 0.5128 0.1432, -0.0361 0.5045 0.147, -0.0443 0.5036 0.1417, -0.0228 0.4738 0.137, -0.0123 0.4776 0.1427, -0.0246 0.4849 0.1439, -0.0365 0.4865 0.139, -0.0322 0.481 0.1381, -0.0303 0.4795 0.1379, -0.0338 0.5117 0.1496, -0.015 0.4707 0.1365, -0.0118 0.4693 0.1363, -0.0 0.4678 0.136, 0.0075 0.5109 0.1548, 0.0073 0.509 0.1545, 0.0025 0.5039 0.1537, 0.0019 0.5037 0.1537, -0.0 0.5035 0.1536, -0.002 0.5037 0.1537, 0.0367 0.512 0.1479, 0.0455 0.5128 0.1432, 0.0075 0.7732 0.1964, -0.0076 0.7732 0.1964, -0.0455 0.7751 0.1847, -0.0338 0.774 0.1911, -0.0209 0.7734 0.195, 0.1378 0.5789 0.1536, 0.1177 0.7751 0.1847, 0.0455 0.7751 0.1847, 0.1378 0.3435 0.1164, 0.0337 0.774 0.1911, 0.0209 0.7734 0.195, 0.0075 0.7907 0.2011, 0.0209 0.7912 0.1998, 0.0337 0.7926 0.1961, 0.0455 0.7949 0.19, -0.0076 0.7907 0.2011, -0.0076 0.8068 0.2093, -0.0076 1.0317 0.3553, -0.0076 1.0533 0.3674, -0.0076 1.0763 0.3766, -0.0076 1.1002 0.3827, -0.0076 1.1248 0.3856, -0.0076 1.1495 0.3852, -0.0076 1.174 0.3817, -0.0076 1.1978 0.375, -0.0209 1.1973 0.3737, -0.0338 1.196 0.37, -0.0338 1.1729 0.3765, -0.0338 1.1491 0.3799, -0.0338 1.1251 0.3802, -0.0338 1.1012 0.3774, -0.0338 1.0779 0.3715, -0.0338 1.0556 0.3626, -0.0338 1.0347 0.3509, -0.0209 1.1737 0.3804, -0.0209 1.1494 0.3839, -0.0209 1.1249 0.3842, -0.0209 1.1005 0.3813, -0.0209 1.0767 0.3753, -0.0209 1.0539 0.3662, -0.0209 1.0325 0.3542, -0.0455 0.8133 0.1994, -0.0338 0.8097 0.2048, -0.0209 0.8076 0.2082, -0.0455 0.7949 0.19, -0.0338 0.7926 0.1961, -0.0209 0.7912 0.1998, 0.1129 0.8133 0.1994, 0.1134 0.8096 0.1971, 0.1153 0.7949 0.1902, 0.1156 0.7929 0.1893, 0.1153 0.7949 0.1902, 0.1378 0.3158 0.0669, 0.1378 0.3158 0.1142, -0.1378 0.0323 0.0669, -0.1378 0.3158 0.0669, -0.1378 0.3158 0.1142, -0.1378 0.0323 0.1142, -0.1378 0.0048 0.0669, -0.1378 0.0048 0.1142, -0.1969 -0.0543 0.0669, -0.1969 -0.0543 0.1142, -0.1816 -0.0523 0.0669, -0.1816 -0.0523 0.1142, -0.1673 -0.0464 0.0669, -0.1673 -0.0464 0.1142, -0.1551 -0.037 0.0669, -0.1551 -0.037 0.1142, -0.1457 -0.0248 0.0669, -0.1457 -0.0248 0.1142, -0.1398 -0.0105 0.0669, -0.1398 -0.0105 0.1142, -0.2244 -0.0543 0.0669, -0.2244 -0.0543 0.1142, -0.2835 0.0048 0.0669, -0.2835 0.0048 0.1142, -0.2815 -0.0105 0.0669, -0.2815 -0.0105 0.1142, -0.2756 -0.0248 0.0669, -0.2756 -0.0248 0.1142, -0.2662 -0.037 0.0669, -0.2662 -0.037 0.1142, -0.2539 -0.0464 0.0669, -0.2539 -0.0464 0.1142, -0.2397 -0.0523 0.0669, -0.2397 -0.0523 0.1142, -0.2835 1.4922 0.0669, -0.2835 1.4922 0.1142, -0.2835 1.6662 0.1142, -0.2835 1.6662 0.0669, -0.2835 1.6835 0.0669, -0.2835 1.6835 0.1142, -0.2548 1.7342 0.0669, -0.2548 1.7342 0.1142, -0.2667 1.7247 0.0669, -0.2667 1.7247 0.1142, -0.2758 1.7126 0.0669, -0.2758 1.7126 0.1142, -0.2815 1.6986 0.0669, -0.2815 1.6986 0.1142, -0.1803 1.7789 0.0669, -0.1803 1.7789 0.1142, -0.1684 1.7883 0.0669, -0.1684 1.7883 0.1142, -0.1593 1.8004 0.0669, -0.1593 1.8004 0.1142, -0.1535 1.8145 0.0669, -0.1535 1.8145 0.1142, -0.1516 1.8295 0.0669, -0.1516 1.8295 0.1142, -0.1516 2.1504 0.1142, -0.1516 2.1504 0.0669, -0.1516 2.3236 0.1142, -0.3484 2.1504 0.1142, -0.3484 2.2161 0.1142, -0.3484 2.3236 0.1142, -0.3484 2.1213 0.1142, -0.3504 2.1062 0.1142, -0.3561 2.0922 0.1142, -0.3652 2.08 0.1142, -0.3771 2.0706 0.1142, -0.4123 2.0495 0.1142, -0.4242 2.0401 0.1142, -0.439 2.0139 0.1142, -0.4333 2.028 0.1142, -0.3484 2.1504 0.0669, -0.3484 2.1213 0.0669, -0.3771 2.0706 0.0669, -0.3652 2.08 0.0669, -0.3561 2.0922 0.0669, -0.3504 2.1062 0.0669, -0.4123 2.0495 0.0669, -0.4242 2.0401 0.0669, -0.4333 2.028 0.0669, -0.439 2.0139 0.0669, -0.3484 2.2161 0.0669, -0.3484 2.3443 0.1119, -0.3484 2.3639 0.1052, -0.3484 2.3816 0.0943, -0.3484 2.3965 0.0799, -0.1516 2.3443 0.1119, -0.1516 2.3639 0.1052, -0.1516 2.3816 0.0943, -0.1516 2.3965 0.0799, -0.1516 2.3729 0.0343, -0.1516 2.4093 0.0644, -0.3484 2.4093 0.0644, -0.3484 2.3729 0.0343, -0.3484 2.4457 0.0, -0.1516 2.4457 0.0, -0.1516 2.4251 0.0023, -0.3484 2.4251 0.0023, -0.1516 2.4054 0.009, -0.3484 2.4054 0.009, -0.1516 2.3877 0.0199, -0.3484 2.3877 0.0199, -0.1516 2.6622 0.0, -0.3484 2.6622 0.0, -0.3484 2.6622 0.0472, -0.1516 2.6622 0.0472, -0.1516 2.4457 0.0472, -0.1516 2.4167 0.0572, -0.1516 2.4256 0.0517, -0.1516 2.4354 0.0484, -0.3484 2.4167 0.0572, -0.3484 2.4256 0.0517, -0.3484 2.4354 0.0484, -0.3484 2.4457 0.0472, 0.2782 0.7024 0.563, 0.2638 0.7007 0.563, 0.3124 0.7 0.563, 0.2382 1.0284 0.563, 0.2301 1.0284 0.563, 0.2301 0.7 0.563, 0.1933 0.5641 0.563, 0.1915 0.564 0.563, 0.2301 0.564 0.563, 0.1174 0.564 0.563, 0.0952 0.564 0.563, 0.0952 0.2989 0.563, 0.1335 0.5654 0.563, 0.1294 0.564 0.563, 0.1426 0.5647 0.563, -1.7229 0.6863 0.563, -1.7296 0.6748 0.563, -0.5876 0.6748 0.563, 1.7366 0.6626 0.563, 1.7296 0.6748 0.563, 1.2037 0.6748 0.563, -1.1024 0.0736 0.563, -0.5876 0.0736 0.563, -0.5876 0.2989 0.563, 1.1712 -0.6057 0.563, 1.2037 -0.6306 0.563, 1.2037 -0.3151 0.563, 1.167 -1.4621 0.563, 1.2037 -1.5099 0.563, 1.1712 -1.1171 0.563, 0.7718 -1.6902 0.563, 0.7638 -1.6291 0.563, 0.6315 -1.6291 0.563, -0.0 -1.3929 0.563, 0.0127 -1.3946 0.563, 0.0127 -1.1567 0.563, 0.2301 -1.5827 0.563, 0.2362 -1.6291 0.563, 0.2382 -1.6291 0.563, 0.3797 0.7007 0.563, 0.3709 0.7242 0.563, 0.3395 0.7242 0.563, -0.0327 0.6883 0.563, -0.0273 0.6748 0.563, 0.0127 0.6748 0.563, -0.0617 0.7196 0.563, -0.0451 0.7056 0.563, 0.0127 1.0284 0.563, -0.5876 0.7 0.563, -0.4027 0.7 0.563, -0.5876 1.0284 0.563, -0.3974 0.712 0.563, -0.1721 0.8065 0.563, -0.1417 0.7954 0.563, -0.1157 0.7777 0.563, -0.0955 0.7543 0.563, -0.3827 0.7308 0.563, -0.3786 0.7347 0.563, -0.3592 0.7483 0.563, -0.0828 0.7296 0.563, -0.0798 0.7286 0.563, -0.2861 0.7734 0.563, -0.2718 0.7857 0.563, -0.2565 0.7951 0.563, -0.2284 0.8058 0.563, -0.1986 0.8095 0.563, -0.3366 0.7571 0.563, -0.3126 0.7601 0.563, -0.3056 0.7597 0.563, -0.2986 0.7589 0.563, -0.3668 0.5786 0.563, -0.3858 0.5949 0.563, -0.5876 0.564 0.563, -0.3447 0.5679 0.563, -0.3997 0.6147 0.563, -0.4084 0.6374 0.563, -0.4114 0.6613 0.563, -0.4112 0.6672 0.563, -0.4098 0.6748 0.563, -0.4071 0.6901 0.563, -0.337 0.5656 0.563, -0.3362 0.564 0.563, -0.3309 0.5525 0.563, -0.3218 0.5413 0.563, -0.3099 0.5323 0.563, 0.0127 0.564 0.563, -0.222 0.564 0.563, 0.0127 0.2989 0.563, -0.222 0.5637 0.563, -0.2293 0.5501 0.563, -0.2643 0.526 0.563, -0.2791 0.5241 0.563, -0.2386 0.5396 0.563, -0.2507 0.5312 0.563, -0.2814 0.5242 0.563, -0.2958 0.5264 0.563, -0.1441 0.5999 0.563, -0.1399 0.6016 0.563, -0.1328 0.6363 0.563, -0.045 0.5918 0.563, -0.0616 0.5778 0.563, -0.2334 0.626 0.563, -0.1517 0.6686 0.563, -0.244 0.6357 0.563, -0.257 0.6426 0.563, -0.1479 0.5973 0.563, -0.0329 0.6087 0.563, -0.0605 0.6545 0.563, -0.0634 0.6662 0.563, -0.0681 0.6748 0.563, -0.3715 0.6748 0.563, -0.0252 0.6696 0.563, -0.0224 0.6497 0.563, -0.0252 0.628 0.563, -0.1352 0.6022 0.563, -0.1346 0.6021 0.563, -0.1328 0.6017 0.563, -0.3679 0.6382 0.563, -0.3606 0.6259 0.563, -0.3297 0.6195 0.563, -0.3497 0.6146 0.563, -0.3364 0.6064 0.563, -0.3071 0.6397 0.563, -0.3196 0.6311 0.563, -0.373 0.6625 0.563, -0.3722 0.6531 0.563, -0.2937 0.6449 0.563, -0.2791 0.6467 0.563, -0.2717 0.6462 0.563, -0.1541 0.5833 0.563, -0.154 0.5857 0.563, -0.2181 0.5912 0.563, -0.1527 0.5903 0.563, -0.1504 0.5945 0.563, -0.0726 0.6169 0.563, -0.0659 0.6264 0.563, -0.0617 0.6372 0.563, -0.0602 0.6491 0.563, -0.1399 0.5649 0.563, -0.1439 0.5665 0.563, -0.1479 0.5693 0.563, -0.1493 0.5708 0.563, -0.1519 0.5746 0.563, -0.1535 0.5787 0.563, -0.2185 0.5787 0.563, -0.2181 0.5851 0.563, -0.0802 0.5687 0.563, -0.1005 0.5644 0.563, -0.1364 0.5644 0.563, -0.1316 0.6016 0.563, -0.1041 0.6016 0.563, -0.0932 0.6037 0.563, -0.0824 0.6087 0.563, -0.0734 0.616 0.563, -0.1127 0.6967 0.563, -0.3659 0.6909 0.563, -0.3712 0.6773 0.563, -0.1078 0.6967 0.563, -0.0691 0.6767 0.563, -0.0761 0.6845 0.563, -0.0855 0.6911 0.563, -0.0962 0.6952 0.563, -0.1258 0.7333 0.563, -0.1396 0.7498 0.563, -0.2797 0.7143 0.563, -0.1411 0.7511 0.563, -0.1582 0.763 0.563, -0.2704 0.7336 0.563, -0.3596 0.7 0.563, -0.284 0.7167 0.563, -0.1134 0.7 0.563, -0.1164 0.7137 0.563, -0.2977 0.7217 0.563, -0.312 0.7235 0.563, -0.3184 0.7232 0.563, -0.2567 0.75 0.563, -0.1773 0.7703 0.563, -0.2404 0.7619 0.563, -0.198 0.7729 0.563, -0.2205 0.77 0.563, -0.3335 0.7196 0.563, -0.347 0.7124 0.563, -0.3575 0.703 0.563, 0.4044 0.5767 0.563, 0.3954 0.5702 0.563, 0.4046 0.564 0.563, 0.3851 0.649 0.563, 0.3955 0.6452 0.563, 0.4046 0.6748 0.563, 0.3856 0.5664 0.563, 0.3711 0.5647 0.563, 0.3395 0.564 0.563, 0.3476 0.5647 0.563, 0.3395 0.6748 0.563, 0.3476 0.6504 0.563, 0.372 0.6504 0.563, 0.4128 0.6286 0.563, 0.416 0.6204 0.563, 0.4197 0.6748 0.563, 0.4044 0.6391 0.563, 0.4046 0.6389 0.563, 0.4075 0.6361 0.563, 0.4174 0.6086 0.563, 0.4169 0.6017 0.563, 0.4197 0.564 0.563, 0.4146 0.5919 0.563, 0.4101 0.5832 0.563, 0.4046 0.5769 0.563, 0.3592 0.7864 0.563, 0.3919 0.7007 0.563, 0.4046 0.7 0.563, 0.3395 0.7 0.563, 0.3352 0.7242 0.563, 0.327 0.7007 0.563, 0.3147 0.7007 0.563, 0.3124 1.0284 0.563, 0.3395 0.7656 0.563, 0.3395 1.0284 0.563, 0.3474 0.7864 0.563, 0.4046 1.0284 0.563, 0.1607 0.7844 0.563, 0.1607 0.7728 0.563, 0.1643 0.7 0.563, 0.153 0.7867 0.563, 0.1643 1.0284 0.563, 0.1592 0.7035 0.563, 0.15 0.7005 0.563, 0.0952 0.7 0.563, 0.1292 0.7 0.563, 0.1217 0.7017 0.563, 0.1165 0.7181 0.563, 0.1186 0.7161 0.563, 0.1386 0.7091 0.563, 0.1438 0.7094 0.563, 0.1124 0.724 0.563, 0.1533 0.7114 0.563, 0.1607 0.7149 0.563, 0.1607 0.7043 0.563, 0.1137 0.7057 0.563, 0.1075 0.711 0.563, 0.1067 0.7118 0.563, 0.1016 0.7191 0.563, 0.0982 0.7281 0.563, 0.0965 0.742 0.563, 0.0968 0.7483 0.563, 0.0991 0.7592 0.563, 0.0952 1.0284 0.563, 0.1035 0.7685 0.563, 0.1243 0.7123 0.563, 0.1305 0.71 0.563, 0.1191 0.7829 0.563, 0.1281 0.7864 0.563, 0.1404 0.7879 0.563, 0.1421 0.7879 0.563, 0.1405 0.7779 0.563, 0.137 0.7778 0.563, 0.1171 0.7684 0.563, 0.1296 0.7763 0.563, 0.1229 0.7731 0.563, 0.1165 0.7677 0.563, 0.1124 0.7617 0.563, 0.1597 0.7733 0.563, 0.1095 0.7543 0.563, 0.1081 0.7426 0.563, 0.1082 0.7395 0.563, 0.1096 0.7309 0.563, 0.1089 0.7753 0.563, 0.1108 0.7771 0.563, 0.1511 0.7766 0.563, 0.1308 0.6996 0.563, 0.0952 0.6748 0.563, 0.137 0.6993 0.563, 0.1643 0.6748 0.563, 0.1445 0.7 0.563, -0.0 -1.8653 0.563, -0.0611 -1.8573 0.563, 0.0127 -1.9834 0.563, -0.167 -1.7961 0.563, -0.2046 -1.7472 0.563, -0.5876 -1.9834 0.563, -0.2282 -1.6902 0.563, -0.5876 -1.6291 0.563, -0.1181 -1.8337 0.563, 0.0952 -1.9834 0.563, 0.0611 -1.8573 0.563, 0.0127 -1.8637 0.563, 0.1643 -1.9834 0.563, 0.1181 -1.8337 0.563, 0.0952 -1.8432 0.563, 0.2382 -1.9834 0.563, 0.2301 -1.6756 0.563, 0.2301 -1.9834 0.563, 0.2282 -1.6902 0.563, 0.2046 -1.7472 0.563, 0.167 -1.7961 0.563, 0.1643 -1.7982 0.563, 0.1643 -1.1567 0.563, 0.1643 -1.46 0.563, 0.2301 -1.1567 0.563, 0.167 -1.4621 0.563, 0.2046 -1.511 0.563, 0.0952 -1.1567 0.563, 0.0611 -1.4009 0.563, 0.0952 -1.4151 0.563, 0.1181 -1.4245 0.563, -0.2362 -1.6291 0.563, -0.2282 -1.568 0.563, -0.5876 -1.1567 0.563, -0.2046 -1.511 0.563, -0.167 -1.4621 0.563, -0.1181 -1.4245 0.563, -0.0611 -1.4009 0.563, 0.8819 -1.8337 0.563, 0.833 -1.7961 0.563, 0.6315 -1.9834 0.563, 1.2037 -1.9834 0.563, 1.167 -1.7961 0.563, 1.1181 -1.8337 0.563, 1.0611 -1.8573 0.563, 1.0 -1.8653 0.563, 0.9389 -1.8573 0.563, 0.7954 -1.7472 0.563, 1.752 -1.9834 0.563, 1.752 -1.6291 0.563, 1.2362 -1.6291 0.563, 1.2282 -1.6902 0.563, 1.2046 -1.7472 0.563, 1.2037 -1.7483 0.563, 1.2324 -0.6526 0.563, 1.752 -0.3151 0.563, 1.2793 -0.7138 0.563, 1.3088 -0.785 0.563, 1.3189 -0.8614 0.563, 1.3088 -0.9378 0.563, 1.2046 -1.511 0.563, 1.2282 -1.568 0.563, 0.7718 -1.568 0.563, 0.7954 -1.511 0.563, 0.6315 -1.1567 0.563, 1.2793 -1.009 0.563, 1.2324 -1.0702 0.563, 1.2037 -1.0922 0.563, 0.833 -1.4621 0.563, 0.8819 -1.4245 0.563, 1.0236 -1.1567 0.563, 0.9389 -1.4009 0.563, 1.0 -1.3929 0.563, 1.1 -1.1466 0.563, 1.0611 -1.4009 0.563, 1.1181 -1.4245 0.563, 1.1 -0.5762 0.563, -1.3088 -0.785 0.563, -1.2793 -0.7138 0.563, -2.185 -0.3151 0.563, -1.2046 -1.511 0.563, -1.167 -1.4621 0.563, -1.1713 -1.1171 0.563, -1.2324 -0.6526 0.563, -1.1713 -0.6057 0.563, -1.1001 -0.5762 0.563, -1.0236 -0.5661 0.563, -0.5876 -0.3151 0.563, -0.5876 -0.5661 0.563, 0.0127 -0.3151 0.563, 0.0127 -0.5661 0.563, 0.0952 -0.3151 0.563, 0.0952 -0.5661 0.563, 0.1643 -0.3151 0.563, 0.1643 -0.5661 0.563, 0.2301 -0.3151 0.563, 0.2301 -0.5661 0.563, 0.2382 -0.3151 0.563, 0.2382 -0.5661 0.563, 0.3124 -0.3151 0.563, 0.3124 -0.5661 0.563, 0.3395 -0.3151 0.563, 0.3395 -0.5661 0.563, 0.4046 -0.3151 0.563, 0.4046 -0.5661 0.563, 0.4197 -0.3151 0.563, 0.4197 -0.5661 0.563, 0.6315 -0.3151 0.563, 0.6315 -0.5661 0.563, 1.0236 -0.5661 0.563, -1.2324 -1.0702 0.563, -2.185 -1.6291 0.563, -1.2282 -1.568 0.563, -1.2793 -1.009 0.563, -1.3088 -0.9378 0.563, -1.3189 -0.8614 0.563, -1.1181 -1.4245 0.563, -1.0611 -1.4009 0.563, -1.1001 -1.1466 0.563, -1.0236 -1.1567 0.563, -1.0 -1.3929 0.563, -0.9389 -1.4009 0.563, -0.8819 -1.4245 0.563, -0.833 -1.4621 0.563, -0.7954 -1.511 0.563, -0.7718 -1.568 0.563, 0.2282 -1.568 0.563, 0.2382 -1.1567 0.563, 0.3124 -1.1567 0.563, 0.3124 -1.6291 0.563, 0.3395 -1.1567 0.563, 0.3395 -1.6291 0.563, 0.4046 -1.1567 0.563, 0.4046 -1.6291 0.563, 0.4197 -1.1567 0.563, 0.4197 -1.6291 0.563, 1.1024 0.0736 0.563, 1.1202 0.0713 0.563, 1.2037 0.2989 0.563, 1.1368 -0.0549 0.563, 1.1511 -0.044 0.563, 1.162 -0.0297 0.563, 1.1368 0.0644 0.563, 1.1511 0.0535 0.563, 1.162 0.0392 0.563, 1.1689 0.0226 0.563, 1.1712 0.0048 0.563, 1.1689 -0.0131 0.563, 0.6315 0.0736 0.563, 0.6315 0.2989 0.563, 0.4197 0.0736 0.563, 0.4197 0.2989 0.563, 0.4046 0.0736 0.563, 0.4046 0.2989 0.563, 0.3395 0.0736 0.563, 0.3395 0.2989 0.563, 0.3124 0.0736 0.563, 0.3124 0.2989 0.563, 0.2382 0.0736 0.563, 0.2382 0.2989 0.563, 0.2301 0.0736 0.563, 0.2301 0.2989 0.563, 0.1643 0.0736 0.563, 0.1643 0.2989 0.563, 0.0952 0.0736 0.563, 0.0127 0.0736 0.563, -1.1689 0.0226 0.563, -1.162 0.0392 0.563, -2.185 0.2989 0.563, -1.1511 0.0535 0.563, -1.1202 -0.0618 0.563, -1.1368 -0.0549 0.563, -1.1511 -0.044 0.563, -1.162 -0.0297 0.563, -1.1689 -0.0131 0.563, -1.1713 0.0048 0.563, -1.1368 0.0644 0.563, -1.1202 0.0713 0.563, -1.1024 -0.0641 0.563, 1.1202 -0.0618 0.563, 1.1024 -0.0641 0.563, 0.6315 -0.0641 0.563, 0.4197 -0.0641 0.563, 0.4046 -0.0641 0.563, 0.3395 -0.0641 0.563, 0.3124 -0.0641 0.563, 0.2382 -0.0641 0.563, 0.2301 -0.0641 0.563, 0.1643 -0.0641 0.563, 0.0952 -0.0641 0.563, 0.0127 -0.0641 0.563, -0.5876 -0.0641 0.563, -1.1181 -1.8337 0.563, -1.167 -1.7961 0.563, -2.185 -1.9834 0.563, -1.2046 -1.7472 0.563, -1.2282 -1.6902 0.563, -1.2362 -1.6291 0.563, -0.833 -1.7961 0.563, -0.8819 -1.8337 0.563, -0.7638 -1.6291 0.563, -0.7718 -1.6902 0.563, -0.7954 -1.7472 0.563, -0.9389 -1.8573 0.563, -1.0 -1.8653 0.563, -1.0611 -1.8573 0.563, 1.7229 0.6863 0.563, 1.7188 0.7 0.563, 1.2037 0.7 0.563, 1.7151 0.7126 0.563, 1.6133 1.0158 0.563, 1.6687 0.957 0.563, 1.6362 1.0007 0.563, 1.655 0.9808 0.563, 1.5875 1.0252 0.563, 1.5603 1.0284 0.563, 1.6766 0.9308 0.563, 1.752 0.6463 0.563, 1.752 0.564 0.563, 1.7555 0.6426 0.563, 1.7784 0.6275 0.563, 1.9094 0.615 0.563, 1.8314 0.615 0.563, 1.8041 0.6182 0.563, 2.185 0.564 0.563, 2.185 0.615 0.563, -1.9095 0.615 0.563, -2.185 0.615 0.563, -2.185 0.564 0.563, -1.7555 0.6426 0.563, -1.7784 0.6275 0.563, -1.8042 0.6182 0.563, -1.8314 0.615 0.563, -1.7367 0.6626 0.563, -1.6766 0.9308 0.563, -1.7151 0.7126 0.563, -1.5603 1.0284 0.563, -1.7189 0.7 0.563, -1.6362 1.0007 0.563, -1.6133 1.0158 0.563, -1.5875 1.0252 0.563, -1.655 0.9808 0.563, -1.6687 0.957 0.563, 0.1102 0.6216 0.563, 0.1102 0.6112 0.563, 0.1373 0.5679 0.563, 0.1172 0.564 0.563, 0.1131 0.5655 0.563, 0.1094 0.5681 0.563, 0.1082 0.5693 0.563, 0.106 0.5726 0.563, 0.1047 0.5762 0.563, 0.1042 0.5811 0.563, 0.1049 0.5869 0.563, 0.1063 0.5907 0.563, 0.1084 0.5938 0.563, 0.1374 0.6268 0.563, 0.142 0.6254 0.563, 0.1456 0.6234 0.563, 0.1485 0.6207 0.563, 0.1426 0.5741 0.563, 0.1424 0.5741 0.563, 0.1407 0.5716 0.563, 0.1117 0.5966 0.563, 0.1162 0.599 0.563, 0.117 0.6156 0.563, 0.1245 0.6011 0.563, 0.1339 0.6182 0.563, 0.1302 0.6186 0.563, 0.1237 0.6179 0.563, 0.1508 0.6173 0.563, 0.1525 0.6126 0.563, 0.1534 0.6041 0.563, 0.1124 0.6229 0.563, 0.1204 0.626 0.563, 0.1312 0.6273 0.563, 0.1426 0.6036 0.563, 0.1423 0.6084 0.563, 0.1412 0.6122 0.563, 0.1399 0.6144 0.563, 0.1383 0.6161 0.563, 0.1364 0.6173 0.563, 0.1534 0.5647 0.563, 0.1643 0.564 0.563, 0.1291 0.5638 0.563, 0.1236 0.5632 0.563, 0.1679 0.5668 0.563, 0.1679 0.5779 0.563, 0.2149 0.6259 0.563, 0.2301 0.6748 0.563, 0.2269 0.6259 0.563, 0.2077 0.5885 0.563, 0.2089 0.5853 0.563, 0.2075 0.5736 0.563, 0.2055 0.5708 0.563, 0.2093 0.5813 0.563, 0.2088 0.577 0.563, 0.1696 0.6019 0.563, 0.1685 0.6052 0.563, 0.168 0.6094 0.563, 0.1684 0.6132 0.563, 0.1697 0.6167 0.563, 0.1717 0.6196 0.563, 0.2064 0.6142 0.563, 0.2301 0.5872 0.563, 0.2064 0.6246 0.563, 0.1988 0.6268 0.563, 0.1918 0.6273 0.563, 0.1838 0.6264 0.563, 0.2024 0.5681 0.563, 0.1991 0.5662 0.563, 0.171 0.5997 0.563, 0.1749 0.6225 0.563, 0.1779 0.6243 0.563, 0.1785 0.5729 0.563, 0.1843 0.5916 0.563, 0.1718 0.5755 0.563, 0.1779 0.5945 0.563, 0.1728 0.5979 0.563, 0.1908 0.6186 0.563, 0.1876 0.6184 0.563, 0.1791 0.6104 0.563, 0.1847 0.6176 0.563, 0.1823 0.6163 0.563, 0.1792 0.6089 0.563, 0.1796 0.6073 0.563, 0.1804 0.6058 0.563, 0.1814 0.6047 0.563, 0.1852 0.6023 0.563, 0.1982 0.6177 0.563, 0.1918 0.5994 0.563, 0.2043 0.6154 0.563, 0.196 0.5977 0.563, 0.2031 0.5937 0.563, 0.2057 0.5915 0.563, 0.1856 0.572 0.563, 0.1861 0.572 0.563, 0.1913 0.5886 0.563, 0.1916 0.5726 0.563, 0.1983 0.5803 0.563, 0.1982 0.5816 0.563, 0.1807 0.6149 0.563, 0.1798 0.6135 0.563, 0.1793 0.6121 0.563, 0.1944 0.5736 0.563, 0.1953 0.5742 0.563, 0.1966 0.5753 0.563, 0.1975 0.5767 0.563, 0.198 0.5782 0.563, 0.1977 0.5833 0.563, 0.1968 0.5847 0.563, 0.1955 0.5861 0.563, 0.2193 0.5455 0.563, 0.2232 0.545 0.563, 0.2171 0.5463 0.563, 0.2171 0.5367 0.563, 0.1846 0.5632 0.563, 0.178 0.564 0.563, 0.175 0.5643 0.563, 0.2258 0.5453 0.563, 0.2281 0.5462 0.563, 0.2301 0.5476 0.563, 0.2301 0.537 0.563, 0.2284 0.5363 0.563, 0.224 0.5358 0.563, 0.2217 0.5359 0.563, 0.2852 0.6504 0.563, 0.2737 0.6259 0.563, 0.2852 0.5647 0.563, 0.2492 0.564 0.563, 0.3124 0.564 0.563, 0.2429 0.5799 0.563, 0.2442 0.5748 0.563, 0.2445 0.5748 0.563, 0.2625 0.6259 0.563, 0.2382 0.5934 0.563, 0.2458 0.5798 0.563, 0.245 0.5769 0.563, 0.2301 0.6167 0.563, 0.2382 0.6748 0.563, 0.2382 0.564 0.563, 0.2382 0.5666 0.563, 0.2385 0.564 0.563, 0.2389 0.5648 0.563, 0.2321 0.5498 0.563, 0.2342 0.5537 0.563, 0.2382 0.5631 0.563, 0.2326 0.5379 0.563, 0.2382 0.5426 0.563, 0.2371 0.5412 0.563, 0.2364 0.5406 0.563, 0.241 0.546 0.563, 0.2459 0.5554 0.563, 0.3124 0.6748 0.563, 0.3124 0.6504 0.563, 0.3294 0.6504 0.563, 0.3294 0.6406 0.563, 0.3314 0.5745 0.563, 0.3314 0.5647 0.563, 0.3124 0.5647 0.563, 0.2963 0.6406 0.563, 0.2963 0.6131 0.563, 0.3124 0.6406 0.563, 0.3124 0.6131 0.563, 0.327 0.6131 0.563, 0.327 0.6033 0.563, 0.3124 0.5745 0.563, 0.3124 0.6033 0.563, 0.2963 0.5745 0.563, 0.2963 0.6033 0.563, 0.093 0.7105 0.563, 0.093 0.7007 0.563, 0.0478 0.7007 0.563, 0.0127 0.7 0.563, 0.0478 0.7864 0.563, 0.0588 0.7105 0.563, 0.0588 0.7864 0.563, -0.0411 0.7 0.563, 0.0939 0.5647 0.563, 0.0478 0.5647 0.563, 0.0939 0.5745 0.563, 0.0919 0.6406 0.563, 0.0588 0.6033 0.563, 0.0588 0.5745 0.563, 0.0895 0.6033 0.563, 0.0895 0.6131 0.563, 0.0588 0.6131 0.563, 0.0588 0.6406 0.563, 0.0478 0.6504 0.563, 0.0919 0.6504 0.563, 0.1779 0.7864 0.563, 0.1779 0.7007 0.563, 0.224 0.7007 0.563, 0.224 0.7105 0.563, 0.222 0.7766 0.563, 0.222 0.7864 0.563, 0.1889 0.7393 0.563, 0.1889 0.7105 0.563, 0.2196 0.7393 0.563, 0.2196 0.7491 0.563, 0.1889 0.7491 0.563, 0.1889 0.7766 0.563, 0.2382 0.7 0.563, 0.2402 0.7007 0.563, 0.2402 0.7864 0.563, 0.2777 0.785 0.563, 0.2881 0.7812 0.563, 0.2646 0.7864 0.563, 0.3072 0.7279 0.563, 0.3027 0.7192 0.563, 0.2971 0.7751 0.563, 0.3001 0.7721 0.563, 0.3054 0.7646 0.563, 0.2971 0.7127 0.563, 0.288 0.7062 0.563, 0.3086 0.7564 0.563, 0.31 0.7447 0.563, 0.3096 0.7377 0.563, 0.487 0.5647 0.563, 0.4783 0.5881 0.563, 0.4426 0.5881 0.563, 0.4344 0.5647 0.563, 0.4221 0.5647 0.563, 0.4993 0.5647 0.563, 0.6315 0.564 0.563, 0.4666 0.6504 0.563, 0.3124 -1.9834 0.563, 0.3395 -1.9834 0.563, 0.4046 -1.9834 0.563, 0.4197 -1.9834 0.563, 0.4197 1.0284 0.563, 0.4197 0.7 0.563, 0.6315 1.0284 0.563, 0.6315 0.7 0.563, 1.2037 1.0284 0.563, 0.6315 0.6748 0.563, 0.4548 0.6504 0.563, 1.2037 0.564 0.563, 1.752 0.2989 0.563, 2.185 0.2989 0.563, 2.185 -0.3151 0.563, 2.185 -1.6291 0.563, 2.185 -1.9834 0.563, -2.185 -2.1015 0.563, -0.5876 -2.1015 0.563, 0.0127 -2.1015 0.563, 0.0952 -2.1015 0.563, 0.1643 -2.1015 0.563, 0.2301 -2.1015 0.563, 0.2382 -2.1015 0.563, 0.3124 -2.1015 0.563, 0.3395 -2.1015 0.563, 0.4046 -2.1015 0.563, 0.4197 -2.1015 0.563, 0.6315 -2.1015 0.563, 1.2037 -2.1015 0.563, 1.752 -2.1015 0.563, 2.185 -2.1015 0.563, -2.3032 -1.3338 0.0512, -2.2244 -1.3338 0.0512, -2.3032 -2.1015 0.0512, -2.2244 -2.1015 0.0512, -2.185 -0.3496 0.1496, -2.0669 -0.3496 0.1496, -2.185 -0.3496 0.0709, -2.0669 -0.3496 0.0709, -2.0079 -0.4086 0.1496, -2.0099 -0.6208 0.1496, -2.0079 -0.6055 0.1496, -2.0669 -0.6645 0.1496, -2.185 -0.6645 0.1496, -2.0374 -0.6566 0.1496, -2.0252 -0.6472 0.1496, -2.0158 -0.635 0.1496, -2.0158 -0.3791 0.1496, -2.0252 -0.3669 0.1496, -2.0374 -0.3575 0.1496, -2.0099 -0.3934 0.1496, -2.0517 -0.3516 0.1496, -2.0517 -0.6625 0.1496, -2.185 -0.6645 0.0709, -2.0669 -0.6645 0.0709, -2.0517 -0.6625 0.0709, -2.0374 -0.6566 0.0709, -2.0252 -0.6472 0.0709, -2.0158 -0.635 0.0709, -2.0099 -0.6208 0.0709, -2.0079 -0.6055 0.0709, -2.0079 -0.4086 0.0709, -2.0099 -0.3934 0.0709, -2.0158 -0.3791 0.0709, -2.0252 -0.3669 0.0709, -2.0374 -0.3575 0.0709, -2.0517 -0.3516 0.0709, -2.3032 -0.6645 0.189, -2.3032 -0.3496 0.189, -2.2991 -0.3496 0.1584, -2.2991 -0.6645 0.1584, -2.2873 -0.3496 0.1299, -2.2873 -0.6645 0.1299, -2.2686 -0.3496 0.1055, -2.2686 -0.6645 0.1055, -2.2441 -0.3496 0.0867, -2.2441 -0.6645 0.0867, -2.2156 -0.3496 0.0749, -2.2156 -0.6645 0.0749, -1.9488 1.6544 0.3268, -1.9488 1.8394 0.3268, -1.9488 1.6544 0.4055, -1.9488 1.8394 0.4055, -1.9507 1.6395 0.4055, -1.9507 1.6395 0.3268, -1.9563 1.6256 0.4055, -1.9563 1.6256 0.3268, -1.9652 1.6135 0.4055, -1.9652 1.6135 0.3268, -1.9769 1.6041 0.4055, -1.9769 1.6041 0.3268, -1.9906 1.5979 0.4055, -1.9906 1.5979 0.3268, -2.0054 1.5954 0.4055, -2.0054 1.5954 0.3268, -2.0203 1.5966 0.4055, -2.0203 1.5966 0.3268, -2.0345 1.6016 0.4055, -2.0345 1.6016 0.3268, -2.0469 1.61 0.4055, -2.0469 1.61 0.3268, -2.0568 1.6213 0.4055, -2.0568 1.6213 0.3268, -2.185 1.8551 0.3268, -2.185 1.6386 0.3268, -2.1952 1.8551 0.3254, -2.1952 1.6386 0.3254, -2.2047 1.8551 0.3215, -2.2047 1.6386 0.3215, -2.2129 1.8551 0.3152, -2.2129 1.6386 0.3152, -2.2191 1.8551 0.3071, -2.2191 1.6386 0.3071, -2.2231 1.8551 0.2976, -2.2231 1.6386 0.2976, -2.2244 1.8551 0.2874, -2.2244 1.6386 0.2874, -2.071 1.8597 0.3268, -2.0631 1.6285 0.3268, -2.0894 1.6386 0.3268, -2.071 1.634 0.3268, -2.0799 1.6374 0.3268, -2.0799 1.8563 0.3268, -2.0894 1.8551 0.3268, -2.0631 1.8652 0.3268, -2.0568 1.8725 0.3268, -2.0469 1.8837 0.3268, -2.0345 1.8921 0.3268, -2.0203 1.8971 0.3268, -2.0054 1.8984 0.3268, -1.9507 1.8543 0.3268, -1.9563 1.8682 0.3268, -1.9906 1.8959 0.3268, -1.9769 1.8897 0.3268, -1.9652 1.8803 0.3268, -2.0568 1.8725 0.4055, -2.0469 1.8837 0.4055, -2.0345 1.8921 0.4055, -2.0203 1.8971 0.4055, -2.0054 1.8984 0.4055, -1.9906 1.8959 0.4055, -1.9769 1.8897 0.4055, -1.9652 1.8803 0.4055, -1.9563 1.8682 0.4055, -1.9507 1.8543 0.4055, -2.0631 1.8652 0.4055, -2.071 1.8597 0.4055, -2.0799 1.8563 0.4055, -2.0894 1.8551 0.4055, -2.185 1.8551 0.4055, -2.185 1.6386 0.4055, -2.0799 1.6374 0.4055, -2.071 1.634 0.4055, -2.0894 1.6386 0.4055, -2.0631 1.6285 0.4055, -1.1518 -0.0238 0.4724, -1.1575 -0.01 0.4724, -1.1024 -0.0523 0.4724, -1.1595 0.0048 0.4724, -1.1575 0.0195 0.4724, 1.1518 0.0333 0.4724, 1.1575 0.0195 0.4724, 1.1024 0.0618 0.4724, 1.1594 0.0048 0.4724, 1.1575 -0.01 0.4724, -1.1171 -0.0504 0.4724, -1.1309 -0.0447 0.4724, -1.1427 -0.0356 0.4724, -1.1518 0.0333 0.4724, -1.1427 0.0451 0.4724, -1.1309 0.0542 0.4724, 1.1171 0.0599 0.4724, 1.1309 0.0542 0.4724, 1.1427 0.0451 0.4724, 1.1518 -0.0238 0.4724, 1.1427 -0.0356 0.4724, 1.1309 -0.0447 0.4724, -1.1171 0.0599 0.4724, -1.1024 0.0618 0.4724, 1.1024 -0.0523 0.4724, 1.1171 -0.0504 0.4724, -1.1024 -0.0553 0.4725, 1.1024 -0.0553 0.4725, -1.1024 -0.0754 0.4755, 1.1024 -0.0754 0.4755, -1.1024 -0.0764 0.4757, 1.1024 -0.0764 0.4757, -1.1024 -0.0971 0.4843, 1.1024 -0.0971 0.4843, -1.1024 0.0849 0.4755, -1.1024 0.0648 0.4725, -1.1179 0.0627 0.4725, -1.1179 -0.0532 0.4725, -1.1324 -0.0472 0.4725, -1.1448 -0.0377 0.4725, -1.1544 -0.0253 0.4725, -1.1604 -0.0108 0.4725, -1.1624 0.0048 0.4725, -1.1604 0.0203 0.4725, -1.1544 0.0348 0.4725, -1.1448 0.0472 0.4725, -1.1324 0.0567 0.4725, -1.1234 0.0831 0.4757, -1.1024 0.0859 0.4757, -1.1429 0.075 0.4757, -1.1597 0.0621 0.4757, -1.1726 0.0453 0.4757, -1.1807 0.0257 0.4757, -1.1835 0.0048 0.4757, -1.1807 -0.0162 0.4757, -1.1726 -0.0358 0.4757, -1.1597 -0.0526 0.4757, -1.1429 -0.0655 0.4757, -1.1234 -0.0736 0.4757, -1.1287 -0.0936 0.4843, -1.1533 -0.0834 0.4843, -1.1744 -0.0672 0.4843, -1.1905 -0.0462 0.4843, -1.2007 -0.0216 0.4843, -1.2042 0.0048 0.4843, -1.2007 0.0311 0.4843, -1.1905 0.0557 0.4843, -1.1744 0.0767 0.4843, -1.1533 0.0929 0.4843, -1.1287 0.1031 0.4843, -1.1024 0.1066 0.4843, 1.1024 0.1066 0.4843, 1.1024 0.0859 0.4757, 1.1024 0.0849 0.4755, 1.1024 0.0648 0.4725, 1.1179 -0.0532 0.4725, 1.1179 0.0627 0.4725, 1.1324 0.0567 0.4725, 1.1448 0.0472 0.4725, 1.1543 0.0348 0.4725, 1.1603 0.0203 0.4725, 1.1624 0.0048 0.4725, 1.1603 -0.0108 0.4725, 1.1543 -0.0253 0.4725, 1.1448 -0.0377 0.4725, 1.1324 -0.0472 0.4725, 1.1233 -0.0736 0.4757, 1.1429 -0.0655 0.4757, 1.1597 -0.0526 0.4757, 1.1726 -0.0358 0.4757, 1.1807 -0.0162 0.4757, 1.1835 0.0048 0.4757, 1.1807 0.0257 0.4757, 1.1726 0.0453 0.4757, 1.1597 0.0621 0.4757, 1.1429 0.075 0.4757, 1.1233 0.0831 0.4757, 1.1287 0.1031 0.4843, 1.1533 0.0929 0.4843, 1.1743 0.0767 0.4843, 1.1905 0.0557 0.4843, 1.2007 0.0311 0.4843, 1.2042 0.0048 0.4843, 1.2007 -0.0216 0.4843, 1.1905 -0.0462 0.4843, 1.1743 -0.0672 0.4843, 1.1533 -0.0834 0.4843, 1.1287 -0.0936 0.4843, -2.185 -1.2748 0.4843, -2.185 -2.1015 0.4843, -2.1952 -2.1015 0.4829, -2.2047 -2.1015 0.479, -2.2047 0.6153 0.479, -2.2001 0.6151 0.4813, -2.1952 0.615 0.4829, -2.1902 0.615 0.4839, -2.185 0.615 0.4843, -2.2129 -2.1015 0.4727, -2.2191 -2.1015 0.4646, -2.2191 0.6203 0.4646, -2.2176 0.6189 0.4671, -2.2129 0.6167 0.4727, -2.2099 0.616 0.4754, -2.2242 0.6375 0.4487, -2.2231 -2.1015 0.4551, -2.2244 0.6459 0.4458, -2.2244 -2.1015 0.4449, -2.2244 0.6544 0.4449, -2.2235 0.63 0.4533, -2.2231 0.6279 0.4551, -2.2216 0.6237 0.4596, -2.3032 -2.1015 0.4449, -2.3002 -2.1015 0.4712, -2.3001 0.6175 0.4711, -2.3011 0.6189 0.4671, -2.3022 0.6237 0.4596, -2.3029 0.63 0.4533, -2.3031 0.6375 0.4487, -2.3032 0.6459 0.4458, -2.3032 0.6544 0.4449, -2.2915 0.615 0.4961, -2.2964 0.615 0.4843, -2.2991 0.616 0.4754, -2.2113 -2.1015 0.56, -2.185 -1.2748 0.563, -2.2915 -2.1015 0.4961, -2.2774 -2.1015 0.5185, -2.2774 0.615 0.5185, -2.2587 -2.1015 0.5372, -2.2587 0.615 0.5372, -2.2363 -2.1015 0.5513, -2.2363 0.615 0.5513, -2.2113 0.615 0.56, 2.185 -0.3496 0.0709, 2.0669 -0.3496 0.0709, 2.185 -0.3496 0.1496, 2.0669 -0.3496 0.1496, 2.185 -0.6645 0.1496, 2.0669 -0.6645 0.1496, 2.185 -0.6645 0.0709, 2.0669 -0.6645 0.0709, 2.0079 -0.6055 0.1496, 2.0079 -0.6055 0.0709, 2.0099 -0.6208 0.0709, 2.0099 -0.6208 0.1496, 2.0158 -0.635 0.0709, 2.0158 -0.635 0.1496, 2.0252 -0.6472 0.0709, 2.0252 -0.6472 0.1496, 2.0374 -0.6566 0.0709, 2.0374 -0.6566 0.1496, 2.0516 -0.6625 0.0709, 2.0516 -0.6625 0.1496, 2.0079 -0.4086 0.1496, 2.0079 -0.4086 0.0709, 2.0099 -0.3934 0.0709, 2.0158 -0.3791 0.0709, 2.0252 -0.3669 0.0709, 2.0516 -0.3516 0.0709, 2.0374 -0.3575 0.0709, 2.0516 -0.3516 0.1496, 2.0374 -0.3575 0.1496, 2.0252 -0.3669 0.1496, 2.0158 -0.3791 0.1496, 2.0099 -0.3934 0.1496, 2.1952 -0.3496 0.1509, 2.1952 -0.6645 0.1509, 2.2047 -0.3496 0.1549, 2.2047 -0.6645 0.1549, 2.2129 -0.3496 0.1611, 2.2129 -0.6645 0.1611, 2.2191 -0.3496 0.1693, 2.2191 -0.6645 0.1693, 2.2231 -0.3496 0.1788, 2.2231 -0.6645 0.1788, 2.2244 -0.3496 0.189, 2.2244 -0.6645 0.189, 2.3031 1.5531 0.2874, 2.2244 1.5531 0.2874, 2.3031 1.5327 0.2901, 2.2244 1.5327 0.2901, 2.3031 1.5137 0.298, 2.2244 1.5137 0.298, 2.3031 1.4974 0.3105, 2.2244 1.4974 0.3105, 2.2244 1.5796 0.2874, 2.3031 1.5796 0.2874, 2.185 1.6386 0.4055, 2.0894 1.6386 0.4055, 2.185 1.6386 0.3268, 2.0894 1.6386 0.3268, 2.0568 1.6213 0.4055, 2.0568 1.6213 0.3268, 2.0631 1.6285 0.4055, 2.0631 1.6285 0.3268, 2.0709 1.634 0.4055, 2.0709 1.634 0.3268, 2.0799 1.6374 0.4055, 2.0799 1.6374 0.3268, 2.0469 1.61 0.4055, 2.0469 1.61 0.3268, 2.0344 1.6016 0.4055, 2.0344 1.6016 0.3268, 2.0203 1.5966 0.4055, 2.0203 1.5966 0.3268, 2.0054 1.5954 0.4055, 2.0054 1.5954 0.3268, 1.9906 1.5979 0.4055, 1.9906 1.5979 0.3268, 1.9769 1.6041 0.4055, 1.9769 1.6041 0.3268, 1.9652 1.6135 0.4055, 1.9652 1.6135 0.3268, 1.9563 1.6256 0.4055, 1.9563 1.6256 0.3268, 1.9507 1.6395 0.4055, 1.9507 1.6395 0.3268, 1.9488 1.6544 0.4055, 1.9488 1.6544 0.3268, 1.9488 1.8394 0.3268, 1.9488 1.8394 0.4055, 1.9507 1.8543 0.4055, 1.9507 1.8543 0.3268, 1.9563 1.8682 0.4055, 1.9563 1.8682 0.3268, 1.9652 1.8803 0.4055, 1.9652 1.8803 0.3268, 1.9769 1.8897 0.4055, 1.9769 1.8897 0.3268, 1.9906 1.8959 0.4055, 1.9906 1.8959 0.3268, 2.0054 1.8984 0.4055, 2.0054 1.8984 0.3268, 2.0203 1.8971 0.4055, 2.0203 1.8971 0.3268, 2.0344 1.8921 0.4055, 2.0344 1.8921 0.3268, 2.0469 1.8837 0.4055, 2.0469 1.8837 0.3268, 2.0568 1.8725 0.4055, 2.0568 1.8725 0.3268, 2.0709 1.8597 0.4055, 2.185 1.8551 0.4055, 2.0799 1.8563 0.4055, 2.0894 1.8551 0.4055, 2.0631 1.8652 0.4055, 2.0894 1.8551 0.3268, 2.0799 1.8563 0.3268, 2.0709 1.8597 0.3268, 2.0631 1.8652 0.3268, 2.185 1.8551 0.3268, 2.1952 1.6386 0.3254, 2.1952 1.8551 0.3254, 2.2047 1.6386 0.3215, 2.2047 1.8551 0.3215, 2.2129 1.6386 0.3152, 2.2129 1.8551 0.3152, 2.2191 1.6386 0.3071, 2.2191 1.8551 0.3071, 2.2231 1.6386 0.2976, 2.2231 1.8551 0.2976, 2.2244 1.6386 0.2874, 2.2244 1.8551 0.2874, 2.2048 1.6386 0.4038, 2.2244 1.6386 0.3465, 2.2873 1.6386 0.3465, 2.2782 1.6386 0.36, 2.2576 1.6386 0.3806, 2.2327 1.6386 0.3955, 2.2922 1.6375 0.3366, 2.2244 1.6378 0.3365, 2.293 1.6373 0.335, 2.2244 1.6335 0.3225, 2.2942 1.637 0.3326, 2.2244 1.626 0.31, 2.2984 1.6327 0.3205, 2.2977 1.6334 0.3226, 2.2244 1.6156 0.2997, 2.3025 1.6155 0.2998, 2.3024 1.6172 0.3009, 2.3014 1.6234 0.3072, 2.301 1.6258 0.3096, 2.3009 1.626 0.31, 2.303 1.6053 0.2933, 2.2244 1.603 0.2923, 2.303 1.6029 0.2925, 2.3031 1.5916 0.2886, 2.2244 1.589 0.2882, 2.3031 1.5889 0.2884, 2.3031 1.8551 0.2874, 2.3015 1.8551 0.3072, 2.3031 1.6386 0.2874, 2.2931 1.8551 0.335, 2.2782 1.8551 0.36, 2.2576 1.8551 0.3806, 2.2327 1.8551 0.3955, 2.2048 1.8551 0.4038, 2.3031 1.8551 0.1693, 2.2244 1.8551 0.1693, 2.3031 1.8511 0.1387, 2.2244 1.8511 0.1387, 2.3031 1.8393 0.1102, 2.2244 1.8393 0.1102, 2.3031 1.8206 0.0858, 2.2244 1.8206 0.0858, 2.3031 1.7961 0.067, 2.2244 1.7961 0.067, 2.3031 1.7676 0.0552, 2.2244 1.7676 0.0552, 2.3031 1.737 0.0512, 2.2244 1.737 0.0512, 2.3031 1.5182 0.0512, 2.2244 1.5182 0.0512, 2.3031 1.492 0.0541, 2.2244 1.492 0.0541, 2.3031 1.467 0.0628, 2.2244 1.467 0.0628, 2.3031 1.4447 0.0769, 2.2244 1.4447 0.0769, 2.3031 1.426 0.0955, 2.2244 1.426 0.0955, 2.2244 1.4182 0.1053, 2.3031 1.4182 0.1053, 2.3031 1.3259 0.1496, 2.2244 1.3259 0.1496, 2.3031 1.3522 0.1467, 2.2244 1.3522 0.1467, 2.3031 1.3771 0.1379, 2.2244 1.3771 0.1379, 2.3031 1.3995 0.1239, 2.2244 1.3995 0.1239, 2.2244 -0.1345 0.1496, 2.3031 -0.1345 0.1496, 2.3031 -0.1484 0.1513, 2.2244 -0.1484 0.1513, 2.3031 -0.1615 0.1562, 2.2244 -0.1615 0.1562, 2.3031 -0.1731 0.164, 2.2244 -0.1731 0.164, 2.3031 -0.1826 0.1744, 2.2244 -0.1826 0.1744, 2.3031 -0.1893 0.1867, 2.2244 -0.1893 0.1867, 2.3031 -0.1929 0.2002, 2.2244 -0.1929 0.2002, 2.3031 -0.3496 0.189, 2.3031 -0.3471 0.2084, 2.2244 -0.3471 0.2084, 2.3031 -0.34 0.2267, 2.2244 -0.34 0.2267, 2.3031 -0.3285 0.2426, 2.2244 -0.3285 0.2426, 2.3031 -0.3134 0.2552, 2.2244 -0.3134 0.2552, 2.3031 -0.2957 0.2637, 2.2244 -0.2957 0.2637, 2.3031 -0.2765 0.2675, 2.2244 -0.2765 0.2675, 2.3031 -0.2569 0.2665, 2.2244 -0.2569 0.2665, 2.3031 -0.2382 0.2606, 2.2244 -0.2382 0.2606, 2.3031 -0.2215 0.2503, 2.2244 -0.2215 0.2503, 2.3031 -0.2078 0.2362, 2.2244 -0.2078 0.2362, 2.3031 -0.1981 0.2191, 2.2244 -0.1981 0.2191, 2.2991 -0.3496 0.1584, 2.2873 -0.3496 0.1299, 2.2685 -0.3496 0.1055, 2.2441 -0.3496 0.0867, 2.2156 -0.3496 0.0749, 2.3031 -0.6645 0.189, 2.2991 -0.6645 0.1584, 2.2873 -0.6645 0.1299, 2.2685 -0.6645 0.1055, 2.2441 -0.6645 0.0867, 2.2156 -0.6645 0.0749, 2.3031 -0.822 0.189, 2.2244 -0.822 0.189, 2.3031 -0.8193 0.2094, 2.2244 -0.8193 0.2094, 2.3031 -0.8115 0.2283, 2.2244 -0.8115 0.2283, 2.3031 -0.799 0.2447, 2.2244 -0.799 0.2447, 2.3031 -0.7827 0.2572, 2.2244 -0.7827 0.2572, 2.3031 -0.7637 0.265, 2.2244 -0.7637 0.265, 2.3031 -0.7433 0.2677, 2.2244 -0.7433 0.2677, 2.3031 -0.7229 0.265, 2.2244 -0.7229 0.265, 2.3031 -0.7039 0.2572, 2.2244 -0.7039 0.2572, 2.3031 -0.6876 0.2447, 2.2244 -0.6876 0.2447, 2.3031 -0.6751 0.2283, 2.2244 -0.6751 0.2283, 2.3031 -0.6672 0.2094, 2.2244 -0.6672 0.2094, 2.3031 -0.822 0.1102, 2.2244 -0.822 0.1102, 2.3031 -0.8235 0.0971, 2.2244 -0.8235 0.0971, 2.3031 -0.8279 0.0846, 2.2244 -0.8279 0.0846, 2.3031 -0.8349 0.0734, 2.2244 -0.8349 0.0734, 2.3031 -0.8443 0.0641, 2.2244 -0.8443 0.0641, 2.3031 -0.8555 0.057, 2.2244 -0.8555 0.057, 2.3031 -0.8679 0.0527, 2.2244 -0.8679 0.0527, 2.3031 -0.8811 0.0512, 2.2244 -0.8811 0.0512, 2.2244 -1.3338 0.0512, 2.3031 -1.3338 0.0512, 2.2244 -2.1015 0.0512, 2.3031 -2.1015 0.0512, 2.3031 -1.3929 0.4055, 2.2244 -1.3929 0.4055, 2.3031 -1.3776 0.4035, 2.2244 -1.3776 0.4035, 2.3031 -1.3634 0.3976, 2.2244 -1.3634 0.3976, 2.3031 -1.3511 0.3882, 2.2244 -1.3511 0.3882, 2.3031 -1.3417 0.376, 2.2244 -1.3417 0.376, 2.3031 -1.3358 0.3617, 2.2244 -1.3358 0.3617, 2.3031 -1.3338 0.3465, 2.2244 -1.3338 0.3465, 2.3031 -1.3358 0.3312, 2.2244 -1.3358 0.3312, 2.3031 -1.3417 0.3169, 2.2244 -1.3417 0.3169, 2.3031 -1.3511 0.3047, 2.2244 -1.3511 0.3047, 2.3031 -1.3634 0.2953, 2.2244 -1.3634 0.2953, 2.3031 -1.3776 0.2894, 2.2244 -1.3776 0.2894, 2.3031 -1.3929 0.2874, 2.2244 -1.3929 0.2874, 2.2113 0.615 0.56, 2.185 -1.2748 0.563, 2.2914 -2.1015 0.4961, 2.2774 0.615 0.5185, 2.2774 -2.1015 0.5185, 2.2587 0.615 0.5372, 2.2587 -2.1015 0.5372, 2.2363 0.615 0.5513, 2.2363 -2.1015 0.5513, 2.2113 -2.1015 0.56, 2.2981 0.6153 0.4791, 2.2964 0.615 0.4843, 2.2914 0.615 0.4961, 2.3031 0.6544 0.4449, 2.3031 0.6492 0.4452, 2.3031 -2.1015 0.4449, 2.3031 0.6442 0.4462, 2.3031 0.6393 0.4479, 2.303 0.6347 0.4502, 2.3029 0.6304 0.453, 2.3026 0.6265 0.4564, 2.3021 0.6231 0.4603, 2.3015 0.6203 0.4646, 2.3002 -2.1015 0.4712, 2.3002 0.6172 0.4712, 2.2995 0.6163 0.4741, 2.2001 0.6151 0.4812, 2.2047 0.6153 0.479, 2.2047 -2.1015 0.479, 2.2243 0.6393 0.4479, 2.2244 0.6442 0.4462, 2.2244 -2.1015 0.4449, 2.2244 0.6492 0.4452, 2.2244 0.6544 0.4449, 2.2191 -2.1015 0.4646, 2.2191 0.6203 0.4646, 2.2231 -2.1015 0.4551, 2.2212 0.623 0.4604, 2.2226 0.6266 0.4565, 2.2231 0.6279 0.4551, 2.224 0.6347 0.4502, 2.2129 -2.1015 0.4727, 2.2115 0.6163 0.4741, 2.2129 0.6167 0.4727, 2.2163 0.6182 0.4688, 2.1952 -2.1015 0.4829, 2.185 -2.1015 0.4843, 2.185 -1.2748 0.4843, 2.1952 0.615 0.4829, 2.1902 0.615 0.4839, 2.185 0.615 0.4843, 2.2244 1.3861 0.4218, 2.2244 1.3698 0.4343, 2.2244 1.3508 0.4422, 2.2244 1.3304 0.4449, 2.3031 1.3861 0.4218, 2.3031 1.3698 0.4343, 2.3031 1.3508 0.4422, 2.3031 1.3304 0.4449, 1.9094 0.615 0.4843, 1.8314 0.615 0.4843, 1.8041 0.6182 0.4843, 1.7784 0.6275 0.4843, 1.7555 0.6426 0.4843, 1.7366 0.6626 0.4843, 1.7229 0.6863 0.4843, 1.7151 0.7126 0.4843, 1.6766 0.9308 0.4843, -1.9095 0.615 0.4843, -1.8314 0.615 0.4843, -1.7151 0.7126 0.4843, -1.7229 0.6863 0.4843, -1.7367 0.6626 0.4843, -1.7555 0.6426 0.4843, -1.7784 0.6275 0.4843, -1.8042 0.6182 0.4843, -1.6766 0.9308 0.4843, -1.6687 0.957 0.4843, -1.655 0.9808 0.4843, -1.6362 1.0007 0.4843, -1.6133 1.0158 0.4843, -1.5875 1.0252 0.4843, -1.5603 1.0284 0.4843, 1.5603 1.0284 0.4843, 1.2202 1.0284 0.4843, 1.5875 1.0252 0.4843, 1.6133 1.0158 0.4843, 1.6362 1.0007 0.4843, 1.655 0.9808 0.4843, 1.6687 0.957 0.4843, 1.1024 0.0618 0.5512, -1.1024 0.0618 0.5512, -1.1024 -0.0523 0.5512, -1.1171 0.0599 0.5512, -1.1309 0.0542 0.5512, 1.1024 -0.0523 0.5512, 1.1171 -0.0504 0.5512, 1.1309 -0.0447 0.5512, -1.1575 0.0195 0.5512, -1.1595 0.0048 0.5512, -1.1518 0.0333 0.5512, -1.1575 -0.01 0.5512, -1.1518 -0.0238 0.5512, -1.1427 -0.0356 0.5512, -1.1309 -0.0447 0.5512, -1.1427 0.0451 0.5512, -1.1171 -0.0504 0.5512, 1.1427 -0.0356 0.5512, 1.1518 -0.0238 0.5512, 1.1575 -0.01 0.5512, 1.1594 0.0048 0.5512, 1.1575 0.0195 0.5512, 1.1518 0.0333 0.5512, 1.1427 0.0451 0.5512, 1.1309 0.0542 0.5512, 1.1171 0.0599 0.5512, -1.1024 0.0649 0.5516, 1.1024 0.0649 0.5516, -1.1024 0.0677 0.5528, 1.1024 0.0677 0.5528, -1.1024 0.0702 0.5546, 1.1024 0.0702 0.5546, -1.1024 0.0721 0.5571, 1.1024 0.0721 0.5571, -1.1024 0.0732 0.5599, 1.1024 0.0732 0.5599, -1.1024 -0.0637 0.5599, -1.1201 -0.0614 0.5599, -1.1366 -0.0546 0.5599, -1.1508 -0.0437 0.5599, -1.1617 -0.0295 0.5599, -1.1685 -0.013 0.5599, -1.1709 0.0048 0.5599, -1.1685 0.0225 0.5599, -1.1617 0.039 0.5599, -1.1508 0.0532 0.5599, -1.1366 0.0641 0.5599, -1.1201 0.0709 0.5599, -1.1024 -0.0626 0.5571, -1.1198 -0.0603 0.5571, -1.136 -0.0535 0.5571, -1.15 -0.0428 0.5571, -1.1607 -0.0289 0.5571, -1.1674 -0.0127 0.5571, -1.1697 0.0048 0.5571, -1.1674 0.0222 0.5571, -1.1607 0.0384 0.5571, -1.15 0.0523 0.5571, -1.136 0.063 0.5571, -1.1198 0.0698 0.5571, -1.1024 -0.0607 0.5546, -1.1193 -0.0585 0.5546, -1.1351 -0.0519 0.5546, -1.1486 -0.0415 0.5546, -1.159 -0.028 0.5546, -1.1656 -0.0122 0.5546, -1.1678 0.0048 0.5546, -1.1656 0.0217 0.5546, -1.159 0.0375 0.5546, -1.1486 0.051 0.5546, -1.1351 0.0614 0.5546, -1.1193 0.068 0.5546, -1.1024 -0.0582 0.5528, -1.1187 -0.0561 0.5528, -1.1339 -0.0498 0.5528, -1.1469 -0.0398 0.5528, -1.1569 -0.0267 0.5528, -1.1632 -0.0116 0.5528, -1.1654 0.0048 0.5528, -1.1632 0.0211 0.5528, -1.1569 0.0362 0.5528, -1.1469 0.0493 0.5528, -1.1339 0.0593 0.5528, -1.1187 0.0656 0.5528, -1.1024 -0.0554 0.5516, -1.1179 -0.0533 0.5516, -1.1324 -0.0473 0.5516, -1.1449 -0.0378 0.5516, -1.1545 -0.0253 0.5516, -1.1605 -0.0108 0.5516, -1.1625 0.0048 0.5516, -1.1605 0.0203 0.5516, -1.1545 0.0348 0.5516, -1.1449 0.0473 0.5516, -1.1324 0.0568 0.5516, -1.1179 0.0628 0.5516, 1.1024 -0.0554 0.5516, 1.1024 -0.0582 0.5528, 1.1024 -0.0607 0.5546, 1.1024 -0.0626 0.5571, 1.1024 -0.0637 0.5599, 1.1201 0.0709 0.5599, 1.1366 0.0641 0.5599, 1.1508 0.0532 0.5599, 1.1617 0.039 0.5599, 1.1685 0.0225 0.5599, 1.1708 0.0048 0.5599, 1.1685 -0.013 0.5599, 1.1617 -0.0295 0.5599, 1.1508 -0.0437 0.5599, 1.1366 -0.0546 0.5599, 1.1201 -0.0614 0.5599, 1.1198 0.0698 0.5571, 1.136 0.063 0.5571, 1.15 0.0523 0.5571, 1.1606 0.0384 0.5571, 1.1674 0.0222 0.5571, 1.1697 0.0048 0.5571, 1.1674 -0.0127 0.5571, 1.1606 -0.0289 0.5571, 1.15 -0.0428 0.5571, 1.136 -0.0535 0.5571, 1.1198 -0.0603 0.5571, 1.1193 0.068 0.5546, 1.1351 0.0614 0.5546, 1.1486 0.051 0.5546, 1.159 0.0375 0.5546, 1.1656 0.0217 0.5546, 1.1678 0.0048 0.5546, 1.1656 -0.0122 0.5546, 1.159 -0.028 0.5546, 1.1486 -0.0415 0.5546, 1.1351 -0.0519 0.5546, 1.1193 -0.0585 0.5546, 1.1187 0.0656 0.5528, 1.1338 0.0593 0.5528, 1.1469 0.0493 0.5528, 1.1569 0.0362 0.5528, 1.1632 0.0211 0.5528, 1.1653 0.0048 0.5528, 1.1632 -0.0116 0.5528, 1.1569 -0.0267 0.5528, 1.1469 -0.0398 0.5528, 1.1338 -0.0498 0.5528, 1.1187 -0.0561 0.5528, 1.1179 0.0628 0.5516, 1.1324 0.0568 0.5516, 1.1449 0.0473 0.5516, 1.1544 0.0348 0.5516, 1.1604 0.0203 0.5516, 1.1625 0.0048 0.5516, 1.1604 -0.0108 0.5516, 1.1544 -0.0253 0.5516, 1.1449 -0.0378 0.5516, 1.1324 -0.0473 0.5516, 1.1179 -0.0533 0.5516, -1.0236 -0.5661 0.4843, -1.1001 -0.5762 0.4843, -1.1713 -0.6057 0.4843, -1.2324 -0.6526 0.4843, -1.2793 -0.7138 0.4843, -1.3088 -0.785 0.4843, -1.3189 -0.8614 0.4843, -1.3088 -0.9378 0.4843, -1.2793 -1.009 0.4843, -1.2324 -1.0702 0.4843, -1.1713 -1.1171 0.4843, -1.1001 -1.1466 0.4843, -1.0236 -1.1567 0.4843, 1.0236 -1.1567 0.4843, 1.1 -1.1466 0.4843, 1.1712 -1.1171 0.4843, 1.2202 -1.0796 0.4843, 1.2324 -1.0702 0.4843, 1.2793 -1.009 0.4843, 1.3088 -0.9378 0.4843, 1.3189 -0.8614 0.4843, 1.3088 -0.785 0.4843, 1.2793 -0.7138 0.4843, 1.2324 -0.6526 0.4843, 1.2202 -0.6432 0.4843, 1.1712 -0.6057 0.4843, 1.1 -0.5762 0.4843, 1.0236 -0.5661 0.4843, 1.2362 -1.6291 0.4843, 1.2282 -1.568 0.4843, 1.2202 -1.5487 0.4843, 1.2046 -1.511 0.4843, 1.167 -1.4621 0.4843, 1.1181 -1.4245 0.4843, 1.0611 -1.4009 0.4843, 1.0 -1.3929 0.4843, 0.9389 -1.4009 0.4843, 0.8819 -1.4245 0.4843, 0.833 -1.4621 0.4843, 0.7954 -1.511 0.4843, 0.7718 -1.568 0.4843, 0.7638 -1.6291 0.4843, 0.2362 -1.6291 0.4843, 0.2282 -1.568 0.4843, 0.2046 -1.511 0.4843, 0.167 -1.4621 0.4843, 0.1181 -1.4245 0.4843, 0.0611 -1.4009 0.4843, -0.0 -1.3929 0.4843, -0.0611 -1.4009 0.4843, -0.1181 -1.4245 0.4843, -0.167 -1.4621 0.4843, -0.2046 -1.511 0.4843, -0.2282 -1.568 0.4843, -0.2362 -1.6291 0.4843, -0.2282 -1.6902 0.4843, -0.2046 -1.7472 0.4843, -0.167 -1.7961 0.4843, -0.1181 -1.8337 0.4843, -0.0611 -1.8573 0.4843, -0.0 -1.8653 0.4843, 0.0611 -1.8573 0.4843, 0.1181 -1.8337 0.4843, 0.167 -1.7961 0.4843, 0.2046 -1.7472 0.4843, 0.2282 -1.6902 0.4843, -0.7638 -1.6291 0.4843, -0.7718 -1.568 0.4843, -0.7954 -1.511 0.4843, -0.833 -1.4621 0.4843, -0.8819 -1.4245 0.4843, -0.9389 -1.4009 0.4843, -1.0 -1.3929 0.4843, -1.0611 -1.4009 0.4843, -1.1181 -1.4245 0.4843, -1.167 -1.4621 0.4843, -1.2046 -1.511 0.4843, -1.2282 -1.568 0.4843, -1.2362 -1.6291 0.4843, -1.2282 -1.6902 0.4843, -1.2046 -1.7472 0.4843, -1.167 -1.7961 0.4843, -1.1181 -1.8337 0.4843, -1.0611 -1.8573 0.4843, -1.0 -1.8653 0.4843, -0.9389 -1.8573 0.4843, -0.8819 -1.8337 0.4843, -0.833 -1.7961 0.4843, -0.7954 -1.7472 0.4843, -0.7718 -1.6902 0.4843, 0.7718 -1.6902 0.4843, 0.7954 -1.7472 0.4843, 0.833 -1.7961 0.4843, 0.8819 -1.8337 0.4843, 0.9389 -1.8573 0.4843, 1.0 -1.8653 0.4843, 1.0611 -1.8573 0.4843, 1.1181 -1.8337 0.4843, 1.167 -1.7961 0.4843, 1.2046 -1.7472 0.4843, 1.2202 -1.7095 0.4843, 1.2282 -1.6902 0.4843, 1.2202 -1.2748 0.4843, 1.2202 -2.1015 0.4843, -2.2244 1.3304 0.4449, -2.3032 1.3304 0.4449, -2.2244 1.3861 0.4218, -2.3032 1.3861 0.4218, -2.3032 1.3698 0.4343, -2.2244 1.3698 0.4343, -2.3032 1.3508 0.4422, -2.2244 1.3508 0.4422, -2.3032 1.4974 0.3105, -2.2244 1.4974 0.3105, -2.3032 1.5137 0.298, -2.2244 1.5137 0.298, -2.3032 1.5327 0.2901, -2.2244 1.5327 0.2901, -2.3032 1.5531 0.2874, -2.2244 1.5531 0.2874, -2.3032 1.5796 0.2874, -2.2244 1.5796 0.2874, -2.3031 1.5894 0.2887, -2.2244 1.5894 0.2882, -2.3031 1.5944 0.2893, -2.2244 1.6034 0.2924, -2.3022 1.6193 0.3028, -2.3024 1.6156 0.3002, -2.2244 1.6159 0.2999, -2.3029 1.6078 0.2946, -2.303 1.6032 0.2928, -2.2244 1.6336 0.3226, -2.3003 1.6286 0.3134, -2.2244 1.6261 0.3102, -2.3008 1.6259 0.3104, -2.3014 1.6231 0.3072, -2.293 1.6373 0.335, -2.2971 1.6346 0.3248, -2.2977 1.6335 0.3227, -2.2924 1.6377 0.3366, -2.2244 1.6378 0.3366, -2.2921 1.6379 0.3373, -2.2244 1.6386 0.3465, -2.2873 1.6386 0.3465, -2.2782 1.6386 0.36, -2.2048 1.6386 0.4038, -2.2327 1.6386 0.3955, -2.2576 1.6386 0.3806, -2.2782 1.8551 0.36, -2.2576 1.8551 0.3806, -2.2327 1.8551 0.3955, -2.2048 1.8551 0.4038, -2.2931 1.8551 0.335, -2.3015 1.8551 0.3072, -2.3032 1.6386 0.2874, -2.3032 1.8551 0.2874, -2.2244 1.8551 0.1693, -2.3032 1.8551 0.1693, -2.2244 1.737 0.0512, -2.3032 1.737 0.0512, -2.3032 1.7676 0.0552, -2.2244 1.7676 0.0552, -2.3032 1.7961 0.067, -2.2244 1.7961 0.067, -2.3032 1.8206 0.0858, -2.2244 1.8206 0.0858, -2.3032 1.8393 0.1102, -2.2244 1.8393 0.1102, -2.3032 1.8511 0.1387, -2.2244 1.8511 0.1387, -2.2244 1.5182 0.0512, -2.3032 1.5182 0.0512, -2.2244 1.426 0.0955, -2.3032 1.426 0.0955, -2.3032 1.4447 0.0769, -2.2244 1.4447 0.0769, -2.3032 1.467 0.0628, -2.2244 1.467 0.0628, -2.3032 1.492 0.0541, -2.2244 1.492 0.0541, -2.3032 1.4182 0.1053, -2.2244 1.4182 0.1053, -2.3032 1.3995 0.1239, -2.2244 1.3995 0.1239, -2.3032 1.3771 0.1379, -2.2244 1.3771 0.1379, -2.3032 1.3522 0.1467, -2.2244 1.3522 0.1467, -2.3032 1.3259 0.1496, -2.2244 1.3259 0.1496, -2.3032 -0.1345 0.1496, -2.2244 -0.1345 0.1496, -2.2244 -0.1929 0.2002, -2.3032 -0.1929 0.2002, -2.3032 -0.1893 0.1867, -2.2244 -0.1893 0.1867, -2.3032 -0.1826 0.1744, -2.2244 -0.1826 0.1744, -2.3032 -0.1731 0.164, -2.2244 -0.1731 0.164, -2.3032 -0.1615 0.1562, -2.2244 -0.1615 0.1562, -2.3032 -0.1484 0.1513, -2.2244 -0.1484 0.1513, -2.3032 -0.1981 0.2191, -2.2244 -0.1981 0.2191, -2.3032 -0.2078 0.2362, -2.2244 -0.2078 0.2362, -2.3032 -0.2215 0.2503, -2.2244 -0.2215 0.2503, -2.3032 -0.2382 0.2606, -2.2244 -0.2382 0.2606, -2.3032 -0.2569 0.2665, -2.2244 -0.2569 0.2665, -2.3032 -0.2765 0.2675, -2.2244 -0.2765 0.2675, -2.3032 -0.2957 0.2637, -2.2244 -0.2957 0.2637, -2.3032 -0.3134 0.2552, -2.2244 -0.3134 0.2552, -2.3032 -0.3285 0.2426, -2.2244 -0.3285 0.2426, -2.3032 -0.34 0.2267, -2.2244 -0.34 0.2267, -2.3032 -0.3471 0.2084, -2.2244 -0.3471 0.2084, -2.2244 -0.3496 0.189, -2.1952 -0.3496 0.1509, -2.2047 -0.3496 0.1549, -2.2129 -0.3496 0.1611, -2.2191 -0.3496 0.1693, -2.2231 -0.3496 0.1788, -2.1952 -0.6645 0.1509, -2.2047 -0.6645 0.1549, -2.2129 -0.6645 0.1611, -2.2191 -0.6645 0.1693, -2.2231 -0.6645 0.1788, -2.2244 -0.6645 0.189, -2.3032 -0.6672 0.2094, -2.2244 -0.6672 0.2094, -2.3032 -0.6751 0.2283, -2.2244 -0.6751 0.2283, -2.3032 -0.6876 0.2447, -2.2244 -0.6876 0.2447, -2.3032 -0.7039 0.2572, -2.2244 -0.7039 0.2572, -2.3032 -0.7229 0.265, -2.2244 -0.7229 0.265, -2.3032 -0.7433 0.2677, -2.2244 -0.7433 0.2677, -2.3032 -0.7637 0.265, -2.2244 -0.7637 0.265, -2.3032 -0.7827 0.2572, -2.2244 -0.7827 0.2572, -2.3032 -0.799 0.2447, -2.2244 -0.799 0.2447, -2.3032 -0.8115 0.2283, -2.2244 -0.8115 0.2283, -2.3032 -0.8193 0.2094, -2.2244 -0.8193 0.2094, -2.3032 -0.822 0.189, -2.2244 -0.822 0.189, -2.2244 -0.822 0.1102, -2.3032 -0.822 0.1102, -2.2244 -0.8811 0.0512, -2.3032 -0.8811 0.0512, -2.3032 -0.8679 0.0527, -2.2244 -0.8679 0.0527, -2.3032 -0.8555 0.057, -2.2244 -0.8555 0.057, -2.3032 -0.8443 0.0641, -2.2244 -0.8443 0.0641, -2.3032 -0.8349 0.0734, -2.2244 -0.8349 0.0734, -2.3032 -0.8279 0.0846, -2.2244 -0.8279 0.0846, -2.3032 -0.8235 0.0971, -2.2244 -0.8235 0.0971, -2.2244 -1.3511 0.3882, -2.2244 -1.3417 0.376, -2.2244 -1.3634 0.3976, -2.2244 -1.3634 0.2953, -2.2244 -1.3776 0.2894, -2.2244 -1.3929 0.2874, -2.2244 -1.3929 0.4055, -2.2244 -1.3776 0.4035, -2.2244 -1.3417 0.3169, -2.2244 -1.3358 0.3312, -2.2244 -1.3338 0.3465, -2.2244 -1.3358 0.3617, -2.2244 -1.3511 0.3047, -2.3032 -1.3929 0.2874, -2.3032 -1.3776 0.2894, -2.3032 -1.3634 0.2953, -2.3032 -1.3511 0.3047, -2.3032 -1.3417 0.3169, -2.3032 -1.3358 0.3312, -2.3032 -1.3338 0.3465, -2.3032 -1.3358 0.3617, -2.3032 -1.3417 0.376, -2.3032 -1.3511 0.3882, -2.3032 -1.3634 0.3976, -2.3032 -1.3776 0.4035, -2.3032 -1.3929 0.4055
            ]
        }
        coordIndex [
            0,1,2,-1,2,1,3,-1,4,5,6,-1,4,6,7,-1,7,6,8,-1,7,8,9,-1,9,8,10,-1,9,10,11,-1,11,10,2,-1,11,2,3,-1,5,4,12,-1,12,4,13,-1,14,15,16,-1,14,16,17,-1,17,16,18,-1,17,18,19,-1,19,18,12,-1,19,12,13,-1,15,14,20,-1,20,14,21,-1,22,23,24,-1,24,23,25,-1,26,27,28,-1,26,28,29,-1,29,28,30,-1,29,30,31,-1,31,30,32,-1,31,32,33,-1,33,32,34,-1,33,34,35,-1,35,34,36,-1,35,36,37,-1,37,36,38,-1,37,38,39,-1,39,38,25,-1,39,25,23,-1,27,26,40,-1,40,26,41,-1,40,41,42,-1,42,41,43,-1,42,43,44,-1,44,43,45,-1,44,45,46,-1,46,45,47,-1,46,47,48,-1,48,47,49,-1,48,49,50,-1,50,49,51,-1,51,52,50,-1,50,52,53,-1,54,55,56,-1,54,56,57,-1,57,56,58,-1,57,58,59,-1,59,58,60,-1,59,60,61,-1,61,60,62,-1,61,62,63,-1,63,62,64,-1,63,64,65,-1,65,64,53,-1,65,53,52,-1,66,55,67,-1,67,55,54,-1,68,69,67,-1,67,69,66,-1,70,71,72,-1,72,71,73,-1,71,70,74,-1,74,70,75,-1,74,75,76,-1,76,75,77,-1,76,77,78,-1,78,77,79,-1,78,79,80,-1,80,79,81,-1,80,81,82,-1,82,81,83,-1,82,83,84,-1,84,83,85,-1,84,85,86,-1,86,85,87,-1,86,87,88,-1,88,87,89,-1,88,89,90,-1,90,89,91,-1,90,91,92,-1,92,91,93,-1,92,93,94,-1,94,93,95,-1,94,95,96,-1,96,95,97,-1,98,99,100,-1,100,99,101,-1,98,102,99,-1,99,102,103,-1,104,105,106,-1,106,105,107,-1,107,108,106,-1,106,108,109,-1,108,110,109,-1,109,110,111,-1,112,113,114,-1,114,113,115,-1,114,115,116,-1,116,115,117,-1,116,117,118,-1,118,117,119,-1,118,119,120,-1,120,119,121,-1,120,121,122,-1,122,121,123,-1,122,123,124,-1,124,123,125,-1,124,125,110,-1,110,125,111,-1,126,113,127,-1,127,113,112,-1,110,108,107,-1,128,129,101,-1,103,130,99,-1,99,130,131,-1,99,131,101,-1,101,131,132,-1,101,132,128,-1,114,116,105,-1,105,116,118,-1,118,120,105,-1,105,120,122,-1,105,122,107,-1,107,122,124,-1,107,124,110,-1,129,133,101,-1,101,133,127,-1,101,127,105,-1,105,127,112,-1,105,112,114,-1,130,134,131,-1,131,134,135,-1,131,135,132,-1,132,135,136,-1,132,136,128,-1,128,136,137,-1,128,137,129,-1,129,137,138,-1,129,138,133,-1,133,138,139,-1,133,139,127,-1,127,139,126,-1,102,134,103,-1,103,134,130,-1,134,102,98,-1,139,138,100,-1,138,137,100,-1,100,137,136,-1,100,136,98,-1,98,136,135,-1,98,135,134,-1,109,111,106,-1,106,111,125,-1,106,125,104,-1,104,125,123,-1,123,121,104,-1,104,121,119,-1,104,119,117,-1,117,115,104,-1,104,115,113,-1,104,113,100,-1,100,113,126,-1,100,126,139,-1,104,100,140,-1,104,140,141,-1,141,140,142,-1,141,142,143,-1,143,142,144,-1,143,144,145,-1,145,144,146,-1,145,146,147,-1,147,146,148,-1,147,148,149,-1,105,104,150,-1,150,104,141,-1,150,141,151,-1,151,141,143,-1,151,143,152,-1,152,143,145,-1,152,145,153,-1,153,145,147,-1,153,147,154,-1,154,147,149,-1,154,155,153,-1,153,155,156,-1,153,156,152,-1,152,156,157,-1,152,157,151,-1,151,157,158,-1,151,158,150,-1,150,158,159,-1,150,159,105,-1,105,159,101,-1,155,148,156,-1,156,148,146,-1,156,146,157,-1,157,146,144,-1,157,144,158,-1,158,144,142,-1,158,142,159,-1,159,142,140,-1,159,140,101,-1,101,140,100,-1,148,155,160,-1,160,155,161,-1,160,161,162,-1,162,161,163,-1,162,163,164,-1,164,163,165,-1,164,165,166,-1,166,165,167,-1,166,167,97,-1,97,167,96,-1,168,160,169,-1,169,160,162,-1,169,162,170,-1,170,162,164,-1,170,164,171,-1,171,164,166,-1,171,166,172,-1,172,166,97,-1,160,168,148,-1,148,168,149,-1,168,173,149,-1,149,173,154,-1,155,154,161,-1,161,154,173,-1,174,96,167,-1,174,167,175,-1,175,167,165,-1,175,165,176,-1,176,165,163,-1,176,163,177,-1,177,163,161,-1,177,161,173,-1,172,174,171,-1,171,174,175,-1,171,175,170,-1,170,175,176,-1,170,176,169,-1,169,176,177,-1,169,177,168,-1,168,177,173,-1,172,178,174,-1,174,178,179,-1,180,181,182,-1,180,182,183,-1,183,182,184,-1,183,184,185,-1,185,184,186,-1,185,186,187,-1,187,186,188,-1,187,188,189,-1,189,188,190,-1,189,190,191,-1,191,190,179,-1,191,179,178,-1,192,181,193,-1,193,181,180,-1,194,195,196,-1,194,196,197,-1,197,196,198,-1,197,198,199,-1,199,198,200,-1,199,200,201,-1,201,200,202,-1,201,202,203,-1,203,202,204,-1,203,204,205,-1,205,204,192,-1,205,192,193,-1,195,194,206,-1,206,194,207,-1,206,207,208,-1,208,207,209,-1,208,209,210,-1,210,209,211,-1,210,211,212,-1,212,211,213,-1,212,213,214,-1,214,213,215,-1,214,215,216,-1,216,215,217,-1,218,216,219,-1,219,216,217,-1,218,219,220,-1,220,219,221,-1,220,221,222,-1,222,221,223,-1,222,223,224,-1,224,223,225,-1,224,225,226,-1,226,225,227,-1,226,227,228,-1,228,227,229,-1,228,229,230,-1,230,229,231,-1,230,231,232,-1,232,231,233,-1,234,235,236,-1,234,236,237,-1,237,236,238,-1,237,238,239,-1,239,238,240,-1,239,240,241,-1,241,240,242,-1,241,242,243,-1,243,242,244,-1,243,244,245,-1,245,244,246,-1,245,246,247,-1,247,246,232,-1,247,232,233,-1,248,249,234,-1,234,249,235,-1,250,251,252,-1,250,252,253,-1,253,252,254,-1,253,254,255,-1,255,254,256,-1,255,256,257,-1,257,256,258,-1,257,258,259,-1,259,258,260,-1,259,260,261,-1,261,260,249,-1,261,249,248,-1,262,263,250,-1,250,263,251,-1,263,262,264,-1,264,262,265,-1,264,265,266,-1,266,265,267,-1,266,267,268,-1,268,267,269,-1,268,269,270,-1,270,269,271,-1,270,271,272,-1,272,271,273,-1,272,273,68,-1,68,273,69,-1,262,274,275,-1,262,275,265,-1,265,275,276,-1,265,276,267,-1,267,276,277,-1,267,277,269,-1,269,277,278,-1,269,278,271,-1,271,278,279,-1,271,279,273,-1,273,279,280,-1,273,280,69,-1,66,281,282,-1,69,280,66,-1,66,280,283,-1,66,283,281,-1,282,284,66,-1,66,284,285,-1,66,285,286,-1,287,288,46,-1,289,290,55,-1,25,27,24,-1,24,27,40,-1,24,40,20,-1,20,40,42,-1,20,42,44,-1,48,291,46,-1,46,291,292,-1,6,0,8,-1,8,0,2,-1,8,2,10,-1,292,293,46,-1,46,293,294,-1,46,294,287,-1,32,30,34,-1,34,30,36,-1,25,38,27,-1,27,38,36,-1,27,36,28,-1,28,36,30,-1,0,20,288,-1,288,20,44,-1,288,44,46,-1,286,295,66,-1,66,295,296,-1,66,296,55,-1,55,296,297,-1,55,297,298,-1,299,64,62,-1,64,299,53,-1,53,299,300,-1,53,300,50,-1,50,300,301,-1,50,301,48,-1,48,301,302,-1,48,302,291,-1,298,303,55,-1,55,303,304,-1,55,304,289,-1,290,305,55,-1,55,305,306,-1,55,306,56,-1,56,306,307,-1,56,307,58,-1,58,307,299,-1,58,299,60,-1,60,299,62,-1,6,5,0,-1,0,5,12,-1,0,12,18,-1,18,16,0,-1,0,16,15,-1,0,15,20,-1,308,309,310,-1,311,312,308,-1,308,312,313,-1,308,313,309,-1,310,314,308,-1,308,314,315,-1,308,315,316,-1,316,315,317,-1,316,317,298,-1,298,317,318,-1,298,318,303,-1,280,319,283,-1,283,319,320,-1,321,295,322,-1,322,295,286,-1,322,286,323,-1,323,286,285,-1,323,285,324,-1,324,285,284,-1,324,284,325,-1,325,284,282,-1,325,282,326,-1,326,282,281,-1,326,281,320,-1,320,281,283,-1,295,321,296,-1,296,321,327,-1,328,316,329,-1,329,316,298,-1,329,298,330,-1,330,298,297,-1,330,297,327,-1,327,297,296,-1,316,328,308,-1,308,328,331,-1,332,313,312,-1,332,312,333,-1,333,312,311,-1,333,311,334,-1,334,311,308,-1,334,308,331,-1,313,332,309,-1,309,332,335,-1,336,315,314,-1,336,314,337,-1,337,314,310,-1,337,310,338,-1,338,310,309,-1,338,309,335,-1,315,336,317,-1,317,336,339,-1,340,304,341,-1,341,304,303,-1,341,303,342,-1,342,303,318,-1,342,318,339,-1,339,318,317,-1,304,340,289,-1,289,340,343,-1,344,301,345,-1,345,301,300,-1,345,300,346,-1,346,300,299,-1,346,299,347,-1,347,299,307,-1,347,307,348,-1,348,307,306,-1,348,306,349,-1,349,306,305,-1,349,305,350,-1,350,305,290,-1,350,290,343,-1,343,290,289,-1,301,344,302,-1,302,344,351,-1,1,0,352,-1,352,0,288,-1,352,288,353,-1,353,288,287,-1,353,287,354,-1,354,287,294,-1,354,294,355,-1,355,294,293,-1,355,293,356,-1,356,293,292,-1,356,292,357,-1,357,292,291,-1,357,291,351,-1,351,291,302,-1,321,322,67,-1,322,323,67,-1,67,323,324,-1,67,324,325,-1,319,68,320,-1,320,68,67,-1,320,67,326,-1,326,67,325,-1,22,41,26,-1,41,22,43,-1,43,22,21,-1,43,21,45,-1,45,21,352,-1,45,352,47,-1,47,352,353,-1,47,353,354,-1,354,355,47,-1,47,355,356,-1,47,356,49,-1,54,348,349,-1,37,39,26,-1,26,39,23,-1,26,23,22,-1,14,3,21,-1,21,3,1,-1,21,1,352,-1,26,29,37,-1,37,29,31,-1,37,31,35,-1,35,31,33,-1,356,357,49,-1,49,357,351,-1,49,351,51,-1,51,351,344,-1,51,344,52,-1,52,344,345,-1,52,345,65,-1,65,345,346,-1,65,346,63,-1,63,346,61,-1,349,350,54,-1,54,350,343,-1,54,343,340,-1,321,67,327,-1,327,67,54,-1,327,54,330,-1,11,3,9,-1,9,3,7,-1,348,54,347,-1,347,54,57,-1,347,57,346,-1,346,57,59,-1,346,59,61,-1,340,341,54,-1,54,341,329,-1,54,329,330,-1,17,19,14,-1,14,19,13,-1,14,13,3,-1,3,13,4,-1,3,4,7,-1,338,335,331,-1,341,342,329,-1,329,342,339,-1,329,339,328,-1,328,339,336,-1,328,336,331,-1,331,336,337,-1,331,337,338,-1,335,332,331,-1,331,332,333,-1,331,333,334,-1,68,319,272,-1,272,319,358,-1,272,358,270,-1,270,358,359,-1,270,359,268,-1,268,359,360,-1,268,360,266,-1,266,360,361,-1,266,361,264,-1,264,361,362,-1,264,362,263,-1,263,362,363,-1,319,280,358,-1,358,280,279,-1,358,279,359,-1,359,279,278,-1,359,278,360,-1,360,278,277,-1,360,277,361,-1,361,277,276,-1,361,276,362,-1,362,276,275,-1,362,275,363,-1,363,275,274,-1,364,365,366,-1,366,365,367,-1,366,367,368,-1,368,367,369,-1,368,369,370,-1,370,369,371,-1,370,371,372,-1,372,371,373,-1,372,373,374,-1,374,373,375,-1,374,375,376,-1,376,375,377,-1,274,365,363,-1,363,365,364,-1,79,77,378,-1,365,274,262,-1,172,97,95,-1,193,180,178,-1,178,180,183,-1,178,183,185,-1,70,72,379,-1,187,189,185,-1,185,189,191,-1,185,191,178,-1,77,75,378,-1,378,75,70,-1,378,70,380,-1,380,70,379,-1,381,83,378,-1,378,83,81,-1,378,81,79,-1,261,248,375,-1,213,87,215,-1,215,87,85,-1,95,93,172,-1,172,93,91,-1,172,91,89,-1,223,377,225,-1,225,377,375,-1,225,375,227,-1,250,253,373,-1,253,255,373,-1,373,255,257,-1,373,257,375,-1,375,257,259,-1,375,259,261,-1,373,371,250,-1,250,371,369,-1,250,369,262,-1,262,369,367,-1,262,367,365,-1,213,211,87,-1,87,211,209,-1,87,209,207,-1,85,83,215,-1,215,83,381,-1,215,381,217,-1,217,381,382,-1,217,382,219,-1,219,382,383,-1,219,383,221,-1,221,383,384,-1,221,384,223,-1,223,384,385,-1,223,385,377,-1,245,234,237,-1,245,247,234,-1,234,247,233,-1,234,233,248,-1,248,233,231,-1,248,231,375,-1,375,231,229,-1,375,229,227,-1,89,87,172,-1,172,87,207,-1,172,207,178,-1,178,207,194,-1,178,194,193,-1,193,194,197,-1,193,197,205,-1,205,197,199,-1,205,199,203,-1,203,199,201,-1,237,239,245,-1,245,239,241,-1,245,241,243,-1,379,72,386,-1,379,386,387,-1,387,386,388,-1,387,388,389,-1,389,388,390,-1,389,390,391,-1,391,390,392,-1,391,392,393,-1,393,392,394,-1,393,394,395,-1,395,394,24,-1,395,24,20,-1,22,24,396,-1,396,24,394,-1,396,394,397,-1,397,394,392,-1,397,392,398,-1,398,392,390,-1,398,390,399,-1,399,390,388,-1,399,388,400,-1,400,388,386,-1,400,386,73,-1,73,386,72,-1,21,22,401,-1,401,22,396,-1,401,396,402,-1,402,396,397,-1,402,397,403,-1,403,397,398,-1,403,398,404,-1,404,398,399,-1,404,399,405,-1,405,399,400,-1,405,400,406,-1,406,400,73,-1,406,379,405,-1,405,379,387,-1,405,387,404,-1,404,387,389,-1,404,389,403,-1,403,389,391,-1,403,391,402,-1,402,391,393,-1,402,393,401,-1,401,393,395,-1,401,395,21,-1,21,395,20,-1,406,407,379,-1,379,407,380,-1,408,385,409,-1,409,385,384,-1,409,384,410,-1,410,384,383,-1,410,383,411,-1,411,383,382,-1,411,382,412,-1,412,382,381,-1,412,381,413,-1,413,381,378,-1,413,378,407,-1,407,378,380,-1,377,385,376,-1,376,385,408,-1,363,364,263,-1,263,364,366,-1,263,366,251,-1,222,224,374,-1,407,406,73,-1,366,368,251,-1,251,368,370,-1,251,370,252,-1,252,370,372,-1,252,372,254,-1,249,260,374,-1,374,260,258,-1,374,258,372,-1,372,258,256,-1,372,256,254,-1,236,235,244,-1,212,214,73,-1,224,226,374,-1,374,226,228,-1,374,228,249,-1,228,230,249,-1,249,230,232,-1,249,232,235,-1,235,232,246,-1,235,246,244,-1,96,174,94,-1,94,174,179,-1,94,179,92,-1,236,244,238,-1,238,244,242,-1,238,242,240,-1,78,80,192,-1,192,80,82,-1,192,82,181,-1,181,82,84,-1,181,84,86,-1,374,376,222,-1,222,376,408,-1,222,408,220,-1,220,408,409,-1,220,409,218,-1,218,409,410,-1,218,410,216,-1,216,410,411,-1,216,411,214,-1,214,411,412,-1,214,412,73,-1,73,412,413,-1,73,413,407,-1,179,190,92,-1,92,190,188,-1,92,188,186,-1,212,73,210,-1,210,73,71,-1,210,71,74,-1,78,192,76,-1,76,192,204,-1,76,204,202,-1,86,88,181,-1,181,88,90,-1,181,90,182,-1,182,90,92,-1,182,92,184,-1,184,92,186,-1,196,195,76,-1,76,195,206,-1,76,206,74,-1,74,206,208,-1,74,208,210,-1,202,200,76,-1,76,200,198,-1,76,198,196,-1,414,415,416,-1,416,415,417,-1,416,417,418,-1,418,417,419,-1,418,419,420,-1,420,419,421,-1,420,421,422,-1,422,421,423,-1,424,425,426,-1,426,425,427,-1,428,429,430,-1,430,429,431,-1,430,431,432,-1,432,431,433,-1,432,433,426,-1,426,433,424,-1,434,429,435,-1,435,429,428,-1,436,437,435,-1,435,437,434,-1,436,438,437,-1,437,438,439,-1,439,438,440,-1,440,438,441,-1,440,441,442,-1,442,441,443,-1,442,443,444,-1,444,443,445,-1,444,445,446,-1,446,445,447,-1,446,447,448,-1,448,447,449,-1,448,449,450,-1,450,449,451,-1,450,451,452,-1,452,451,453,-1,453,454,452,-1,452,454,455,-1,455,454,456,-1,455,456,457,-1,457,456,458,-1,457,458,459,-1,459,458,460,-1,459,460,461,-1,461,460,462,-1,461,462,463,-1,463,462,464,-1,463,464,465,-1,465,464,466,-1,465,466,467,-1,466,468,467,-1,467,468,469,-1,470,471,472,-1,470,472,473,-1,473,472,474,-1,473,474,475,-1,475,474,476,-1,475,476,477,-1,477,476,469,-1,477,469,468,-1,478,471,479,-1,479,471,470,-1,479,480,478,-1,478,480,481,-1,481,480,482,-1,482,480,483,-1,482,483,484,-1,484,483,485,-1,484,485,486,-1,486,485,487,-1,486,487,488,-1,488,487,489,-1,490,488,491,-1,491,488,489,-1,492,493,494,-1,492,494,495,-1,495,494,496,-1,495,496,497,-1,497,496,498,-1,497,498,499,-1,499,498,490,-1,499,490,491,-1,500,493,501,-1,501,493,492,-1,500,501,502,-1,502,501,503,-1,502,503,504,-1,504,503,505,-1,504,505,506,-1,506,505,507,-1,506,507,508,-1,508,507,509,-1,510,508,511,-1,511,508,509,-1,512,513,514,-1,514,513,515,-1,516,517,518,-1,516,518,519,-1,519,518,520,-1,519,520,521,-1,521,520,522,-1,521,522,523,-1,523,522,515,-1,523,515,513,-1,524,517,525,-1,525,517,516,-1,524,525,526,-1,526,525,527,-1,526,527,528,-1,528,527,529,-1,528,529,530,-1,530,529,531,-1,530,531,532,-1,532,531,533,-1,533,534,532,-1,532,534,535,-1,536,537,538,-1,536,538,539,-1,539,538,540,-1,539,540,541,-1,541,540,542,-1,541,542,543,-1,543,542,535,-1,543,535,534,-1,544,537,545,-1,545,537,536,-1,545,546,544,-1,544,546,547,-1,547,546,548,-1,548,546,549,-1,548,549,550,-1,550,549,551,-1,550,551,552,-1,552,551,553,-1,552,553,554,-1,554,553,555,-1,556,554,557,-1,557,554,555,-1,556,557,558,-1,558,557,559,-1,558,559,560,-1,560,559,561,-1,560,561,562,-1,562,561,563,-1,562,563,564,-1,564,563,565,-1,564,565,566,-1,566,565,567,-1,566,567,568,-1,568,567,569,-1,570,568,571,-1,571,568,569,-1,571,572,570,-1,570,572,573,-1,573,572,574,-1,574,572,575,-1,574,575,576,-1,576,575,577,-1,576,577,578,-1,578,577,579,-1,578,579,580,-1,580,579,581,-1,580,581,582,-1,582,581,583,-1,582,583,584,-1,584,583,585,-1,586,584,587,-1,587,584,585,-1,588,589,590,-1,590,589,591,-1,592,593,594,-1,595,596,597,-1,598,599,600,-1,598,600,597,-1,597,600,601,-1,597,601,595,-1,597,592,598,-1,598,592,594,-1,598,594,599,-1,599,594,602,-1,599,602,603,-1,603,602,604,-1,603,604,605,-1,605,604,606,-1,605,606,607,-1,607,606,608,-1,609,610,611,-1,611,610,612,-1,613,607,609,-1,609,607,608,-1,609,608,610,-1,614,615,616,-1,614,617,615,-1,615,617,618,-1,615,618,619,-1,618,620,619,-1,619,620,621,-1,619,621,622,-1,623,624,625,-1,625,624,622,-1,625,622,626,-1,626,622,621,-1,627,628,629,-1,629,628,630,-1,629,630,631,-1,632,633,634,-1,628,635,630,-1,630,635,636,-1,630,636,634,-1,634,636,637,-1,634,637,632,-1,632,638,633,-1,633,638,639,-1,633,639,616,-1,616,639,640,-1,616,640,614,-1,641,642,612,-1,612,642,643,-1,612,643,611,-1,611,643,644,-1,611,644,645,-1,645,646,611,-1,611,646,647,-1,611,647,609,-1,609,647,648,-1,609,648,613,-1,613,649,607,-1,607,649,650,-1,607,650,605,-1,605,650,651,-1,605,651,603,-1,651,652,603,-1,603,652,653,-1,603,653,599,-1,599,653,654,-1,599,654,600,-1,624,641,622,-1,622,641,612,-1,622,612,619,-1,619,612,610,-1,619,610,615,-1,615,610,608,-1,615,608,616,-1,616,608,606,-1,616,606,633,-1,633,606,604,-1,633,604,634,-1,634,604,602,-1,634,602,630,-1,630,602,594,-1,630,594,631,-1,631,594,593,-1,623,655,624,-1,624,655,656,-1,624,656,641,-1,641,656,642,-1,642,656,657,-1,642,657,643,-1,643,657,644,-1,644,657,658,-1,644,658,645,-1,659,660,661,-1,661,660,662,-1,661,662,663,-1,663,662,664,-1,663,664,665,-1,665,664,666,-1,660,658,662,-1,662,658,657,-1,662,657,664,-1,664,657,656,-1,664,656,666,-1,666,656,655,-1,665,667,668,-1,665,668,663,-1,663,668,669,-1,663,669,661,-1,661,669,670,-1,661,670,659,-1,671,672,673,-1,672,674,675,-1,674,676,677,-1,674,677,675,-1,675,677,678,-1,675,678,679,-1,678,680,679,-1,679,680,681,-1,679,681,682,-1,682,681,683,-1,682,683,684,-1,684,683,685,-1,685,686,684,-1,684,686,670,-1,684,670,669,-1,672,675,673,-1,673,675,679,-1,673,679,687,-1,687,679,682,-1,687,682,688,-1,688,682,684,-1,688,684,689,-1,689,684,669,-1,689,669,668,-1,671,673,690,-1,690,673,687,-1,690,687,691,-1,691,687,688,-1,691,688,692,-1,692,688,689,-1,692,689,693,-1,693,689,668,-1,693,668,667,-1,671,694,695,-1,671,695,672,-1,672,695,696,-1,672,696,674,-1,697,676,698,-1,698,676,674,-1,698,674,699,-1,699,674,696,-1,695,694,700,-1,699,696,701,-1,702,703,704,-1,697,698,705,-1,705,698,706,-1,705,706,707,-1,707,706,708,-1,707,708,709,-1,709,708,710,-1,709,710,711,-1,711,710,712,-1,711,712,713,-1,713,712,714,-1,713,714,715,-1,715,714,716,-1,715,716,717,-1,717,716,718,-1,717,718,719,-1,719,718,720,-1,719,720,721,-1,721,720,722,-1,721,722,723,-1,723,722,724,-1,723,724,725,-1,725,724,704,-1,725,704,726,-1,726,704,703,-1,727,728,729,-1,729,728,702,-1,702,704,729,-1,729,704,724,-1,729,724,730,-1,730,724,722,-1,730,722,731,-1,731,722,720,-1,731,720,732,-1,732,720,718,-1,732,718,733,-1,733,718,716,-1,733,716,734,-1,734,716,714,-1,734,714,735,-1,735,714,712,-1,735,712,736,-1,736,712,710,-1,736,710,737,-1,737,710,708,-1,737,708,738,-1,738,708,706,-1,738,706,701,-1,701,706,698,-1,701,698,699,-1,696,695,701,-1,701,695,700,-1,701,700,738,-1,738,700,739,-1,738,739,737,-1,737,739,740,-1,737,740,736,-1,736,740,741,-1,736,741,735,-1,735,741,742,-1,735,742,734,-1,734,742,743,-1,734,743,733,-1,733,743,744,-1,733,744,732,-1,732,744,745,-1,732,745,731,-1,731,745,746,-1,731,746,730,-1,730,746,747,-1,730,747,729,-1,729,747,748,-1,729,748,727,-1,727,748,749,-1,726,750,676,-1,676,697,726,-1,726,697,705,-1,726,705,707,-1,707,709,726,-1,726,709,711,-1,726,711,713,-1,719,721,726,-1,726,721,723,-1,726,723,725,-1,713,715,726,-1,726,715,717,-1,726,717,719,-1,751,670,752,-1,752,670,686,-1,752,686,753,-1,753,686,685,-1,753,685,754,-1,754,685,683,-1,754,683,755,-1,755,683,681,-1,755,681,756,-1,756,681,680,-1,756,680,757,-1,757,680,678,-1,757,678,758,-1,758,678,677,-1,758,677,750,-1,750,677,676,-1,751,759,670,-1,670,759,659,-1,760,658,761,-1,761,658,660,-1,761,660,759,-1,759,660,659,-1,601,600,613,-1,613,600,654,-1,613,654,653,-1,596,648,647,-1,648,596,613,-1,613,596,595,-1,613,595,601,-1,653,652,651,-1,658,760,645,-1,645,760,596,-1,645,596,646,-1,646,596,647,-1,651,650,653,-1,653,650,649,-1,653,649,613,-1,627,629,762,-1,762,629,763,-1,629,631,763,-1,763,631,593,-1,763,593,764,-1,596,760,597,-1,597,760,764,-1,597,764,592,-1,592,764,593,-1,765,766,767,-1,767,768,765,-1,765,768,769,-1,765,769,770,-1,771,772,773,-1,773,772,774,-1,773,774,775,-1,775,774,776,-1,775,776,777,-1,770,778,765,-1,765,778,775,-1,765,775,779,-1,779,775,777,-1,767,766,780,-1,780,766,781,-1,780,781,782,-1,782,781,783,-1,782,783,784,-1,784,783,785,-1,784,785,786,-1,786,785,787,-1,786,787,788,-1,788,787,789,-1,788,789,790,-1,790,789,791,-1,790,791,792,-1,792,791,793,-1,792,793,794,-1,794,793,795,-1,795,796,794,-1,794,796,797,-1,797,796,798,-1,797,798,799,-1,799,798,800,-1,799,800,801,-1,802,803,804,-1,805,806,802,-1,802,806,807,-1,808,809,802,-1,802,809,810,-1,802,810,803,-1,801,800,811,-1,811,800,802,-1,811,802,812,-1,812,802,807,-1,804,813,802,-1,802,813,814,-1,802,814,805,-1,815,816,817,-1,818,819,820,-1,819,818,821,-1,822,823,818,-1,824,825,826,-1,825,827,826,-1,826,827,828,-1,826,828,829,-1,829,828,830,-1,829,830,831,-1,831,830,832,-1,831,832,833,-1,833,832,834,-1,833,834,835,-1,835,834,836,-1,835,836,837,-1,837,836,838,-1,837,838,839,-1,839,838,840,-1,839,840,841,-1,841,840,842,-1,841,842,843,-1,844,823,845,-1,845,823,822,-1,845,822,846,-1,847,848,849,-1,849,848,850,-1,850,824,849,-1,849,824,826,-1,849,826,851,-1,851,826,829,-1,851,829,852,-1,852,829,831,-1,852,831,853,-1,853,831,833,-1,853,833,854,-1,854,833,835,-1,854,835,855,-1,855,835,837,-1,855,837,856,-1,856,837,839,-1,856,839,857,-1,857,839,841,-1,857,841,858,-1,858,841,843,-1,858,843,859,-1,821,818,860,-1,860,818,823,-1,860,823,861,-1,861,823,844,-1,861,844,862,-1,847,849,863,-1,863,849,851,-1,863,851,864,-1,864,851,852,-1,864,852,865,-1,865,852,853,-1,865,853,866,-1,866,853,854,-1,866,854,867,-1,867,854,855,-1,867,855,868,-1,868,855,856,-1,868,856,869,-1,869,856,857,-1,869,857,870,-1,870,857,858,-1,870,858,871,-1,871,858,859,-1,871,859,872,-1,873,874,847,-1,847,874,875,-1,847,875,848,-1,842,846,843,-1,843,846,822,-1,843,822,859,-1,859,822,818,-1,859,818,872,-1,872,818,820,-1,872,820,876,-1,876,815,872,-1,872,815,817,-1,872,817,871,-1,871,817,877,-1,871,877,870,-1,870,877,878,-1,870,878,869,-1,869,878,879,-1,869,879,868,-1,868,879,880,-1,868,880,867,-1,867,880,881,-1,867,881,866,-1,866,881,882,-1,866,882,865,-1,865,882,883,-1,865,883,864,-1,864,883,884,-1,864,884,863,-1,863,884,885,-1,863,885,847,-1,847,885,886,-1,847,886,873,-1,873,886,887,-1,816,811,817,-1,817,811,812,-1,817,812,877,-1,877,812,807,-1,877,807,878,-1,878,807,806,-1,878,806,879,-1,879,806,805,-1,879,805,880,-1,880,805,814,-1,880,814,881,-1,881,814,813,-1,881,813,882,-1,882,813,804,-1,882,804,883,-1,883,804,803,-1,883,803,884,-1,884,803,810,-1,884,810,885,-1,885,810,809,-1,885,809,886,-1,886,809,808,-1,886,808,887,-1,887,808,802,-1,888,889,821,-1,801,811,816,-1,821,889,819,-1,801,816,890,-1,890,816,815,-1,890,815,891,-1,891,815,876,-1,891,876,889,-1,889,876,820,-1,889,820,819,-1,862,892,861,-1,861,892,888,-1,861,888,860,-1,860,888,821,-1,799,801,890,-1,797,799,893,-1,797,893,894,-1,894,893,895,-1,894,895,896,-1,896,895,897,-1,896,897,898,-1,898,897,899,-1,898,899,900,-1,900,899,901,-1,900,901,902,-1,799,890,893,-1,893,890,891,-1,893,891,895,-1,895,891,889,-1,895,889,897,-1,897,889,888,-1,897,888,899,-1,899,888,892,-1,899,892,901,-1,794,797,903,-1,903,797,894,-1,903,894,904,-1,904,894,896,-1,904,896,905,-1,905,896,898,-1,905,898,906,-1,906,898,900,-1,906,900,907,-1,907,900,902,-1,908,909,910,-1,911,912,913,-1,792,794,903,-1,790,792,914,-1,911,767,912,-1,912,767,780,-1,912,780,782,-1,915,784,786,-1,790,914,788,-1,916,913,917,-1,917,913,912,-1,917,912,915,-1,915,912,782,-1,915,782,784,-1,918,916,919,-1,919,916,917,-1,919,917,920,-1,920,917,915,-1,920,915,921,-1,921,915,786,-1,921,786,788,-1,910,922,923,-1,924,923,925,-1,925,923,922,-1,925,922,926,-1,926,922,927,-1,926,927,928,-1,910,909,922,-1,922,909,929,-1,922,929,927,-1,930,908,918,-1,918,908,910,-1,918,910,916,-1,916,910,923,-1,916,923,913,-1,913,923,924,-1,913,924,911,-1,931,932,933,-1,788,914,921,-1,921,914,934,-1,921,934,920,-1,920,934,935,-1,920,935,919,-1,919,935,931,-1,919,931,918,-1,918,931,933,-1,918,933,930,-1,792,903,914,-1,914,903,904,-1,914,904,934,-1,934,904,905,-1,934,905,935,-1,935,905,906,-1,935,906,931,-1,931,906,907,-1,931,907,932,-1,768,767,936,-1,936,767,911,-1,937,938,925,-1,925,938,939,-1,925,939,924,-1,924,939,940,-1,924,940,911,-1,911,940,941,-1,911,941,936,-1,937,925,942,-1,942,925,926,-1,942,926,943,-1,943,926,928,-1,943,928,944,-1,945,946,947,-1,938,948,949,-1,950,951,952,-1,944,953,954,-1,954,953,955,-1,955,953,956,-1,955,956,957,-1,957,956,958,-1,957,958,959,-1,959,958,960,-1,959,960,961,-1,961,960,962,-1,961,962,963,-1,963,962,964,-1,963,964,965,-1,965,964,966,-1,965,966,967,-1,967,966,968,-1,967,968,969,-1,970,971,972,-1,972,971,951,-1,972,951,973,-1,973,951,950,-1,973,950,974,-1,937,942,954,-1,954,942,943,-1,954,943,944,-1,938,937,948,-1,948,937,954,-1,948,954,975,-1,975,954,955,-1,975,955,976,-1,976,955,957,-1,976,957,977,-1,977,957,959,-1,977,959,978,-1,978,959,961,-1,978,961,979,-1,979,961,963,-1,979,963,980,-1,980,963,965,-1,980,965,981,-1,981,965,967,-1,981,967,982,-1,982,967,969,-1,982,969,983,-1,971,984,951,-1,951,984,985,-1,951,985,952,-1,952,985,986,-1,952,986,987,-1,949,948,988,-1,988,948,975,-1,988,975,989,-1,989,975,976,-1,989,976,990,-1,990,976,977,-1,990,977,991,-1,991,977,978,-1,991,978,992,-1,992,978,979,-1,992,979,993,-1,993,979,980,-1,993,980,994,-1,994,980,981,-1,994,981,995,-1,995,981,982,-1,995,982,996,-1,996,982,983,-1,996,983,997,-1,941,940,949,-1,949,940,939,-1,949,939,938,-1,968,974,969,-1,969,974,950,-1,969,950,983,-1,983,950,952,-1,983,952,997,-1,997,952,987,-1,997,987,998,-1,998,945,997,-1,997,945,947,-1,997,947,996,-1,996,947,999,-1,996,999,995,-1,995,999,1000,-1,995,1000,994,-1,994,1000,1001,-1,994,1001,993,-1,993,1001,1002,-1,993,1002,992,-1,992,1002,1003,-1,992,1003,991,-1,991,1003,1004,-1,991,1004,990,-1,990,1004,1005,-1,990,1005,989,-1,989,1005,1006,-1,989,1006,988,-1,988,1006,1007,-1,988,1007,949,-1,949,1007,1008,-1,949,1008,941,-1,941,1008,936,-1,946,765,947,-1,947,765,779,-1,947,779,999,-1,999,779,777,-1,999,777,1000,-1,1000,777,776,-1,1000,776,1001,-1,1001,776,774,-1,1001,774,1002,-1,1002,774,772,-1,1002,772,1003,-1,1003,772,771,-1,1003,771,1004,-1,1004,771,773,-1,1004,773,1005,-1,1005,773,775,-1,1005,775,1006,-1,1006,775,778,-1,1006,778,1007,-1,1007,778,770,-1,1007,770,1008,-1,1008,770,769,-1,1008,769,936,-1,936,769,768,-1,1009,1010,985,-1,1011,1012,945,-1,945,1012,946,-1,946,1012,766,-1,946,766,765,-1,945,998,1011,-1,1011,998,987,-1,1011,987,1010,-1,1010,987,986,-1,1010,986,985,-1,970,1013,971,-1,971,1013,1009,-1,971,1009,984,-1,984,1009,985,-1,787,785,1014,-1,1009,1015,1016,-1,1017,1018,1019,-1,1020,1017,1021,-1,1009,1013,1015,-1,1015,1013,1022,-1,1015,1022,1023,-1,1024,1025,1026,-1,1020,1021,1027,-1,1028,1016,1029,-1,1029,1016,1015,-1,1029,1015,1024,-1,1024,1015,1023,-1,1024,1023,1025,-1,1030,1028,1031,-1,1031,1028,1029,-1,1031,1029,1032,-1,1032,1029,1024,-1,1032,1024,1033,-1,1033,1024,1026,-1,1033,1026,1027,-1,1014,1034,1035,-1,1010,1035,1011,-1,1011,1035,1034,-1,1011,1034,1012,-1,1012,1034,781,-1,1012,781,766,-1,1014,785,1034,-1,1034,785,783,-1,1034,783,781,-1,789,787,1030,-1,1030,787,1014,-1,1030,1014,1028,-1,1028,1014,1035,-1,1028,1035,1016,-1,1016,1035,1010,-1,1016,1010,1009,-1,1036,793,791,-1,1027,1021,1033,-1,1033,1021,1037,-1,1033,1037,1032,-1,1032,1037,1038,-1,1032,1038,1031,-1,1031,1038,1036,-1,1031,1036,1030,-1,1030,1036,791,-1,1030,791,789,-1,1017,1019,1021,-1,1021,1019,1039,-1,1021,1039,1037,-1,1037,1039,1040,-1,1037,1040,1038,-1,1038,1040,1041,-1,1038,1041,1036,-1,1036,1041,795,-1,1036,795,793,-1,796,795,1042,-1,1042,795,1041,-1,1042,1041,1043,-1,1043,1041,1040,-1,1043,1040,1044,-1,1044,1040,1039,-1,1044,1039,1045,-1,1045,1039,1019,-1,1045,1019,1046,-1,1046,1019,1018,-1,1047,1048,1049,-1,1046,1047,1050,-1,1046,1050,1045,-1,1045,1050,1051,-1,1045,1051,1044,-1,1044,1051,1052,-1,1044,1052,1043,-1,1043,1052,1053,-1,1043,1053,1042,-1,1042,1053,798,-1,1042,798,796,-1,1047,1049,1050,-1,1050,1049,1054,-1,1050,1054,1051,-1,1051,1054,1055,-1,1051,1055,1052,-1,1052,1055,1056,-1,1052,1056,1053,-1,1053,1056,800,-1,1053,800,798,-1,802,800,887,-1,887,800,1056,-1,848,875,1055,-1,1055,875,874,-1,1055,874,1056,-1,1056,874,873,-1,1056,873,887,-1,848,1055,850,-1,850,1055,1054,-1,850,1054,824,-1,824,1054,1049,-1,824,1049,825,-1,825,1049,1048,-1,825,1048,827,-1,834,832,1057,-1,844,1058,862,-1,862,1058,1059,-1,862,1059,892,-1,892,1059,1060,-1,844,845,1058,-1,1058,845,846,-1,1058,846,842,-1,842,840,1058,-1,1058,840,838,-1,1058,838,1057,-1,1057,838,836,-1,1057,836,834,-1,1048,1061,827,-1,827,1061,1062,-1,827,1062,828,-1,828,1062,1057,-1,828,1057,830,-1,830,1057,832,-1,1063,1064,1058,-1,1058,1064,1059,-1,1065,618,617,-1,617,614,1065,-1,1065,614,640,-1,1065,640,1063,-1,1063,640,639,-1,1063,639,638,-1,626,621,1065,-1,1065,621,620,-1,1065,620,618,-1,638,632,1063,-1,1063,632,637,-1,1063,637,636,-1,762,1066,627,-1,627,1066,1064,-1,627,1064,628,-1,628,1064,1063,-1,628,1063,635,-1,635,1063,636,-1,1067,655,1068,-1,1068,655,623,-1,1068,623,1065,-1,1065,623,625,-1,1065,625,626,-1,1064,1066,1059,-1,1059,1066,1060,-1,1069,1070,1071,-1,1071,1070,1072,-1,1071,1073,1069,-1,1069,1073,1074,-1,1060,1066,1075,-1,1075,1066,1076,-1,1075,1076,1077,-1,1077,1076,1078,-1,1078,1076,1074,-1,1078,1074,1073,-1,1046,1079,1047,-1,1047,1079,1080,-1,1047,1080,1048,-1,1048,1080,1061,-1,1073,902,1078,-1,1078,902,901,-1,1078,901,1081,-1,1081,901,1075,-1,1075,901,892,-1,1075,892,1060,-1,1018,589,1046,-1,1046,589,588,-1,1046,588,1079,-1,1072,907,1071,-1,1071,907,902,-1,1071,902,1073,-1,1013,1082,1022,-1,1022,1082,1083,-1,1022,1083,1023,-1,1023,1083,1025,-1,1025,1083,1084,-1,1025,1084,1026,-1,1026,1084,1027,-1,1027,1084,1085,-1,1027,1085,1020,-1,1020,1085,1017,-1,1017,1085,589,-1,1017,589,1018,-1,928,927,1086,-1,1086,927,1087,-1,927,929,1087,-1,1087,929,909,-1,1087,909,1088,-1,909,908,1088,-1,1088,908,930,-1,1088,930,1089,-1,907,1072,932,-1,932,1072,1089,-1,932,1089,933,-1,933,1089,930,-1,1090,966,1091,-1,1091,966,964,-1,1091,964,962,-1,972,973,1092,-1,1092,973,1093,-1,1093,973,974,-1,1093,974,1090,-1,1090,974,968,-1,1090,968,966,-1,972,1092,970,-1,970,1092,1082,-1,970,1082,1013,-1,962,960,1091,-1,1091,960,958,-1,1091,958,1094,-1,1094,958,956,-1,1094,956,1095,-1,1095,956,953,-1,1095,953,1086,-1,1086,953,944,-1,1086,944,928,-1,1096,1097,1091,-1,1097,1098,1091,-1,1091,1098,1099,-1,1091,1099,1090,-1,1100,1101,1102,-1,1102,1101,1103,-1,1104,1105,1106,-1,1106,1105,1107,-1,1106,1107,1108,-1,1100,1109,1101,-1,1101,1109,1106,-1,1101,1106,1110,-1,1110,1106,1108,-1,1103,1101,1091,-1,1091,1101,1111,-1,1091,1111,1096,-1,1106,1112,1113,-1,1114,1115,1113,-1,1113,1115,1116,-1,1113,1116,1106,-1,1106,1116,1117,-1,1106,1117,1104,-1,1104,1117,1118,-1,1118,1117,1119,-1,1104,1118,1105,-1,1105,1118,1120,-1,1105,1120,1107,-1,1107,1120,1121,-1,1111,1101,1122,-1,1122,1101,1110,-1,1122,1110,1121,-1,1121,1110,1108,-1,1121,1108,1107,-1,1111,1122,1096,-1,1096,1122,1123,-1,1096,1123,1097,-1,1097,1123,1098,-1,1098,1123,1124,-1,1098,1124,1099,-1,1099,1124,1090,-1,1090,1124,1125,-1,1090,1125,1093,-1,1093,1125,1126,-1,1093,1126,1092,-1,1082,1092,1127,-1,1127,1092,1126,-1,1083,1082,1127,-1,591,589,1128,-1,1128,589,1085,-1,1128,1085,1129,-1,1129,1085,1084,-1,1129,1084,1130,-1,1130,1084,1083,-1,1130,1083,1131,-1,1131,1083,1127,-1,667,591,1128,-1,667,1128,693,-1,693,1128,1129,-1,693,1129,692,-1,692,1129,1130,-1,692,1130,691,-1,691,1130,1131,-1,691,1131,690,-1,690,1131,1127,-1,690,1127,671,-1,1070,1132,1133,-1,1070,1133,1134,-1,1134,1133,1135,-1,1134,1135,1136,-1,1136,1135,1137,-1,1136,1137,1138,-1,1138,1137,1139,-1,1138,1139,1140,-1,1140,1139,1141,-1,1140,1141,1142,-1,1072,1070,1089,-1,1089,1070,1134,-1,1089,1134,1088,-1,1142,1086,1140,-1,1140,1086,1087,-1,1140,1087,1138,-1,1138,1087,1088,-1,1138,1088,1136,-1,1136,1088,1134,-1,1142,1143,1086,-1,1086,1143,1095,-1,1114,1113,1144,-1,1143,1145,1095,-1,1095,1145,1094,-1,1094,1145,1091,-1,1091,1145,1146,-1,1091,1146,1103,-1,1147,1100,1146,-1,1146,1100,1102,-1,1146,1102,1103,-1,1144,1113,1148,-1,1113,1112,1148,-1,1148,1112,1106,-1,1148,1106,1147,-1,1147,1106,1109,-1,1147,1109,1100,-1,1114,1144,1115,-1,1115,1144,1149,-1,1115,1149,1116,-1,1116,1149,1119,-1,1116,1119,1117,-1,694,671,1127,-1,1142,1141,749,-1,1142,749,1143,-1,694,1127,700,-1,700,1127,1126,-1,700,1126,739,-1,739,1126,1125,-1,739,1125,740,-1,749,748,1143,-1,1143,748,747,-1,1143,747,1145,-1,1145,747,746,-1,742,1118,743,-1,743,1118,1119,-1,743,1119,744,-1,741,1121,742,-1,742,1121,1120,-1,742,1120,1118,-1,1125,1124,740,-1,740,1124,1123,-1,740,1123,741,-1,741,1123,1122,-1,741,1122,1121,-1,745,1147,746,-1,746,1147,1146,-1,746,1146,1145,-1,1119,1149,744,-1,744,1149,1144,-1,744,1144,745,-1,745,1144,1148,-1,745,1148,1147,-1,1141,1150,749,-1,749,1150,727,-1,727,1150,728,-1,728,1150,1151,-1,728,1151,702,-1,702,1151,703,-1,703,1151,750,-1,703,750,726,-1,755,756,1152,-1,757,758,1153,-1,1154,1135,1133,-1,1155,1137,1135,-1,1139,1137,1156,-1,1156,1137,1155,-1,1156,1155,1153,-1,1154,1133,1157,-1,1157,1133,1132,-1,1157,1132,1158,-1,1152,1154,1159,-1,1159,1154,1157,-1,1159,1157,1160,-1,1160,1157,1158,-1,1160,1158,1161,-1,1141,1139,1150,-1,1150,1139,1156,-1,1150,1156,1151,-1,1151,1156,1153,-1,1151,1153,750,-1,750,1153,758,-1,1135,1154,1155,-1,1155,1154,1152,-1,1155,1152,1153,-1,1153,1152,756,-1,1153,756,757,-1,755,1152,754,-1,754,1152,1159,-1,754,1159,753,-1,753,1159,1160,-1,753,1160,752,-1,752,1160,1161,-1,752,1161,751,-1,1132,1162,1163,-1,1132,1163,1158,-1,1158,1163,1164,-1,1158,1164,1161,-1,1161,1164,759,-1,1161,759,751,-1,1162,1165,1163,-1,1163,1165,1166,-1,1163,1166,1164,-1,1164,1166,1167,-1,1164,1167,759,-1,759,1167,761,-1,1165,762,1166,-1,1166,762,763,-1,1166,763,1167,-1,1167,763,764,-1,1167,764,761,-1,761,764,760,-1,1168,665,1169,-1,1169,665,666,-1,1169,666,1170,-1,1170,666,655,-1,1170,655,1067,-1,1162,1074,1165,-1,1165,1074,1076,-1,1165,1076,762,-1,762,1076,1066,-1,591,667,590,-1,590,667,665,-1,590,665,1168,-1,1132,1070,1162,-1,1162,1070,1069,-1,1162,1069,1074,-1,590,1168,588,-1,588,1168,1079,-1,1080,1079,1168,-1,1067,1061,1171,-1,1171,1061,1080,-1,1171,1080,1169,-1,1169,1080,1168,-1,1062,1061,1068,-1,1068,1061,1067,-1,1057,1062,1065,-1,1065,1062,1068,-1,1057,1065,1172,-1,1172,1065,1173,-1,1172,1173,587,-1,587,1173,586,-1,587,1174,1172,-1,1172,1174,1175,-1,1057,1172,1058,-1,1058,1172,1175,-1,1175,1176,1058,-1,1058,1176,1063,-1,1176,1173,1063,-1,1063,1173,1065,-1,1173,1176,586,-1,586,1176,1177,-1,1174,1177,1175,-1,1175,1177,1176,-1,1178,1179,1174,-1,1174,1179,1177,-1,1178,1180,1179,-1,1179,1180,1181,-1,440,434,439,-1,439,434,437,-1,459,461,562,-1,578,442,576,-1,576,442,444,-1,576,444,446,-1,586,1177,584,-1,584,1177,1179,-1,584,1179,582,-1,582,1179,1181,-1,461,463,562,-1,562,463,465,-1,562,465,560,-1,560,465,467,-1,560,467,558,-1,446,448,576,-1,576,448,450,-1,576,450,574,-1,574,450,452,-1,574,452,573,-1,440,442,434,-1,434,442,578,-1,434,578,429,-1,429,578,431,-1,1181,1182,582,-1,582,1182,1183,-1,582,1183,580,-1,548,550,469,-1,564,566,455,-1,455,566,568,-1,455,568,452,-1,452,568,570,-1,452,570,573,-1,482,484,535,-1,564,455,562,-1,562,455,457,-1,562,457,459,-1,1183,425,580,-1,580,425,424,-1,580,424,578,-1,578,424,433,-1,578,433,431,-1,526,528,490,-1,550,552,469,-1,469,552,554,-1,469,554,467,-1,467,554,556,-1,467,556,558,-1,502,504,515,-1,515,504,506,-1,515,506,514,-1,514,506,508,-1,514,508,510,-1,526,490,524,-1,518,517,500,-1,484,486,535,-1,535,486,488,-1,535,488,532,-1,532,488,490,-1,532,490,530,-1,530,490,528,-1,474,472,547,-1,547,472,471,-1,547,471,544,-1,544,471,478,-1,544,478,537,-1,537,478,481,-1,537,481,538,-1,538,481,540,-1,482,535,481,-1,481,535,542,-1,481,542,540,-1,548,469,547,-1,547,469,476,-1,547,476,474,-1,518,500,520,-1,496,494,517,-1,517,494,493,-1,517,493,500,-1,502,515,500,-1,500,515,522,-1,500,522,520,-1,524,490,517,-1,517,490,498,-1,517,498,496,-1,427,425,1183,-1,427,1183,1184,-1,1184,1183,1182,-1,1184,1182,1185,-1,1185,1182,1181,-1,1185,1181,1180,-1,438,436,435,-1,577,575,453,-1,563,561,466,-1,581,427,583,-1,583,427,1184,-1,1174,587,1178,-1,1178,587,585,-1,1178,585,1180,-1,1180,585,583,-1,1180,583,1185,-1,1185,583,1184,-1,577,435,579,-1,579,435,428,-1,453,451,577,-1,577,451,449,-1,577,449,447,-1,447,445,577,-1,577,445,443,-1,577,443,435,-1,435,443,441,-1,435,441,438,-1,466,464,563,-1,563,464,462,-1,563,462,460,-1,569,454,571,-1,571,454,453,-1,571,453,572,-1,572,453,575,-1,569,567,454,-1,454,567,565,-1,454,565,456,-1,456,565,563,-1,456,563,458,-1,458,563,460,-1,428,430,579,-1,579,430,432,-1,579,432,581,-1,581,432,426,-1,581,426,427,-1,561,559,466,-1,466,559,557,-1,466,557,468,-1,468,557,555,-1,468,555,553,-1,531,529,491,-1,507,513,509,-1,509,513,512,-1,509,512,511,-1,489,487,534,-1,480,536,539,-1,536,480,545,-1,545,480,479,-1,545,479,546,-1,546,479,470,-1,546,470,473,-1,489,534,491,-1,491,534,533,-1,491,533,531,-1,487,485,534,-1,534,485,483,-1,534,483,543,-1,543,483,480,-1,543,480,541,-1,541,480,539,-1,553,551,468,-1,468,551,549,-1,468,549,477,-1,477,549,546,-1,477,546,475,-1,475,546,473,-1,519,501,516,-1,516,501,492,-1,516,492,495,-1,507,505,513,-1,513,505,503,-1,513,503,523,-1,523,503,501,-1,523,501,521,-1,521,501,519,-1,529,527,491,-1,491,527,525,-1,491,525,499,-1,499,525,516,-1,499,516,497,-1,497,516,495,-1,511,512,423,-1,423,512,422,-1,423,1186,511,-1,511,1186,510,-1,1186,1187,510,-1,510,1187,514,-1,512,514,422,-1,422,514,1187,-1,422,1187,420,-1,420,1187,1188,-1,420,1188,418,-1,418,1188,1189,-1,418,1189,416,-1,416,1189,1190,-1,416,1190,414,-1,414,1190,1191,-1,1187,1186,1192,-1,1187,1192,1188,-1,1188,1192,1193,-1,1188,1193,1189,-1,1189,1193,1194,-1,1189,1194,1190,-1,1190,1194,1195,-1,1190,1195,1191,-1,415,1195,417,-1,417,1195,1194,-1,417,1194,419,-1,419,1194,1193,-1,419,1193,421,-1,421,1193,1192,-1,421,1192,423,-1,423,1192,1186,-1,1196,1197,415,-1,415,1197,1195,-1,1197,1198,1195,-1,1195,1198,1191,-1,414,1191,1199,-1,1199,1191,1198,-1,415,414,1196,-1,1196,414,1199,-1,1200,1201,1202,-1,1200,1202,1203,-1,1203,1202,1204,-1,1203,1204,1205,-1,1205,1204,1206,-1,1205,1206,1207,-1,1207,1206,1196,-1,1207,1196,1199,-1,1201,1200,1208,-1,1208,1200,1209,-1,1209,1210,1208,-1,1208,1210,1211,-1,1208,1211,1201,-1,1201,1211,1212,-1,1197,1196,1213,-1,1213,1196,1206,-1,1213,1206,1214,-1,1214,1206,1204,-1,1214,1204,1215,-1,1215,1204,1202,-1,1215,1202,1212,-1,1212,1202,1201,-1,1198,1197,1216,-1,1216,1197,1213,-1,1216,1213,1217,-1,1217,1213,1214,-1,1217,1214,1218,-1,1218,1214,1215,-1,1218,1215,1219,-1,1219,1215,1212,-1,1219,1200,1218,-1,1218,1200,1203,-1,1218,1203,1217,-1,1217,1203,1205,-1,1217,1205,1216,-1,1216,1205,1207,-1,1216,1207,1198,-1,1198,1207,1199,-1,1200,1219,1209,-1,1209,1219,1210,-1,1211,1210,1212,-1,1212,1210,1219,-1,1220,1221,1222,-1,1222,1221,1223,-1,1223,1221,1224,-1,1223,1224,1225,-1,1225,1224,1226,-1,1225,1226,1227,-1,1227,1226,1228,-1,1227,1228,1229,-1,1229,1228,1230,-1,1229,1230,1231,-1,1231,1230,1232,-1,1231,1232,1233,-1,1233,1232,1234,-1,1233,1234,1235,-1,1236,1237,1238,-1,1238,1237,1239,-1,1238,1239,1240,-1,1240,1239,1241,-1,1240,1241,1242,-1,1242,1241,1243,-1,1242,1243,1244,-1,1244,1243,1245,-1,1244,1245,1246,-1,1246,1245,1247,-1,1246,1247,1234,-1,1234,1247,1235,-1,1236,1248,1237,-1,1237,1248,1249,-1,1249,1248,1250,-1,1249,1250,1251,-1,1251,1250,1252,-1,1251,1252,1253,-1,1253,1252,1254,-1,1253,1254,1255,-1,1255,1254,1256,-1,1255,1256,1257,-1,1257,1256,1258,-1,1257,1258,1259,-1,1259,1258,1260,-1,1259,1260,1261,-1,1261,1260,1262,-1,1261,1262,1263,-1,1264,1263,1265,-1,1265,1263,1262,-1,1266,1267,1268,-1,1268,1267,1269,-1,1266,1268,1270,-1,1270,1268,1271,-1,1270,1271,1272,-1,1272,1271,1273,-1,1272,1273,1274,-1,1274,1273,1275,-1,1276,1274,1277,-1,1277,1274,1275,-1,1276,1277,1278,-1,1278,1277,1279,-1,1278,1279,1280,-1,1280,1279,1281,-1,1280,1281,1282,-1,1282,1281,1283,-1,1282,1283,1284,-1,1284,1283,1285,-1,1284,1285,1286,-1,1286,1285,1287,-1,1286,1287,1288,-1,1288,1287,1289,-1,1289,1290,1288,-1,1288,1290,1291,-1,1291,1290,1292,-1,1292,1290,1293,-1,1292,1293,1294,-1,1294,1293,1295,-1,1294,1295,1296,-1,1296,1295,1297,-1,1296,1297,1298,-1,1298,1297,1299,-1,1298,1299,1300,-1,1300,1299,1301,-1,1300,1301,1302,-1,1302,1301,1303,-1,1303,1304,1302,-1,1302,1304,1305,-1,1306,1307,1308,-1,1306,1308,1309,-1,1309,1308,1310,-1,1309,1310,1311,-1,1311,1310,1312,-1,1311,1312,1313,-1,1313,1312,1305,-1,1313,1305,1304,-1,1314,1307,1315,-1,1315,1307,1306,-1,1316,1317,1318,-1,1316,1318,1319,-1,1319,1318,1320,-1,1319,1320,1321,-1,1321,1320,1314,-1,1321,1314,1315,-1,1322,1317,1323,-1,1323,1317,1316,-1,1322,1323,1324,-1,1324,1323,1325,-1,1324,1325,1326,-1,1326,1325,1327,-1,1326,1327,1328,-1,1328,1327,1329,-1,1328,1329,1330,-1,1330,1329,1331,-1,1330,1331,1332,-1,1332,1331,1333,-1,1332,1333,1334,-1,1334,1333,1335,-1,1222,1322,1336,-1,1336,1322,1324,-1,1336,1324,1337,-1,1337,1324,1326,-1,1337,1326,1338,-1,1338,1326,1328,-1,1338,1328,1339,-1,1339,1328,1330,-1,1339,1330,1340,-1,1340,1330,1332,-1,1340,1332,1341,-1,1341,1332,1334,-1,1342,1343,1344,-1,1344,1343,1345,-1,1344,1345,1346,-1,1346,1345,1347,-1,1346,1347,1348,-1,1348,1347,1349,-1,1348,1349,1350,-1,1350,1349,1351,-1,1350,1351,1352,-1,1352,1351,1353,-1,1352,1353,1354,-1,1354,1353,1355,-1,1354,1356,1352,-1,1352,1356,1357,-1,1352,1357,1350,-1,1350,1357,1358,-1,1350,1358,1348,-1,1348,1358,1359,-1,1348,1359,1346,-1,1346,1359,1360,-1,1346,1360,1344,-1,1344,1360,1361,-1,1344,1361,1342,-1,1342,1361,1362,-1,1362,1363,1342,-1,1342,1363,1364,-1,1364,1363,1365,-1,1365,1363,1366,-1,1365,1366,1367,-1,1367,1366,1368,-1,1367,1368,1369,-1,1369,1368,1370,-1,1369,1370,1371,-1,1371,1370,1372,-1,1371,1372,1373,-1,1373,1372,1374,-1,1373,1374,1375,-1,1375,1374,1376,-1,1376,1377,1375,-1,1375,1377,1378,-1,1378,1377,1379,-1,1379,1377,1380,-1,1379,1380,1381,-1,1381,1380,1382,-1,1381,1382,1383,-1,1383,1382,1384,-1,1384,1385,1383,-1,1383,1385,1386,-1,1387,1388,1389,-1,1387,1389,1390,-1,1390,1389,1391,-1,1390,1391,1392,-1,1392,1391,1386,-1,1392,1386,1385,-1,1387,1393,1388,-1,1388,1393,1394,-1,1367,1369,1264,-1,1276,1278,1263,-1,1367,1264,1365,-1,1369,1371,1264,-1,1264,1371,1373,-1,1264,1373,1375,-1,1343,1342,1264,-1,1264,1342,1364,-1,1264,1364,1365,-1,1276,1263,1274,-1,1274,1263,1264,-1,1274,1264,1272,-1,1298,1222,1296,-1,1296,1222,1247,-1,1375,1378,1264,-1,1264,1378,1379,-1,1264,1379,1272,-1,1272,1379,1381,-1,1272,1381,1270,-1,1270,1381,1383,-1,1270,1383,1266,-1,1298,1300,1222,-1,1222,1300,1302,-1,1222,1302,1322,-1,1322,1302,1305,-1,1322,1305,1317,-1,1225,1227,1235,-1,1312,1310,1308,-1,1320,1318,1317,-1,1247,1222,1235,-1,1235,1222,1223,-1,1235,1223,1225,-1,1229,1231,1227,-1,1227,1231,1233,-1,1227,1233,1235,-1,1253,1255,1284,-1,1284,1255,1257,-1,1253,1284,1251,-1,1251,1284,1286,-1,1251,1286,1249,-1,1312,1308,1305,-1,1305,1308,1307,-1,1305,1307,1317,-1,1317,1307,1314,-1,1317,1314,1320,-1,1389,1388,1267,-1,1278,1280,1263,-1,1263,1280,1282,-1,1263,1282,1261,-1,1261,1282,1284,-1,1261,1284,1259,-1,1259,1284,1257,-1,1239,1292,1241,-1,1241,1292,1294,-1,1241,1294,1243,-1,1243,1294,1296,-1,1243,1296,1245,-1,1245,1296,1247,-1,1249,1286,1237,-1,1237,1286,1288,-1,1237,1288,1239,-1,1239,1288,1291,-1,1239,1291,1292,-1,1389,1267,1391,-1,1266,1383,1267,-1,1267,1383,1386,-1,1267,1386,1391,-1,1388,1394,1267,-1,1267,1394,1395,-1,1267,1395,1396,-1,1269,1267,1396,-1,1269,1396,1397,-1,1397,1396,1395,-1,1397,1395,1398,-1,1398,1395,1394,-1,1398,1394,1393,-1,1221,1220,1234,-1,1372,1370,1265,-1,1265,1370,1368,-1,1303,1301,1220,-1,1220,1301,1299,-1,1220,1299,1297,-1,1377,1376,1265,-1,1265,1376,1374,-1,1265,1374,1372,-1,1256,1254,1285,-1,1279,1262,1281,-1,1281,1262,1283,-1,1273,1265,1275,-1,1275,1265,1262,-1,1275,1262,1277,-1,1277,1262,1279,-1,1362,1399,1363,-1,1363,1399,1265,-1,1363,1265,1366,-1,1366,1265,1368,-1,1221,1234,1224,-1,1303,1220,1304,-1,1304,1220,1323,-1,1304,1323,1316,-1,1230,1228,1226,-1,1304,1309,1313,-1,1313,1309,1311,-1,1377,1265,1380,-1,1380,1265,1273,-1,1380,1273,1382,-1,1382,1273,1271,-1,1382,1271,1384,-1,1384,1271,1268,-1,1384,1268,1269,-1,1319,1321,1316,-1,1316,1321,1315,-1,1316,1315,1304,-1,1304,1315,1306,-1,1304,1306,1309,-1,1256,1285,1258,-1,1224,1234,1226,-1,1226,1234,1232,-1,1226,1232,1230,-1,1238,1240,1295,-1,1295,1240,1242,-1,1295,1242,1297,-1,1297,1242,1244,-1,1297,1244,1220,-1,1220,1244,1246,-1,1220,1246,1234,-1,1295,1293,1238,-1,1238,1293,1290,-1,1238,1290,1236,-1,1236,1290,1289,-1,1236,1289,1248,-1,1248,1289,1287,-1,1248,1287,1250,-1,1250,1287,1285,-1,1250,1285,1252,-1,1252,1285,1254,-1,1283,1262,1285,-1,1285,1262,1260,-1,1285,1260,1258,-1,1269,1387,1390,-1,1397,1398,1269,-1,1269,1398,1393,-1,1269,1393,1387,-1,1390,1392,1269,-1,1269,1392,1385,-1,1269,1385,1384,-1,1264,1265,1343,-1,1343,1265,1399,-1,1343,1399,1345,-1,1345,1399,1400,-1,1345,1400,1347,-1,1347,1400,1401,-1,1347,1401,1349,-1,1349,1401,1402,-1,1349,1402,1351,-1,1351,1402,1403,-1,1351,1403,1353,-1,1353,1403,1404,-1,1353,1404,1355,-1,1355,1404,1405,-1,1406,1407,1405,-1,1405,1407,1355,-1,1408,1409,1410,-1,1408,1410,1411,-1,1411,1410,1412,-1,1411,1412,1413,-1,1413,1412,1414,-1,1413,1414,1415,-1,1415,1414,1416,-1,1415,1416,1417,-1,1417,1416,1418,-1,1417,1418,1419,-1,1419,1418,1407,-1,1419,1407,1406,-1,1420,1421,1408,-1,1408,1421,1409,-1,1422,1423,1424,-1,1422,1424,1425,-1,1425,1424,1426,-1,1425,1426,1427,-1,1427,1426,1428,-1,1427,1428,1429,-1,1429,1428,1430,-1,1429,1430,1431,-1,1431,1430,1432,-1,1431,1432,1433,-1,1433,1432,1434,-1,1433,1434,1435,-1,1435,1434,1421,-1,1435,1421,1420,-1,1423,1422,1436,-1,1436,1422,1437,-1,1436,1437,1438,-1,1438,1437,1439,-1,1438,1439,1440,-1,1440,1439,1441,-1,1440,1441,1442,-1,1442,1441,1443,-1,1442,1443,1444,-1,1444,1443,1445,-1,1444,1445,1446,-1,1446,1445,1447,-1,1448,1449,1447,-1,1447,1449,1446,-1,1449,1448,1450,-1,1450,1448,1451,-1,1450,1451,1452,-1,1452,1451,1453,-1,1452,1453,1454,-1,1454,1453,1455,-1,1454,1455,1456,-1,1456,1455,1457,-1,1456,1457,1458,-1,1458,1457,1459,-1,1458,1459,1460,-1,1460,1459,1461,-1,1460,1461,1462,-1,1462,1461,1463,-1,1464,1465,1466,-1,1464,1466,1467,-1,1467,1466,1468,-1,1467,1468,1469,-1,1469,1468,1470,-1,1469,1470,1471,-1,1471,1470,1472,-1,1471,1472,1473,-1,1473,1472,1474,-1,1473,1474,1475,-1,1475,1474,1476,-1,1475,1476,1477,-1,1477,1476,1462,-1,1477,1462,1463,-1,1478,1479,1464,-1,1464,1479,1465,-1,1480,1481,1482,-1,1480,1482,1483,-1,1483,1482,1484,-1,1483,1484,1485,-1,1485,1484,1486,-1,1485,1486,1487,-1,1487,1486,1488,-1,1487,1488,1489,-1,1489,1488,1490,-1,1489,1490,1491,-1,1491,1490,1492,-1,1491,1492,1493,-1,1493,1492,1479,-1,1493,1479,1478,-1,1494,1495,1480,-1,1480,1495,1481,-1,1496,1497,1498,-1,1498,1497,1499,-1,1498,1499,1500,-1,1500,1499,1501,-1,1500,1501,1502,-1,1502,1501,1503,-1,1502,1503,1504,-1,1504,1503,1505,-1,1504,1505,1506,-1,1506,1505,1507,-1,1506,1507,1508,-1,1508,1507,1509,-1,1508,1509,1510,-1,1510,1509,1511,-1,1512,1513,1496,-1,1496,1513,1497,-1,1514,1515,1516,-1,1516,1515,1517,-1,1516,1517,1518,-1,1518,1517,1519,-1,1518,1519,1520,-1,1520,1519,1521,-1,1520,1521,1522,-1,1522,1521,1523,-1,1522,1523,1524,-1,1524,1523,1525,-1,1524,1525,1512,-1,1512,1525,1513,-1,1526,1527,1514,-1,1514,1527,1515,-1,1528,1527,1529,-1,1529,1527,1526,-1,1530,1531,1529,-1,1529,1531,1528,-1,1532,1533,1534,-1,1534,1533,1535,-1,1532,1536,1533,-1,1533,1536,1537,-1,1515,1527,1528,-1,1525,1523,1531,-1,1523,1521,1531,-1,1531,1521,1519,-1,1531,1519,1528,-1,1528,1519,1517,-1,1528,1517,1515,-1,1501,1535,1503,-1,1503,1535,1505,-1,1537,1511,1533,-1,1533,1511,1509,-1,1533,1509,1535,-1,1535,1509,1507,-1,1535,1507,1505,-1,1501,1499,1535,-1,1535,1499,1497,-1,1535,1497,1531,-1,1531,1497,1513,-1,1531,1513,1525,-1,1510,1511,1536,-1,1536,1511,1537,-1,1510,1536,1532,-1,1520,1522,1530,-1,1526,1514,1529,-1,1529,1514,1516,-1,1529,1516,1530,-1,1530,1516,1518,-1,1530,1518,1520,-1,1498,1500,1534,-1,1534,1500,1502,-1,1502,1504,1534,-1,1534,1504,1506,-1,1534,1506,1532,-1,1532,1506,1508,-1,1532,1508,1510,-1,1522,1524,1530,-1,1530,1524,1512,-1,1530,1512,1534,-1,1534,1512,1496,-1,1534,1496,1498,-1,1530,1534,1538,-1,1530,1538,1539,-1,1539,1538,1540,-1,1539,1540,1541,-1,1541,1540,1542,-1,1541,1542,1543,-1,1543,1542,1544,-1,1543,1544,1545,-1,1531,1530,1546,-1,1546,1530,1539,-1,1546,1539,1547,-1,1547,1539,1541,-1,1547,1541,1548,-1,1548,1541,1543,-1,1548,1543,1549,-1,1549,1543,1545,-1,1549,1550,1548,-1,1548,1550,1551,-1,1548,1551,1547,-1,1547,1551,1552,-1,1547,1552,1546,-1,1546,1552,1553,-1,1546,1553,1531,-1,1531,1553,1535,-1,1550,1544,1551,-1,1551,1544,1542,-1,1551,1542,1552,-1,1552,1542,1540,-1,1552,1540,1553,-1,1553,1540,1538,-1,1553,1538,1535,-1,1535,1538,1534,-1,1544,1550,1554,-1,1554,1550,1555,-1,1554,1555,1556,-1,1556,1555,1557,-1,1556,1557,1558,-1,1558,1557,1559,-1,1558,1559,1560,-1,1560,1559,1561,-1,1560,1561,1494,-1,1494,1561,1495,-1,1562,1554,1563,-1,1563,1554,1556,-1,1563,1556,1564,-1,1564,1556,1558,-1,1564,1558,1565,-1,1565,1558,1560,-1,1565,1560,1566,-1,1566,1560,1494,-1,1554,1562,1544,-1,1544,1562,1545,-1,1562,1567,1545,-1,1545,1567,1549,-1,1550,1549,1555,-1,1555,1549,1567,-1,1568,1495,1561,-1,1568,1561,1569,-1,1569,1561,1559,-1,1569,1559,1570,-1,1570,1559,1557,-1,1570,1557,1571,-1,1571,1557,1555,-1,1571,1555,1567,-1,1566,1568,1565,-1,1565,1568,1569,-1,1565,1569,1564,-1,1564,1569,1570,-1,1564,1570,1563,-1,1563,1570,1571,-1,1563,1571,1562,-1,1562,1571,1567,-1,1568,1566,1572,-1,1572,1566,1573,-1,1572,1573,1574,-1,1574,1573,1575,-1,1574,1575,1576,-1,1576,1575,1577,-1,1576,1577,1578,-1,1578,1577,1579,-1,1578,1579,1580,-1,1580,1579,1581,-1,1580,1581,1582,-1,1582,1581,1583,-1,1582,1583,1584,-1,1584,1583,1585,-1,1584,1585,1586,-1,1586,1585,1587,-1,1586,1587,1588,-1,1588,1587,1589,-1,1588,1589,1590,-1,1590,1589,1591,-1,1590,1591,1592,-1,1592,1591,1593,-1,1592,1593,1594,-1,1594,1593,1595,-1,1596,1341,1595,-1,1595,1341,1594,-1,1341,1596,1340,-1,1340,1596,1597,-1,1340,1597,1339,-1,1339,1597,1598,-1,1339,1598,1338,-1,1338,1598,1599,-1,1338,1599,1337,-1,1337,1599,1600,-1,1337,1600,1336,-1,1336,1600,1601,-1,1336,1601,1222,-1,1222,1601,1220,-1,1356,1405,1404,-1,1356,1404,1357,-1,1357,1404,1403,-1,1357,1403,1358,-1,1358,1403,1402,-1,1358,1402,1359,-1,1359,1402,1401,-1,1359,1401,1360,-1,1360,1401,1400,-1,1360,1400,1361,-1,1361,1400,1399,-1,1361,1399,1362,-1,1596,1335,1333,-1,1596,1333,1597,-1,1597,1333,1331,-1,1597,1331,1598,-1,1598,1331,1329,-1,1598,1329,1599,-1,1599,1329,1327,-1,1599,1327,1600,-1,1600,1327,1325,-1,1600,1325,1601,-1,1601,1325,1323,-1,1601,1323,1220,-1,1573,1566,1494,-1,1463,1461,1489,-1,1491,1493,1478,-1,1461,1459,1489,-1,1489,1459,1457,-1,1489,1457,1455,-1,1591,1589,1602,-1,1602,1589,1587,-1,1602,1587,1585,-1,1583,1581,1489,-1,1489,1581,1579,-1,1603,1455,1453,-1,1604,1405,1605,-1,1605,1405,1356,-1,1435,1420,1427,-1,1603,1606,1455,-1,1455,1606,1602,-1,1455,1602,1489,-1,1489,1602,1585,-1,1489,1585,1583,-1,1579,1577,1489,-1,1489,1577,1575,-1,1489,1575,1487,-1,1494,1480,1573,-1,1573,1480,1483,-1,1573,1483,1575,-1,1575,1483,1485,-1,1575,1485,1487,-1,1443,1607,1445,-1,1445,1607,1608,-1,1445,1608,1447,-1,1447,1608,1609,-1,1447,1609,1448,-1,1448,1609,1603,-1,1448,1603,1451,-1,1451,1603,1453,-1,1427,1420,1425,-1,1335,1596,1610,-1,1610,1596,1595,-1,1610,1595,1602,-1,1602,1595,1593,-1,1602,1593,1591,-1,1604,1611,1405,-1,1405,1611,1612,-1,1405,1612,1613,-1,1408,1406,1420,-1,1420,1406,1422,-1,1420,1422,1425,-1,1475,1464,1467,-1,1475,1477,1464,-1,1464,1477,1463,-1,1464,1463,1478,-1,1478,1463,1489,-1,1478,1489,1491,-1,1613,1441,1405,-1,1405,1441,1439,-1,1405,1439,1406,-1,1406,1439,1437,-1,1406,1437,1422,-1,1613,1614,1441,-1,1441,1614,1615,-1,1441,1615,1443,-1,1443,1615,1616,-1,1443,1616,1607,-1,1435,1427,1433,-1,1433,1427,1429,-1,1433,1429,1431,-1,1415,1408,1413,-1,1413,1408,1411,-1,1415,1417,1408,-1,1408,1417,1419,-1,1408,1419,1406,-1,1467,1469,1475,-1,1475,1469,1471,-1,1475,1471,1473,-1,1335,1610,1334,-1,1334,1610,1617,-1,1617,1610,1618,-1,1618,1610,1602,-1,1618,1602,1619,-1,1619,1602,1606,-1,1619,1606,1620,-1,1620,1606,1603,-1,1620,1603,1621,-1,1621,1603,1609,-1,1621,1609,1622,-1,1622,1609,1608,-1,1622,1608,1623,-1,1623,1608,1607,-1,1624,1623,1616,-1,1616,1623,1607,-1,1624,1616,1625,-1,1625,1616,1615,-1,1625,1615,1626,-1,1626,1615,1614,-1,1626,1614,1627,-1,1627,1614,1613,-1,1627,1613,1628,-1,1628,1613,1612,-1,1628,1612,1629,-1,1629,1612,1611,-1,1629,1611,1630,-1,1630,1611,1604,-1,1630,1604,1631,-1,1631,1604,1605,-1,1354,1631,1356,-1,1356,1631,1605,-1,1423,1436,1407,-1,1407,1436,1355,-1,1355,1436,1438,-1,1355,1438,1440,-1,1442,1444,1622,-1,1486,1484,1572,-1,1584,1465,1582,-1,1582,1465,1479,-1,1582,1479,1580,-1,1584,1586,1465,-1,1465,1586,1588,-1,1465,1588,1466,-1,1466,1588,1590,-1,1466,1590,1468,-1,1629,1630,1355,-1,1355,1630,1631,-1,1355,1631,1354,-1,1495,1568,1481,-1,1481,1568,1572,-1,1481,1572,1482,-1,1482,1572,1484,-1,1574,1576,1479,-1,1479,1576,1578,-1,1479,1578,1580,-1,1622,1444,1621,-1,1621,1444,1446,-1,1621,1446,1620,-1,1620,1446,1449,-1,1620,1449,1619,-1,1619,1449,1450,-1,1619,1450,1452,-1,1426,1421,1434,-1,1426,1424,1421,-1,1421,1424,1423,-1,1421,1423,1409,-1,1479,1492,1574,-1,1574,1492,1490,-1,1574,1490,1572,-1,1572,1490,1488,-1,1572,1488,1486,-1,1341,1334,1594,-1,1594,1334,1617,-1,1594,1617,1618,-1,1454,1456,1590,-1,1590,1456,1458,-1,1590,1458,1460,-1,1452,1454,1619,-1,1619,1454,1590,-1,1619,1590,1618,-1,1618,1590,1592,-1,1618,1592,1594,-1,1460,1462,1590,-1,1590,1462,1476,-1,1590,1476,1474,-1,1474,1472,1590,-1,1590,1472,1470,-1,1590,1470,1468,-1,1423,1407,1409,-1,1409,1407,1418,-1,1409,1418,1416,-1,1416,1414,1409,-1,1409,1414,1412,-1,1409,1412,1410,-1,1434,1432,1426,-1,1426,1432,1430,-1,1426,1430,1428,-1,1622,1623,1442,-1,1442,1623,1624,-1,1442,1624,1440,-1,1440,1624,1625,-1,1625,1626,1440,-1,1440,1626,1627,-1,1440,1627,1355,-1,1355,1627,1628,-1,1355,1628,1629,-1,1632,1633,1634,-1,1634,1633,1635,-1,1634,1635,1636,-1,1636,1635,1637,-1,1636,1637,1638,-1,1638,1637,1639,-1,1638,1639,1640,-1,1640,1639,1641,-1,1642,1643,1644,-1,1644,1643,1645,-1,1646,1647,1648,-1,1646,1648,1649,-1,1649,1648,1650,-1,1649,1650,1651,-1,1651,1650,1652,-1,1651,1652,1653,-1,1653,1652,1654,-1,1653,1654,1655,-1,1655,1654,1656,-1,1655,1656,1657,-1,1657,1656,1642,-1,1657,1642,1644,-1,1658,1647,1659,-1,1659,1647,1646,-1,1658,1659,1660,-1,1660,1659,1661,-1,1660,1661,1662,-1,1662,1661,1663,-1,1662,1663,1664,-1,1664,1663,1665,-1,1664,1665,1666,-1,1666,1665,1667,-1,1666,1667,1668,-1,1668,1667,1669,-1,1668,1669,1670,-1,1670,1669,1671,-1,1672,1670,1673,-1,1673,1670,1671,-1,1674,1675,1673,-1,1673,1675,1672,-1,1674,1676,1675,-1,1675,1676,1677,-1,1677,1676,1678,-1,1678,1676,1679,-1,1678,1679,1680,-1,1680,1679,1681,-1,1680,1681,1682,-1,1682,1681,1683,-1,1682,1683,1684,-1,1684,1683,1685,-1,1684,1685,1686,-1,1686,1685,1687,-1,1686,1687,1688,-1,1688,1687,1689,-1,1688,1689,1690,-1,1690,1689,1691,-1,1692,1690,1693,-1,1693,1690,1691,-1,1694,1695,1696,-1,1694,1696,1697,-1,1697,1696,1698,-1,1697,1698,1699,-1,1699,1698,1700,-1,1699,1700,1701,-1,1701,1700,1702,-1,1701,1702,1703,-1,1703,1702,1704,-1,1703,1704,1705,-1,1705,1704,1692,-1,1705,1692,1693,-1,1706,1707,1694,-1,1694,1707,1695,-1,1708,1709,1710,-1,1708,1710,1711,-1,1711,1710,1712,-1,1711,1712,1713,-1,1713,1712,1714,-1,1713,1714,1715,-1,1715,1714,1707,-1,1715,1707,1706,-1,1716,1709,1717,-1,1717,1709,1708,-1,1716,1717,1718,-1,1718,1717,1719,-1,1718,1719,1720,-1,1720,1719,1721,-1,1720,1721,1722,-1,1722,1721,1723,-1,1722,1723,1724,-1,1724,1723,1725,-1,1726,1724,1727,-1,1727,1724,1725,-1,1728,1729,1730,-1,1728,1730,1731,-1,1731,1730,1732,-1,1731,1732,1733,-1,1733,1732,1734,-1,1733,1734,1735,-1,1735,1734,1726,-1,1735,1726,1727,-1,1736,1729,1737,-1,1737,1729,1728,-1,1736,1737,1738,-1,1738,1737,1739,-1,1738,1739,1740,-1,1740,1739,1741,-1,1740,1741,1742,-1,1742,1741,1743,-1,1742,1743,1744,-1,1744,1743,1745,-1,1746,1744,1747,-1,1747,1744,1745,-1,1748,1749,1750,-1,1750,1749,1751,-1,1752,1753,1754,-1,1752,1754,1755,-1,1755,1754,1756,-1,1755,1756,1757,-1,1757,1756,1758,-1,1757,1758,1759,-1,1759,1758,1751,-1,1759,1751,1749,-1,1760,1753,1761,-1,1761,1753,1752,-1,1760,1761,1762,-1,1762,1761,1763,-1,1762,1763,1764,-1,1764,1763,1765,-1,1764,1765,1766,-1,1766,1765,1767,-1,1766,1767,1768,-1,1768,1767,1769,-1,1769,1770,1768,-1,1768,1770,1771,-1,1772,1773,1774,-1,1772,1774,1775,-1,1775,1774,1776,-1,1775,1776,1777,-1,1777,1776,1778,-1,1777,1778,1779,-1,1779,1778,1771,-1,1779,1771,1770,-1,1780,1773,1781,-1,1781,1773,1772,-1,1780,1781,1782,-1,1782,1781,1783,-1,1782,1783,1784,-1,1784,1783,1785,-1,1784,1785,1786,-1,1786,1785,1787,-1,1786,1787,1788,-1,1788,1787,1789,-1,1789,1790,1788,-1,1788,1790,1791,-1,1791,1790,1792,-1,1792,1790,1793,-1,1792,1793,1794,-1,1794,1793,1795,-1,1794,1795,1796,-1,1796,1795,1797,-1,1796,1797,1798,-1,1798,1797,1799,-1,1798,1799,1800,-1,1800,1799,1801,-1,1800,1801,1802,-1,1802,1801,1803,-1,1803,1804,1802,-1,1802,1804,1805,-1,1805,1804,1806,-1,1806,1804,1807,-1,1806,1807,1808,-1,1808,1807,1809,-1,1808,1809,1810,-1,1810,1809,1811,-1,1810,1811,1812,-1,1812,1811,1813,-1,1812,1813,1814,-1,1814,1813,1815,-1,1814,1815,1816,-1,1816,1815,1817,-1,1818,1816,1819,-1,1819,1816,1817,-1,1820,1821,1822,-1,1822,1821,1823,-1,1824,1825,1826,-1,1826,1825,1827,-1,1828,1829,1830,-1,1831,1832,1826,-1,1827,1833,1826,-1,1826,1833,1834,-1,1826,1834,1835,-1,1830,1836,1828,-1,1828,1836,1837,-1,1828,1837,1826,-1,1826,1837,1838,-1,1826,1838,1831,-1,1832,1839,1826,-1,1826,1839,1840,-1,1826,1840,1824,-1,1826,1835,1841,-1,1841,1835,1842,-1,1841,1842,1843,-1,1843,1842,1844,-1,1843,1844,1845,-1,1845,1844,1846,-1,1845,1846,1847,-1,1847,1846,1848,-1,1847,1848,1849,-1,1849,1848,1850,-1,1849,1850,1851,-1,1851,1850,1852,-1,1851,1852,1853,-1,1853,1852,1854,-1,1853,1854,1855,-1,1855,1854,1856,-1,1856,1857,1855,-1,1855,1857,1858,-1,1858,1857,1859,-1,1858,1859,1860,-1,1860,1859,1861,-1,1860,1861,1862,-1,1863,1864,1865,-1,1865,1864,1866,-1,1865,1866,1867,-1,1868,1869,1870,-1,1869,1868,1865,-1,1865,1868,1871,-1,1865,1871,1863,-1,1867,1872,1873,-1,1862,1861,1874,-1,1874,1861,1868,-1,1874,1868,1875,-1,1875,1868,1870,-1,1873,1876,1867,-1,1867,1876,1877,-1,1867,1877,1865,-1,1878,1879,1880,-1,1871,1868,1881,-1,1882,1883,1884,-1,1885,1886,1887,-1,1888,1889,1890,-1,1880,1879,1891,-1,1892,1893,1894,-1,1895,1896,1892,-1,1894,1893,1897,-1,1898,1874,1875,-1,1899,1900,1893,-1,1893,1900,1898,-1,1893,1898,1897,-1,1897,1898,1875,-1,1897,1875,1870,-1,1901,1902,1903,-1,1904,1905,1906,-1,1907,1908,1909,-1,1881,1910,1911,-1,1867,1908,1872,-1,1872,1908,1907,-1,1872,1907,1873,-1,1873,1907,1876,-1,1912,1913,1914,-1,1914,1913,1915,-1,1916,1917,1918,-1,1918,1917,1919,-1,1918,1919,1920,-1,1920,1919,1921,-1,1920,1921,1915,-1,1915,1921,1922,-1,1915,1922,1914,-1,1923,1924,1925,-1,1925,1924,1926,-1,1925,1926,1927,-1,1927,1926,1928,-1,1927,1928,1929,-1,1929,1928,1930,-1,1929,1930,1931,-1,1931,1930,1932,-1,1931,1932,1933,-1,1890,1889,1934,-1,1934,1889,1935,-1,1934,1935,1916,-1,1916,1935,1936,-1,1916,1936,1917,-1,1913,1923,1915,-1,1915,1923,1925,-1,1915,1925,1920,-1,1920,1925,1927,-1,1920,1927,1918,-1,1918,1927,1929,-1,1918,1929,1916,-1,1916,1929,1931,-1,1916,1931,1934,-1,1934,1931,1933,-1,1934,1933,1890,-1,1905,1937,1906,-1,1906,1937,1938,-1,1906,1938,1939,-1,1939,1938,1940,-1,1939,1940,1941,-1,1941,1940,1942,-1,1941,1943,1939,-1,1939,1943,1944,-1,1939,1944,1906,-1,1906,1944,1945,-1,1906,1945,1904,-1,1904,1945,1911,-1,1904,1911,1946,-1,1946,1911,1910,-1,1947,1948,1882,-1,1949,1950,1951,-1,1950,1949,1912,-1,1952,1953,1954,-1,1954,1953,1955,-1,1954,1955,1956,-1,1956,1955,1887,-1,1956,1887,1957,-1,1957,1887,1886,-1,1957,1886,1958,-1,1896,1895,1959,-1,1959,1895,1960,-1,1959,1960,1961,-1,1961,1960,1962,-1,1961,1962,1963,-1,1963,1962,1884,-1,1963,1884,1964,-1,1964,1884,1883,-1,1964,1883,1965,-1,1899,1893,1966,-1,1966,1893,1892,-1,1966,1892,1967,-1,1967,1892,1896,-1,1967,1896,1968,-1,1968,1896,1959,-1,1968,1959,1952,-1,1952,1959,1961,-1,1952,1961,1953,-1,1953,1961,1963,-1,1953,1963,1955,-1,1955,1963,1964,-1,1955,1964,1887,-1,1887,1964,1965,-1,1887,1965,1885,-1,1969,1970,1971,-1,1971,1970,1972,-1,1971,1972,1973,-1,1973,1972,1974,-1,1973,1974,1975,-1,1909,1976,1907,-1,1907,1976,1977,-1,1907,1977,1978,-1,1978,1977,1979,-1,1978,1979,1980,-1,1980,1979,1981,-1,1980,1981,1982,-1,1982,1981,1969,-1,1982,1969,1983,-1,1983,1969,1971,-1,1983,1971,1984,-1,1984,1971,1973,-1,1984,1973,1947,-1,1947,1973,1975,-1,1947,1975,1948,-1,1909,1902,1976,-1,1976,1902,1901,-1,1976,1901,1977,-1,1977,1901,1891,-1,1977,1891,1979,-1,1979,1891,1879,-1,1979,1879,1981,-1,1981,1879,1878,-1,1981,1878,1969,-1,1969,1878,1985,-1,1969,1985,1970,-1,1912,1949,1913,-1,1913,1949,1986,-1,1913,1986,1923,-1,1923,1986,1987,-1,1923,1987,1924,-1,1924,1987,1988,-1,1924,1988,1926,-1,1926,1988,1989,-1,1926,1989,1928,-1,1928,1989,1990,-1,1928,1990,1930,-1,1930,1990,1991,-1,1930,1991,1932,-1,1867,1866,1908,-1,1908,1866,1864,-1,1908,1864,1863,-1,1943,1903,1944,-1,1944,1903,1902,-1,1944,1902,1945,-1,1945,1902,1909,-1,1945,1909,1911,-1,1911,1909,1908,-1,1911,1908,1881,-1,1881,1908,1863,-1,1881,1863,1871,-1,1870,1869,1897,-1,1897,1869,1865,-1,1897,1865,1877,-1,1882,1884,1947,-1,1947,1884,1962,-1,1947,1962,1984,-1,1984,1962,1960,-1,1984,1960,1983,-1,1983,1960,1895,-1,1983,1895,1982,-1,1982,1895,1892,-1,1982,1892,1980,-1,1980,1892,1894,-1,1980,1894,1978,-1,1978,1894,1897,-1,1978,1897,1907,-1,1907,1897,1877,-1,1907,1877,1876,-1,1905,1992,1937,-1,1937,1992,1993,-1,1937,1993,1938,-1,1938,1993,1994,-1,1938,1994,1940,-1,1940,1994,1995,-1,1940,1995,1942,-1,1942,1995,1996,-1,1942,1996,1997,-1,1997,1888,1942,-1,1942,1888,1890,-1,1942,1890,1941,-1,1941,1890,1933,-1,1941,1933,1943,-1,1943,1933,1932,-1,1943,1932,1903,-1,1903,1932,1991,-1,1903,1991,1901,-1,1901,1991,1990,-1,1901,1990,1891,-1,1891,1990,1989,-1,1891,1989,1880,-1,1880,1989,1988,-1,1880,1988,1878,-1,1878,1988,1987,-1,1878,1987,1985,-1,1985,1987,1986,-1,1985,1986,1970,-1,1970,1986,1949,-1,1970,1949,1972,-1,1972,1949,1951,-1,1972,1951,1974,-1,1862,1874,1898,-1,1862,1898,1998,-1,1998,1898,1900,-1,1998,1900,1999,-1,1900,1899,1999,-1,1999,1899,1966,-1,1999,1966,2000,-1,2000,1966,1967,-1,2000,1967,1968,-1,1968,1952,2000,-1,2000,1952,1954,-1,2000,1954,2001,-1,1958,2002,1957,-1,1957,2002,2001,-1,1957,2001,1956,-1,1956,2001,1954,-1,1860,1862,1998,-1,1858,1860,2003,-1,1858,2003,2004,-1,2004,2003,2005,-1,2004,2005,2006,-1,2006,2005,2007,-1,2006,2007,2008,-1,2008,2007,2009,-1,2008,2009,2010,-1,2010,2009,2011,-1,2010,2011,2012,-1,1860,1998,2003,-1,2003,1998,1999,-1,2003,1999,2005,-1,2005,1999,2000,-1,2005,2000,2007,-1,2007,2000,2001,-1,2007,2001,2009,-1,2009,2001,2002,-1,2009,2002,2011,-1,1855,1858,2013,-1,2013,1858,2004,-1,2013,2004,2014,-1,2014,2004,2006,-1,2014,2006,2015,-1,2015,2006,2008,-1,2015,2008,2016,-1,2016,2008,2010,-1,2016,2010,2017,-1,2017,2010,2012,-1,2018,2019,2020,-1,2021,2022,2023,-1,1853,1855,2013,-1,1851,1853,2024,-1,2021,1826,2022,-1,2022,1826,1841,-1,2022,1841,1843,-1,2025,1845,1847,-1,1851,2024,1849,-1,2026,2023,2027,-1,2027,2023,2022,-1,2027,2022,2025,-1,2025,2022,1843,-1,2025,1843,1845,-1,2028,2026,2029,-1,2029,2026,2027,-1,2029,2027,2030,-1,2030,2027,2025,-1,2030,2025,2031,-1,2031,2025,1847,-1,2031,1847,1849,-1,2020,2032,2033,-1,2034,2033,2035,-1,2035,2033,2032,-1,2035,2032,2036,-1,2036,2032,2037,-1,2036,2037,2038,-1,2020,2019,2032,-1,2032,2019,2039,-1,2032,2039,2037,-1,2040,2018,2028,-1,2028,2018,2020,-1,2028,2020,2026,-1,2026,2020,2033,-1,2026,2033,2023,-1,2023,2033,2034,-1,2023,2034,2021,-1,2041,2042,2043,-1,1849,2024,2031,-1,2031,2024,2044,-1,2031,2044,2030,-1,2030,2044,2045,-1,2030,2045,2029,-1,2029,2045,2041,-1,2029,2041,2028,-1,2028,2041,2043,-1,2028,2043,2040,-1,1853,2013,2024,-1,2024,2013,2014,-1,2024,2014,2044,-1,2044,2014,2015,-1,2044,2015,2045,-1,2045,2015,2016,-1,2045,2016,2041,-1,2041,2016,2017,-1,2041,2017,2042,-1,1828,1826,2046,-1,2046,1826,2021,-1,2046,2021,2047,-1,2047,2021,2048,-1,2048,2021,2049,-1,2049,2021,2034,-1,2049,2034,2050,-1,2050,2034,2051,-1,2051,2034,2035,-1,2051,2035,2052,-1,2052,2035,2053,-1,2053,2035,2036,-1,2053,2036,2054,-1,2054,2036,2038,-1,2054,2038,2055,-1,2056,2057,2058,-1,1829,1828,2046,-1,2059,2060,2061,-1,2062,2063,2064,-1,2065,2066,2067,-1,2058,2057,2068,-1,2069,2070,2071,-1,2072,2073,2069,-1,2071,2070,2074,-1,2075,1834,1833,-1,2076,2077,2070,-1,2070,2077,2075,-1,2070,2075,2074,-1,2074,2075,1833,-1,2074,1833,1827,-1,2078,2079,2080,-1,2049,2050,2081,-1,2082,2083,2084,-1,2046,2047,2085,-1,1838,2083,1831,-1,1831,2083,2082,-1,1831,2082,1832,-1,1832,2082,1839,-1,2086,2087,2088,-1,2088,2087,2089,-1,2090,2091,2092,-1,2092,2091,2093,-1,2092,2093,2094,-1,2094,2093,2095,-1,2094,2095,2089,-1,2089,2095,2096,-1,2089,2096,2088,-1,2097,2098,2099,-1,2099,2098,2100,-1,2099,2100,2101,-1,2101,2100,2102,-1,2101,2102,2103,-1,2103,2102,2104,-1,2103,2104,2105,-1,2105,2104,2106,-1,2105,2106,2107,-1,2067,2066,2108,-1,2108,2066,2109,-1,2108,2109,2090,-1,2090,2109,2110,-1,2090,2110,2091,-1,2087,2097,2089,-1,2089,2097,2099,-1,2089,2099,2094,-1,2094,2099,2101,-1,2094,2101,2092,-1,2092,2101,2103,-1,2092,2103,2090,-1,2090,2103,2105,-1,2090,2105,2108,-1,2108,2105,2107,-1,2108,2107,2067,-1,2050,2111,2081,-1,2081,2111,2112,-1,2081,2112,2113,-1,2113,2112,2114,-1,2113,2114,2115,-1,2115,2114,2116,-1,2115,2117,2113,-1,2113,2117,2118,-1,2113,2118,2081,-1,2081,2118,2119,-1,2081,2119,2049,-1,2049,2119,2085,-1,2049,2085,2048,-1,2048,2085,2047,-1,2120,2121,2059,-1,2122,2123,2124,-1,2123,2122,2086,-1,2125,2126,2127,-1,2127,2126,2128,-1,2127,2128,2129,-1,2129,2128,2064,-1,2129,2064,2130,-1,2130,2064,2063,-1,2130,2063,2131,-1,2073,2072,2132,-1,2132,2072,2133,-1,2132,2133,2134,-1,2134,2133,2135,-1,2134,2135,2136,-1,2136,2135,2061,-1,2136,2061,2137,-1,2137,2061,2060,-1,2137,2060,2138,-1,2076,2070,2139,-1,2139,2070,2069,-1,2139,2069,2140,-1,2140,2069,2073,-1,2140,2073,2141,-1,2141,2073,2132,-1,2141,2132,2125,-1,2125,2132,2134,-1,2125,2134,2126,-1,2126,2134,2136,-1,2126,2136,2128,-1,2128,2136,2137,-1,2128,2137,2064,-1,2064,2137,2138,-1,2064,2138,2062,-1,2142,2143,2144,-1,2144,2143,2145,-1,2144,2145,2146,-1,2146,2145,2147,-1,2146,2147,2148,-1,2084,2149,2082,-1,2082,2149,2150,-1,2082,2150,2151,-1,2151,2150,2152,-1,2151,2152,2153,-1,2153,2152,2154,-1,2153,2154,2155,-1,2155,2154,2142,-1,2155,2142,2156,-1,2156,2142,2144,-1,2156,2144,2157,-1,2157,2144,2146,-1,2157,2146,2120,-1,2120,2146,2148,-1,2120,2148,2121,-1,2084,2079,2149,-1,2149,2079,2078,-1,2149,2078,2150,-1,2150,2078,2068,-1,2150,2068,2152,-1,2152,2068,2057,-1,2152,2057,2154,-1,2154,2057,2056,-1,2154,2056,2142,-1,2142,2056,2158,-1,2142,2158,2143,-1,2086,2122,2087,-1,2087,2122,2159,-1,2087,2159,2097,-1,2097,2159,2160,-1,2097,2160,2098,-1,2098,2160,2161,-1,2098,2161,2100,-1,2100,2161,2162,-1,2100,2162,2102,-1,2102,2162,2163,-1,2102,2163,2104,-1,2104,2163,2164,-1,2104,2164,2106,-1,1838,1837,2083,-1,2083,1837,1836,-1,2083,1836,1830,-1,2117,2080,2118,-1,2118,2080,2079,-1,2118,2079,2119,-1,2119,2079,2084,-1,2119,2084,2085,-1,2085,2084,2083,-1,2085,2083,2046,-1,2046,2083,1830,-1,2046,1830,1829,-1,1827,1825,2074,-1,2074,1825,1824,-1,2074,1824,1840,-1,2059,2061,2120,-1,2120,2061,2135,-1,2120,2135,2157,-1,2157,2135,2133,-1,2157,2133,2156,-1,2156,2133,2072,-1,2156,2072,2155,-1,2155,2072,2069,-1,2155,2069,2153,-1,2153,2069,2071,-1,2153,2071,2151,-1,2151,2071,2074,-1,2151,2074,2082,-1,2082,2074,1840,-1,2082,1840,1839,-1,2050,2051,2111,-1,2111,2051,2052,-1,2111,2052,2112,-1,2112,2052,2053,-1,2112,2053,2114,-1,2114,2053,2054,-1,2114,2054,2116,-1,2116,2054,2055,-1,2116,2055,2165,-1,2165,2065,2116,-1,2116,2065,2067,-1,2116,2067,2115,-1,2115,2067,2107,-1,2115,2107,2117,-1,2117,2107,2106,-1,2117,2106,2080,-1,2080,2106,2164,-1,2080,2164,2078,-1,2078,2164,2163,-1,2078,2163,2068,-1,2068,2163,2162,-1,2068,2162,2058,-1,2058,2162,2161,-1,2058,2161,2056,-1,2056,2161,2160,-1,2056,2160,2158,-1,2158,2160,2159,-1,2158,2159,2143,-1,2143,2159,2122,-1,2143,2122,2145,-1,2145,2122,2124,-1,2145,2124,2147,-1,1834,2075,1835,-1,1835,2075,2166,-1,2075,2077,2166,-1,2166,2077,2076,-1,2166,2076,2167,-1,2167,2076,2139,-1,2167,2139,2168,-1,2168,2139,2140,-1,2168,2140,2141,-1,2141,2125,2168,-1,2168,2125,2127,-1,2168,2127,2169,-1,2131,2170,2130,-1,2130,2170,2169,-1,2130,2169,2129,-1,2129,2169,2127,-1,1848,1846,2171,-1,2169,2172,2173,-1,2174,2175,2176,-1,2177,2174,2178,-1,2169,2170,2172,-1,2172,2170,2179,-1,2172,2179,2180,-1,2181,2182,2183,-1,2177,2178,2184,-1,2185,2173,2186,-1,2186,2173,2172,-1,2186,2172,2181,-1,2181,2172,2180,-1,2181,2180,2182,-1,2187,2185,2188,-1,2188,2185,2186,-1,2188,2186,2189,-1,2189,2186,2181,-1,2189,2181,2190,-1,2190,2181,2183,-1,2190,2183,2184,-1,2171,2191,2192,-1,2168,2192,2167,-1,2167,2192,2191,-1,2167,2191,2166,-1,2166,2191,1842,-1,2166,1842,1835,-1,2171,1846,2191,-1,2191,1846,1844,-1,2191,1844,1842,-1,1850,1848,2187,-1,2187,1848,2171,-1,2187,2171,2185,-1,2185,2171,2192,-1,2185,2192,2173,-1,2173,2192,2168,-1,2173,2168,2169,-1,2193,1854,1852,-1,2184,2178,2190,-1,2190,2178,2194,-1,2190,2194,2189,-1,2189,2194,2195,-1,2189,2195,2188,-1,2188,2195,2193,-1,2188,2193,2187,-1,2187,2193,1852,-1,2187,1852,1850,-1,2174,2176,2178,-1,2178,2176,2196,-1,2178,2196,2194,-1,2194,2196,2197,-1,2194,2197,2195,-1,2195,2197,2198,-1,2195,2198,2193,-1,2193,2198,1856,-1,2193,1856,1854,-1,1857,1856,2199,-1,2199,1856,2198,-1,2199,2198,2200,-1,2200,2198,2197,-1,2200,2197,2201,-1,2201,2197,2196,-1,2201,2196,2202,-1,2202,2196,2176,-1,2202,2176,2203,-1,2203,2176,2175,-1,2204,2205,2206,-1,2203,2204,2207,-1,2203,2207,2202,-1,2202,2207,2208,-1,2202,2208,2201,-1,2201,2208,2209,-1,2201,2209,2200,-1,2200,2209,2210,-1,2200,2210,2199,-1,2199,2210,1859,-1,2199,1859,1857,-1,2204,2206,2207,-1,2207,2206,2211,-1,2207,2211,2208,-1,2208,2211,2212,-1,2208,2212,2209,-1,2209,2212,2213,-1,2209,2213,2210,-1,2210,2213,1861,-1,2210,1861,1859,-1,1868,1861,1881,-1,1881,1861,2213,-1,1904,1946,2213,-1,2213,1946,1910,-1,2213,1910,1881,-1,1904,2213,1905,-1,1905,2213,2212,-1,1905,2212,1992,-1,1992,2212,2211,-1,1992,2211,1993,-1,1993,2211,1994,-1,1994,2211,2206,-1,1994,2206,1995,-1,1995,2206,2205,-1,1995,2205,1996,-1,2214,2215,2002,-1,2205,2216,1996,-1,1996,2216,2217,-1,1935,1889,2218,-1,2218,1889,1888,-1,2218,1888,2217,-1,2217,1888,1997,-1,2217,1997,1996,-1,2002,1958,2214,-1,2214,1958,1886,-1,2214,1886,2219,-1,2219,1886,1885,-1,2219,1885,1965,-1,1965,1883,2219,-1,2219,1883,1882,-1,2219,1882,1948,-1,1948,1975,2219,-1,2219,1975,1974,-1,2219,1974,1951,-1,1919,2218,1921,-1,1921,2218,1922,-1,1919,1917,2218,-1,2218,1917,1936,-1,2218,1936,1935,-1,1951,1950,2219,-1,2219,1950,1912,-1,2219,1912,2218,-1,2218,1912,1914,-1,2218,1914,1922,-1,2220,2221,2219,-1,2219,2221,2214,-1,2222,2223,2224,-1,2225,2226,2227,-1,2228,2229,2230,-1,2228,2230,2227,-1,2227,2230,2231,-1,2227,2231,2225,-1,2227,2222,2228,-1,2228,2222,2224,-1,2228,2224,2229,-1,2229,2224,2232,-1,2229,2232,2233,-1,2233,2232,2234,-1,2233,2234,2235,-1,2235,2234,2236,-1,2235,2236,2237,-1,2237,2236,2238,-1,2239,2240,2241,-1,2241,2240,2242,-1,2243,2237,2239,-1,2239,2237,2238,-1,2239,2238,2240,-1,2244,2245,2246,-1,2244,2247,2245,-1,2245,2247,2248,-1,2245,2248,2249,-1,2248,2250,2249,-1,2249,2250,2251,-1,2249,2251,2252,-1,2253,2254,2255,-1,2255,2254,2252,-1,2255,2252,2256,-1,2256,2252,2251,-1,2257,2258,2259,-1,2259,2258,2260,-1,2259,2260,2261,-1,2262,2263,2264,-1,2258,2265,2260,-1,2260,2265,2266,-1,2260,2266,2264,-1,2264,2266,2267,-1,2264,2267,2262,-1,2262,2268,2263,-1,2263,2268,2269,-1,2263,2269,2246,-1,2246,2269,2270,-1,2246,2270,2244,-1,2271,2272,2242,-1,2242,2272,2273,-1,2242,2273,2241,-1,2241,2273,2274,-1,2241,2274,2275,-1,2275,2276,2241,-1,2241,2276,2277,-1,2241,2277,2239,-1,2239,2277,2278,-1,2239,2278,2243,-1,2243,2279,2237,-1,2237,2279,2280,-1,2237,2280,2235,-1,2235,2280,2281,-1,2235,2281,2233,-1,2281,2282,2233,-1,2233,2282,2283,-1,2233,2283,2229,-1,2229,2283,2284,-1,2229,2284,2230,-1,2254,2271,2252,-1,2252,2271,2242,-1,2252,2242,2249,-1,2249,2242,2240,-1,2249,2240,2245,-1,2245,2240,2238,-1,2245,2238,2246,-1,2246,2238,2236,-1,2246,2236,2263,-1,2263,2236,2234,-1,2263,2234,2264,-1,2264,2234,2232,-1,2264,2232,2260,-1,2260,2232,2224,-1,2260,2224,2261,-1,2261,2224,2223,-1,2253,2285,2254,-1,2254,2285,2286,-1,2254,2286,2271,-1,2271,2286,2272,-1,2272,2286,2287,-1,2272,2287,2273,-1,2273,2287,2274,-1,2274,2287,2288,-1,2274,2288,2275,-1,2289,2290,2291,-1,2291,2290,2292,-1,2291,2292,2293,-1,2293,2292,2294,-1,2293,2294,2295,-1,2295,2294,2296,-1,2290,2288,2292,-1,2292,2288,2287,-1,2292,2287,2294,-1,2294,2287,2286,-1,2294,2286,2296,-1,2296,2286,2285,-1,2295,2297,2298,-1,2295,2298,2293,-1,2293,2298,2299,-1,2293,2299,2291,-1,2291,2299,2300,-1,2291,2300,2289,-1,2301,2302,2303,-1,2302,2304,2305,-1,2304,2306,2307,-1,2304,2307,2305,-1,2305,2307,2308,-1,2305,2308,2309,-1,2308,2310,2309,-1,2309,2310,2311,-1,2309,2311,2312,-1,2312,2311,2313,-1,2312,2313,2314,-1,2314,2313,2315,-1,2315,2316,2314,-1,2314,2316,2300,-1,2314,2300,2299,-1,2302,2305,2303,-1,2303,2305,2309,-1,2303,2309,2317,-1,2317,2309,2312,-1,2317,2312,2318,-1,2318,2312,2314,-1,2318,2314,2319,-1,2319,2314,2299,-1,2319,2299,2298,-1,2301,2303,2320,-1,2320,2303,2317,-1,2320,2317,2321,-1,2321,2317,2318,-1,2321,2318,2322,-1,2322,2318,2319,-1,2322,2319,2323,-1,2323,2319,2298,-1,2323,2298,2297,-1,2301,2324,2325,-1,2301,2325,2302,-1,2302,2325,2326,-1,2302,2326,2304,-1,2327,2306,2328,-1,2328,2306,2304,-1,2328,2304,2329,-1,2329,2304,2326,-1,2325,2324,2330,-1,2329,2326,2331,-1,2332,2333,2334,-1,2327,2328,2335,-1,2335,2328,2336,-1,2335,2336,2337,-1,2337,2336,2338,-1,2337,2338,2339,-1,2339,2338,2340,-1,2339,2340,2341,-1,2341,2340,2342,-1,2341,2342,2343,-1,2343,2342,2344,-1,2343,2344,2345,-1,2345,2344,2346,-1,2345,2346,2347,-1,2347,2346,2348,-1,2347,2348,2349,-1,2349,2348,2350,-1,2349,2350,2351,-1,2351,2350,2352,-1,2351,2352,2353,-1,2353,2352,2354,-1,2353,2354,2355,-1,2355,2354,2334,-1,2355,2334,2356,-1,2356,2334,2333,-1,2357,2358,2359,-1,2359,2358,2332,-1,2332,2334,2359,-1,2359,2334,2354,-1,2359,2354,2360,-1,2360,2354,2352,-1,2360,2352,2361,-1,2361,2352,2350,-1,2361,2350,2362,-1,2362,2350,2348,-1,2362,2348,2363,-1,2363,2348,2346,-1,2363,2346,2364,-1,2364,2346,2344,-1,2364,2344,2365,-1,2365,2344,2342,-1,2365,2342,2366,-1,2366,2342,2340,-1,2366,2340,2367,-1,2367,2340,2338,-1,2367,2338,2368,-1,2368,2338,2336,-1,2368,2336,2331,-1,2331,2336,2328,-1,2331,2328,2329,-1,2326,2325,2331,-1,2331,2325,2330,-1,2331,2330,2368,-1,2368,2330,2369,-1,2368,2369,2367,-1,2367,2369,2370,-1,2367,2370,2366,-1,2366,2370,2371,-1,2366,2371,2365,-1,2365,2371,2372,-1,2365,2372,2364,-1,2364,2372,2373,-1,2364,2373,2363,-1,2363,2373,2374,-1,2363,2374,2362,-1,2362,2374,2375,-1,2362,2375,2361,-1,2361,2375,2376,-1,2361,2376,2360,-1,2360,2376,2377,-1,2360,2377,2359,-1,2359,2377,2378,-1,2359,2378,2357,-1,2357,2378,2379,-1,2327,2335,2337,-1,2353,2327,2351,-1,2351,2327,2349,-1,2380,2306,2356,-1,2356,2306,2327,-1,2356,2327,2355,-1,2355,2327,2353,-1,2337,2339,2327,-1,2327,2339,2341,-1,2327,2341,2343,-1,2343,2345,2327,-1,2327,2345,2347,-1,2327,2347,2349,-1,2381,2300,2382,-1,2382,2300,2316,-1,2382,2316,2383,-1,2383,2316,2315,-1,2383,2315,2384,-1,2384,2315,2313,-1,2384,2313,2385,-1,2385,2313,2311,-1,2385,2311,2386,-1,2386,2311,2310,-1,2386,2310,2387,-1,2387,2310,2308,-1,2387,2308,2388,-1,2388,2308,2307,-1,2388,2307,2380,-1,2380,2307,2306,-1,2381,2389,2300,-1,2300,2389,2289,-1,2390,2288,2391,-1,2391,2288,2290,-1,2391,2290,2389,-1,2389,2290,2289,-1,2275,2288,2390,-1,2284,2278,2277,-1,2390,2226,2275,-1,2275,2226,2225,-1,2275,2225,2231,-1,2283,2282,2281,-1,2231,2230,2275,-1,2275,2230,2284,-1,2275,2284,2276,-1,2276,2284,2277,-1,2281,2280,2283,-1,2283,2280,2279,-1,2283,2279,2284,-1,2284,2279,2243,-1,2284,2243,2278,-1,2257,2259,2392,-1,2392,2259,2393,-1,2259,2261,2393,-1,2393,2261,2223,-1,2393,2223,2394,-1,2226,2390,2227,-1,2227,2390,2394,-1,2227,2394,2222,-1,2222,2394,2223,-1,2395,2248,2247,-1,2247,2244,2395,-1,2395,2244,2270,-1,2395,2270,2220,-1,2220,2270,2269,-1,2220,2269,2268,-1,2268,2262,2220,-1,2220,2262,2267,-1,2220,2267,2266,-1,2256,2251,2395,-1,2395,2251,2250,-1,2395,2250,2248,-1,2392,2396,2257,-1,2257,2396,2221,-1,2257,2221,2258,-1,2258,2221,2220,-1,2258,2220,2265,-1,2265,2220,2266,-1,2397,2285,2398,-1,2398,2285,2253,-1,2398,2253,2395,-1,2395,2253,2255,-1,2395,2255,2256,-1,2221,2396,2214,-1,2214,2396,2215,-1,2399,2400,2401,-1,2401,2400,2402,-1,2401,2403,2399,-1,2399,2403,2404,-1,2215,2396,2405,-1,2405,2396,2406,-1,2405,2406,2407,-1,2407,2406,2408,-1,2408,2406,2404,-1,2408,2404,2403,-1,2203,2409,2204,-1,2204,2409,2410,-1,2204,2410,2205,-1,2205,2410,2216,-1,2403,2012,2408,-1,2408,2012,2011,-1,2408,2011,2411,-1,2411,2011,2405,-1,2405,2011,2002,-1,2405,2002,2215,-1,2175,1821,2203,-1,2203,1821,1820,-1,2203,1820,2409,-1,2402,2017,2401,-1,2401,2017,2012,-1,2401,2012,2403,-1,2170,2412,2179,-1,2179,2412,2413,-1,2179,2413,2180,-1,2180,2413,2182,-1,2182,2413,2414,-1,2182,2414,2183,-1,2183,2414,2184,-1,2184,2414,2415,-1,2184,2415,2177,-1,2177,2415,2174,-1,2174,2415,1821,-1,2174,1821,2175,-1,2038,2037,2416,-1,2416,2037,2417,-1,2037,2039,2417,-1,2417,2039,2019,-1,2417,2019,2418,-1,2019,2018,2418,-1,2418,2018,2040,-1,2418,2040,2419,-1,2017,2402,2042,-1,2042,2402,2419,-1,2042,2419,2043,-1,2043,2419,2040,-1,2055,2038,2416,-1,2055,2416,2165,-1,2165,2416,2420,-1,2165,2420,2065,-1,2062,2421,2063,-1,2063,2421,2412,-1,2063,2412,2131,-1,2131,2412,2170,-1,2091,2110,2422,-1,2422,2110,2423,-1,2423,2110,2109,-1,2423,2109,2420,-1,2420,2109,2066,-1,2420,2066,2065,-1,2062,2138,2421,-1,2421,2138,2060,-1,2421,2060,2424,-1,2424,2060,2059,-1,2424,2059,2425,-1,2425,2059,2121,-1,2121,2148,2425,-1,2425,2148,2147,-1,2425,2147,2124,-1,2096,2095,2422,-1,2422,2095,2093,-1,2422,2093,2091,-1,2124,2123,2425,-1,2425,2123,2086,-1,2425,2086,2422,-1,2422,2086,2088,-1,2422,2088,2096,-1,2426,2427,2422,-1,2428,2429,2430,-1,2431,2432,2433,-1,2426,2422,2430,-1,2430,2422,2434,-1,2430,2434,2428,-1,2433,2435,2436,-1,2429,2437,2430,-1,2430,2437,2433,-1,2430,2433,2438,-1,2438,2433,2432,-1,2439,2440,2422,-1,2422,2440,2441,-1,2422,2441,2425,-1,2442,2443,2436,-1,2436,2443,2444,-1,2436,2444,2433,-1,2433,2444,2445,-1,2433,2445,2431,-1,2427,2446,2422,-1,2422,2446,2447,-1,2422,2447,2439,-1,2431,2445,2448,-1,2448,2445,2449,-1,2431,2448,2432,-1,2432,2448,2450,-1,2432,2450,2438,-1,2438,2450,2451,-1,2446,2427,2452,-1,2452,2427,2426,-1,2452,2426,2451,-1,2451,2426,2430,-1,2451,2430,2438,-1,2446,2452,2447,-1,2447,2452,2453,-1,2447,2453,2439,-1,2439,2453,2440,-1,2440,2453,2454,-1,2440,2454,2441,-1,2441,2454,2425,-1,2425,2454,2455,-1,2425,2455,2424,-1,2424,2455,2456,-1,2424,2456,2421,-1,2412,2421,2457,-1,2457,2421,2456,-1,2413,2412,2457,-1,1823,1821,2458,-1,2458,1821,2415,-1,2458,2415,2459,-1,2459,2415,2414,-1,2459,2414,2460,-1,2460,2414,2413,-1,2460,2413,2461,-1,2461,2413,2457,-1,2297,1823,2458,-1,2297,2458,2323,-1,2323,2458,2459,-1,2323,2459,2322,-1,2322,2459,2460,-1,2322,2460,2321,-1,2321,2460,2461,-1,2321,2461,2320,-1,2320,2461,2457,-1,2320,2457,2301,-1,2400,2462,2463,-1,2400,2463,2464,-1,2464,2463,2465,-1,2464,2465,2466,-1,2466,2465,2467,-1,2466,2467,2468,-1,2468,2467,2469,-1,2468,2469,2470,-1,2470,2469,2471,-1,2470,2471,2472,-1,2402,2400,2419,-1,2419,2400,2464,-1,2419,2464,2418,-1,2472,2416,2470,-1,2470,2416,2417,-1,2470,2417,2468,-1,2468,2417,2418,-1,2468,2418,2466,-1,2466,2418,2464,-1,2472,2473,2416,-1,2416,2473,2420,-1,2442,2436,2474,-1,2473,2475,2420,-1,2420,2475,2423,-1,2423,2475,2422,-1,2422,2475,2476,-1,2422,2476,2434,-1,2477,2429,2476,-1,2476,2429,2428,-1,2476,2428,2434,-1,2474,2436,2478,-1,2436,2435,2478,-1,2478,2435,2433,-1,2478,2433,2477,-1,2477,2433,2437,-1,2477,2437,2429,-1,2442,2474,2443,-1,2443,2474,2479,-1,2443,2479,2444,-1,2444,2479,2449,-1,2444,2449,2445,-1,2324,2301,2457,-1,2472,2471,2379,-1,2472,2379,2473,-1,2449,2374,2373,-1,2324,2457,2330,-1,2330,2457,2456,-1,2330,2456,2369,-1,2369,2456,2455,-1,2369,2455,2370,-1,2379,2378,2473,-1,2473,2378,2377,-1,2473,2377,2475,-1,2475,2377,2376,-1,2371,2451,2372,-1,2372,2451,2450,-1,2372,2450,2373,-1,2373,2450,2448,-1,2373,2448,2449,-1,2455,2454,2370,-1,2370,2454,2453,-1,2370,2453,2371,-1,2371,2453,2452,-1,2371,2452,2451,-1,2375,2477,2376,-1,2376,2477,2476,-1,2376,2476,2475,-1,2449,2479,2374,-1,2374,2479,2474,-1,2374,2474,2375,-1,2375,2474,2478,-1,2375,2478,2477,-1,2471,2480,2379,-1,2379,2480,2357,-1,2357,2480,2358,-1,2358,2480,2481,-1,2358,2481,2332,-1,2332,2481,2333,-1,2333,2481,2380,-1,2333,2380,2356,-1,2385,2386,2482,-1,2387,2388,2483,-1,2484,2465,2463,-1,2485,2467,2465,-1,2469,2467,2486,-1,2486,2467,2485,-1,2486,2485,2483,-1,2484,2463,2487,-1,2487,2463,2462,-1,2487,2462,2488,-1,2482,2484,2489,-1,2489,2484,2487,-1,2489,2487,2490,-1,2490,2487,2488,-1,2490,2488,2491,-1,2471,2469,2480,-1,2480,2469,2486,-1,2480,2486,2481,-1,2481,2486,2483,-1,2481,2483,2380,-1,2380,2483,2388,-1,2465,2484,2485,-1,2485,2484,2482,-1,2485,2482,2483,-1,2483,2482,2386,-1,2483,2386,2387,-1,2385,2482,2384,-1,2384,2482,2489,-1,2384,2489,2383,-1,2383,2489,2490,-1,2383,2490,2382,-1,2382,2490,2491,-1,2382,2491,2381,-1,2462,2492,2493,-1,2462,2493,2488,-1,2488,2493,2494,-1,2488,2494,2491,-1,2491,2494,2389,-1,2491,2389,2381,-1,2492,2495,2493,-1,2493,2495,2496,-1,2493,2496,2494,-1,2494,2496,2497,-1,2494,2497,2389,-1,2389,2497,2391,-1,2495,2392,2496,-1,2496,2392,2393,-1,2496,2393,2497,-1,2497,2393,2394,-1,2497,2394,2391,-1,2391,2394,2390,-1,2498,2295,2499,-1,2499,2295,2296,-1,2499,2296,2500,-1,2500,2296,2285,-1,2500,2285,2397,-1,2492,2404,2495,-1,2495,2404,2406,-1,2495,2406,2392,-1,2392,2406,2396,-1,1823,2297,1822,-1,1822,2297,2295,-1,1822,2295,2498,-1,2462,2400,2492,-1,2492,2400,2399,-1,2492,2399,2404,-1,1822,2498,1820,-1,1820,2498,2409,-1,2410,2409,2498,-1,2397,2216,2501,-1,2501,2216,2410,-1,2501,2410,2499,-1,2499,2410,2498,-1,2217,2216,2398,-1,2398,2216,2397,-1,2218,2217,2395,-1,2395,2217,2398,-1,2218,2395,2502,-1,2502,2395,2503,-1,2502,2503,1819,-1,1819,2503,1818,-1,1819,2504,2502,-1,2502,2504,2505,-1,2218,2502,2219,-1,2219,2502,2505,-1,2505,2506,2219,-1,2219,2506,2220,-1,2506,2503,2220,-1,2220,2503,2395,-1,2503,2506,1818,-1,1818,2506,2507,-1,2504,2507,2505,-1,2505,2507,2506,-1,2504,2508,2507,-1,2507,2508,2509,-1,2509,2508,2510,-1,2510,2508,2511,-1,2510,2511,2512,-1,2512,2511,2513,-1,2512,2513,2514,-1,2514,2513,2515,-1,2514,2515,2516,-1,2516,2515,2517,-1,2516,2517,2518,-1,2518,2517,2519,-1,2518,2519,2520,-1,2520,2519,2521,-1,2520,1647,2518,-1,2518,1647,1658,-1,2518,1658,2516,-1,1682,1684,1668,-1,1668,1684,1686,-1,2510,1805,1806,-1,1806,1808,2510,-1,2510,1808,1810,-1,2510,1810,1812,-1,1782,1784,1707,-1,1702,1700,1796,-1,1816,1818,2507,-1,1800,1802,1662,-1,1662,1802,1805,-1,2522,1643,2523,-1,2523,1643,2520,-1,2520,1643,1647,-1,1647,1643,1642,-1,1647,1642,1648,-1,1654,1652,1650,-1,1718,1720,1771,-1,1700,1698,1796,-1,1796,1698,1696,-1,1796,1696,1794,-1,1794,1696,1695,-1,1794,1695,1792,-1,1670,1672,1675,-1,1812,1814,2510,-1,2510,1814,1816,-1,2510,1816,2509,-1,2509,1816,2507,-1,1658,1660,2516,-1,2516,1660,1662,-1,2516,1662,2514,-1,2514,1662,1805,-1,2514,1805,2512,-1,2512,1805,2510,-1,2522,2524,1643,-1,1643,2524,2525,-1,1643,2525,2526,-1,1762,1764,1726,-1,1675,1677,1670,-1,1670,1677,1678,-1,1670,1678,1668,-1,1668,1678,1680,-1,1668,1680,1682,-1,1648,1642,1650,-1,1650,1642,1656,-1,1650,1656,1654,-1,1688,1690,1798,-1,1798,1690,1692,-1,1798,1692,1796,-1,1796,1692,1704,-1,1796,1704,1702,-1,1686,1688,1668,-1,1668,1688,1798,-1,1668,1798,1666,-1,1666,1798,1800,-1,1666,1800,1664,-1,1664,1800,1662,-1,1784,1786,1707,-1,1707,1786,1788,-1,1707,1788,1695,-1,1695,1788,1791,-1,1695,1791,1792,-1,1762,1726,1760,-1,1738,1740,1751,-1,1751,1740,1742,-1,1751,1742,1750,-1,1750,1742,1744,-1,1750,1744,1746,-1,1776,1774,1716,-1,1716,1774,1773,-1,1716,1773,1709,-1,1709,1773,1780,-1,1709,1780,1710,-1,1710,1780,1712,-1,1754,1753,1736,-1,1718,1771,1716,-1,1716,1771,1778,-1,1716,1778,1776,-1,1720,1722,1771,-1,1771,1722,1724,-1,1771,1724,1768,-1,1768,1724,1726,-1,1768,1726,1766,-1,1766,1726,1764,-1,1754,1736,1756,-1,1782,1707,1780,-1,1780,1707,1714,-1,1780,1714,1712,-1,1732,1730,1753,-1,1753,1730,1729,-1,1753,1729,1736,-1,1738,1751,1736,-1,1736,1751,1758,-1,1736,1758,1756,-1,1760,1726,1753,-1,1753,1726,1734,-1,1753,1734,1732,-1,1645,1643,2526,-1,1645,2526,2527,-1,2527,2526,2525,-1,2527,2525,2528,-1,2528,2525,2524,-1,2528,2524,2529,-1,2529,2524,2522,-1,2529,2522,2530,-1,2530,2522,2523,-1,2530,2523,2531,-1,2531,2523,2520,-1,2531,2520,2521,-1,1813,1811,2511,-1,2515,1669,2517,-1,2517,1669,1667,-1,2517,1667,1665,-1,1674,1673,1671,-1,1665,1663,2517,-1,2517,1663,1661,-1,2517,1661,2519,-1,2519,1661,1659,-1,2519,1659,2521,-1,2521,1659,1646,-1,1703,1705,2511,-1,2511,1705,1693,-1,2511,1693,2513,-1,2513,1693,1691,-1,2513,1691,1689,-1,2504,1819,2508,-1,2508,1819,1817,-1,2508,1817,2511,-1,2511,1817,1815,-1,2511,1815,1813,-1,1651,1653,1655,-1,1646,1644,2521,-1,2521,1644,1645,-1,2521,1645,2531,-1,2528,2529,2530,-1,1689,1687,2513,-1,2513,1687,1685,-1,2513,1685,2515,-1,1685,1683,2515,-1,2515,1683,1681,-1,2515,1681,1679,-1,1811,1809,2511,-1,2511,1809,1807,-1,2511,1807,1703,-1,1703,1807,1804,-1,1703,1804,1803,-1,1646,1649,1644,-1,1644,1649,1651,-1,1644,1651,1657,-1,1657,1651,1655,-1,1671,1669,1674,-1,1674,1669,2515,-1,1674,2515,1676,-1,1676,2515,1679,-1,1795,1694,1797,-1,1797,1694,1697,-1,1803,1801,1703,-1,1703,1801,1799,-1,1703,1799,1701,-1,1701,1799,1797,-1,1701,1797,1699,-1,1699,1797,1697,-1,1767,1765,1727,-1,2531,1645,2530,-1,2530,1645,2527,-1,2530,2527,2528,-1,1725,1723,1770,-1,1743,1749,1745,-1,1745,1749,1748,-1,1745,1748,1747,-1,1795,1793,1694,-1,1694,1793,1790,-1,1694,1790,1706,-1,1706,1790,1789,-1,1706,1789,1787,-1,1717,1772,1775,-1,1725,1770,1727,-1,1727,1770,1769,-1,1727,1769,1767,-1,1772,1717,1781,-1,1781,1717,1708,-1,1781,1708,1711,-1,1723,1721,1770,-1,1770,1721,1719,-1,1770,1719,1779,-1,1779,1719,1717,-1,1779,1717,1777,-1,1777,1717,1775,-1,1787,1785,1706,-1,1706,1785,1783,-1,1706,1783,1715,-1,1715,1783,1781,-1,1715,1781,1713,-1,1713,1781,1711,-1,1755,1737,1752,-1,1752,1737,1728,-1,1752,1728,1731,-1,1743,1741,1749,-1,1749,1741,1739,-1,1749,1739,1759,-1,1759,1739,1737,-1,1759,1737,1757,-1,1757,1737,1755,-1,1765,1763,1727,-1,1727,1763,1761,-1,1727,1761,1735,-1,1735,1761,1752,-1,1735,1752,1733,-1,1733,1752,1731,-1,1747,1748,1641,-1,1641,1748,1640,-1,1641,2532,1747,-1,1747,2532,1746,-1,2532,2533,1746,-1,1746,2533,1750,-1,1748,1750,1640,-1,1640,1750,2533,-1,1640,2533,1638,-1,1638,2533,2534,-1,1638,2534,1636,-1,1636,2534,2535,-1,1636,2535,1634,-1,1634,2535,2536,-1,1634,2536,1632,-1,1632,2536,2537,-1,2533,2532,2538,-1,2533,2538,2534,-1,2534,2538,2539,-1,2534,2539,2535,-1,2535,2539,2540,-1,2535,2540,2536,-1,2536,2540,2541,-1,2536,2541,2537,-1,1633,2541,1635,-1,1635,2541,2540,-1,1635,2540,1637,-1,1637,2540,2539,-1,1637,2539,1639,-1,1639,2539,2538,-1,1639,2538,1641,-1,1641,2538,2532,-1,2542,2543,1633,-1,1633,2543,2541,-1,2543,2544,2541,-1,2541,2544,2537,-1,1632,2537,2545,-1,2545,2537,2544,-1,1633,1632,2542,-1,2542,1632,2545,-1,2546,2547,2548,-1,2546,2548,2549,-1,2549,2548,2550,-1,2549,2550,2551,-1,2551,2550,2552,-1,2551,2552,2553,-1,2553,2552,2542,-1,2553,2542,2545,-1,2547,2546,2554,-1,2554,2546,2555,-1,2555,2556,2554,-1,2554,2556,2557,-1,2554,2557,2547,-1,2547,2557,2558,-1,2543,2542,2559,-1,2559,2542,2552,-1,2559,2552,2560,-1,2560,2552,2550,-1,2560,2550,2561,-1,2561,2550,2548,-1,2561,2548,2558,-1,2558,2548,2547,-1,2544,2543,2562,-1,2562,2543,2559,-1,2562,2559,2563,-1,2563,2559,2560,-1,2563,2560,2564,-1,2564,2560,2561,-1,2564,2561,2565,-1,2565,2561,2558,-1,2565,2546,2564,-1,2564,2546,2549,-1,2564,2549,2563,-1,2563,2549,2551,-1,2563,2551,2562,-1,2562,2551,2553,-1,2562,2553,2544,-1,2544,2553,2545,-1,2546,2565,2555,-1,2555,2565,2556,-1,2557,2556,2558,-1,2558,2556,2565,-1,2566,2567,2568,-1,2568,2567,2569,-1,2568,2569,2570,-1,2570,2569,2571,-1,2570,2571,2572,-1,2572,2571,2573,-1,2572,2573,2574,-1,2574,2573,2575,-1,2576,2577,2578,-1,2578,2577,2579,-1,2576,2578,2580,-1,2576,2580,2581,-1,2581,2580,2582,-1,2581,2582,2583,-1,2583,2582,2584,-1,2583,2584,2585,-1,2585,2584,2586,-1,2585,2586,2587,-1,2587,2586,2588,-1,2587,2588,2589,-1,2589,2588,2590,-1,2589,2590,2591,-1,2592,2591,2593,-1,2593,2591,2590,-1,2592,2593,2594,-1,2592,2594,2595,-1,2595,2594,2596,-1,2595,2596,2597,-1,2597,2596,2598,-1,2597,2598,2599,-1,2599,2598,2600,-1,2599,2600,2601,-1,2601,2600,2602,-1,2601,2602,2603,-1,2603,2602,2604,-1,2603,2604,2605,-1,2606,2605,2607,-1,2607,2605,2604,-1,2608,2609,2610,-1,2609,2608,2611,-1,2612,2613,2614,-1,2615,2616,2617,-1,2618,2619,2620,-1,2621,2622,2623,-1,2623,2622,2624,-1,2625,2626,2627,-1,2628,2629,2630,-1,2631,2632,2633,-1,2634,2635,2636,-1,2637,2638,2636,-1,2639,2640,2641,-1,2642,2643,2644,-1,2644,2643,2640,-1,2640,2643,2641,-1,2641,2643,2645,-1,2641,2645,2646,-1,2647,2648,2649,-1,2649,2648,2646,-1,2649,2646,2650,-1,2650,2646,2645,-1,2647,2651,2648,-1,2648,2651,2652,-1,2648,2652,2653,-1,2638,2637,2654,-1,2654,2637,2655,-1,2654,2655,2656,-1,2634,2636,2657,-1,2653,2657,2648,-1,2648,2657,2636,-1,2648,2636,2646,-1,2646,2636,2638,-1,2646,2638,2641,-1,2641,2638,2654,-1,2641,2654,2639,-1,2639,2654,2656,-1,2658,2659,2660,-1,2660,2659,2661,-1,2660,2661,2662,-1,2663,2662,2664,-1,2664,2662,2661,-1,2664,2661,2665,-1,2665,2661,2632,-1,2631,2633,2666,-1,2632,2661,2633,-1,2633,2661,2659,-1,2633,2659,2667,-1,2667,2659,2658,-1,2667,2658,2630,-1,2630,2658,2668,-1,2630,2668,2628,-1,2669,2670,2671,-1,2671,2670,2666,-1,2671,2666,2627,-1,2627,2666,2672,-1,2627,2672,2625,-1,2673,2674,2675,-1,2675,2674,2676,-1,2675,2676,2677,-1,2677,2676,2678,-1,2679,2680,2681,-1,2681,2680,2682,-1,2681,2682,2683,-1,2683,2682,2684,-1,2683,2684,2678,-1,2678,2684,2685,-1,2678,2685,2677,-1,2686,2687,2679,-1,2679,2687,2688,-1,2679,2688,2680,-1,2624,2689,2623,-1,2623,2689,2690,-1,2623,2690,2686,-1,2686,2690,2691,-1,2686,2691,2687,-1,2692,2621,2693,-1,2693,2621,2623,-1,2693,2623,2694,-1,2694,2623,2686,-1,2694,2686,2695,-1,2695,2686,2679,-1,2695,2679,2696,-1,2696,2679,2681,-1,2696,2681,2697,-1,2697,2681,2683,-1,2697,2683,2698,-1,2698,2683,2678,-1,2698,2678,2699,-1,2699,2678,2676,-1,2699,2676,2700,-1,2700,2676,2674,-1,2701,2702,2703,-1,2703,2702,2704,-1,2703,2704,2705,-1,2705,2704,2706,-1,2705,2706,2707,-1,2708,2709,2710,-1,2710,2709,2711,-1,2710,2711,2706,-1,2706,2711,2712,-1,2706,2712,2707,-1,2617,2616,2713,-1,2713,2616,2714,-1,2713,2714,2708,-1,2708,2714,2715,-1,2708,2715,2709,-1,2613,2617,2614,-1,2614,2617,2713,-1,2614,2713,2716,-1,2716,2713,2708,-1,2716,2708,2717,-1,2717,2708,2710,-1,2717,2710,2718,-1,2718,2710,2706,-1,2718,2706,2620,-1,2620,2706,2704,-1,2620,2704,2618,-1,2618,2704,2702,-1,2719,2611,2720,-1,2720,2611,2608,-1,2720,2608,2721,-1,2655,2721,2656,-1,2656,2721,2608,-1,2656,2608,2639,-1,2639,2608,2610,-1,2639,2610,2640,-1,2640,2610,2722,-1,2640,2722,2644,-1,2644,2722,2723,-1,2644,2723,2642,-1,2642,2723,2724,-1,2725,2692,2726,-1,2726,2692,2693,-1,2726,2693,2727,-1,2727,2693,2694,-1,2727,2694,2728,-1,2728,2694,2695,-1,2728,2695,2729,-1,2729,2695,2696,-1,2729,2696,2730,-1,2730,2696,2697,-1,2730,2697,2731,-1,2731,2697,2698,-1,2731,2698,2732,-1,2732,2698,2699,-1,2732,2699,2733,-1,2733,2699,2700,-1,2733,2700,2734,-1,2734,2700,2674,-1,2734,2674,2735,-1,2735,2674,2673,-1,2735,2673,2736,-1,2737,2738,2739,-1,2666,2633,2672,-1,2672,2633,2667,-1,2672,2667,2625,-1,2625,2667,2630,-1,2625,2630,2739,-1,2739,2630,2629,-1,2739,2629,2737,-1,2626,2625,2740,-1,2740,2625,2739,-1,2740,2739,2741,-1,2741,2739,2738,-1,2741,2738,2742,-1,2743,2744,2658,-1,2658,2744,2745,-1,2658,2745,2668,-1,2669,2725,2670,-1,2670,2725,2726,-1,2670,2726,2666,-1,2666,2726,2727,-1,2666,2727,2631,-1,2631,2727,2728,-1,2631,2728,2632,-1,2632,2728,2729,-1,2632,2729,2665,-1,2665,2729,2730,-1,2665,2730,2664,-1,2664,2730,2731,-1,2664,2731,2663,-1,2663,2731,2732,-1,2663,2732,2746,-1,2746,2732,2733,-1,2746,2733,2612,-1,2612,2733,2734,-1,2612,2734,2613,-1,2613,2734,2735,-1,2613,2735,2617,-1,2617,2735,2736,-1,2617,2736,2615,-1,2635,2743,2636,-1,2636,2743,2658,-1,2636,2658,2637,-1,2637,2658,2660,-1,2637,2660,2655,-1,2655,2660,2662,-1,2655,2662,2721,-1,2721,2662,2663,-1,2721,2663,2720,-1,2720,2663,2746,-1,2720,2746,2719,-1,2719,2746,2612,-1,2719,2612,2611,-1,2611,2612,2614,-1,2611,2614,2609,-1,2609,2614,2716,-1,2609,2716,2610,-1,2610,2716,2717,-1,2610,2717,2722,-1,2722,2717,2718,-1,2722,2718,2723,-1,2723,2718,2620,-1,2723,2620,2724,-1,2724,2620,2619,-1,2747,2748,2749,-1,2747,2749,2750,-1,2750,2749,2751,-1,2750,2751,2752,-1,2752,2751,2753,-1,2752,2753,2754,-1,2755,2756,2757,-1,2758,2759,2760,-1,2761,2762,2763,-1,2764,2765,2766,-1,2766,2765,2767,-1,2766,2767,2768,-1,2769,2770,2771,-1,2769,2771,2772,-1,2772,2771,2773,-1,2772,2773,2767,-1,2767,2773,2774,-1,2767,2774,2768,-1,2775,2776,2777,-1,2777,2776,2778,-1,2777,2778,2779,-1,2779,2778,2760,-1,2779,2760,2780,-1,2756,2758,2757,-1,2757,2758,2760,-1,2757,2760,2781,-1,2781,2760,2778,-1,2781,2778,2782,-1,2782,2778,2776,-1,2782,2776,2783,-1,2783,2776,2784,-1,2783,2784,2785,-1,2785,2784,2769,-1,2785,2769,2786,-1,2786,2769,2772,-1,2786,2772,2763,-1,2763,2772,2767,-1,2763,2767,2761,-1,2761,2767,2765,-1,2787,2788,2789,-1,2787,2790,2788,-1,2788,2790,2791,-1,2788,2791,2792,-1,2792,2791,2793,-1,2792,2793,2794,-1,2795,2796,2797,-1,2797,2796,2798,-1,2794,2799,2800,-1,2800,2799,2801,-1,2800,2801,2798,-1,2798,2801,2802,-1,2798,2802,2797,-1,2803,2804,2805,-1,2805,2804,2806,-1,2805,2806,2807,-1,2808,2809,2810,-1,2810,2809,2811,-1,2810,2811,2803,-1,2812,2813,2814,-1,2806,2815,2807,-1,2807,2815,2816,-1,2807,2816,2814,-1,2814,2816,2817,-1,2814,2817,2812,-1,2803,2805,2810,-1,2810,2805,2818,-1,2810,2818,2808,-1,2812,2819,2813,-1,2813,2819,2820,-1,2813,2820,2789,-1,2789,2820,2821,-1,2789,2821,2787,-1,2759,2822,2760,-1,2760,2822,2823,-1,2760,2823,2780,-1,2775,2824,2776,-1,2776,2824,2825,-1,2776,2825,2784,-1,2784,2825,2826,-1,2784,2826,2769,-1,2769,2826,2827,-1,2769,2827,2770,-1,2781,2800,2757,-1,2757,2800,2798,-1,2757,2798,2755,-1,2755,2798,2796,-1,2755,2796,2828,-1,2828,2796,2795,-1,2828,2795,2829,-1,2794,2800,2792,-1,2792,2800,2781,-1,2792,2781,2788,-1,2788,2781,2782,-1,2788,2782,2789,-1,2789,2782,2783,-1,2789,2783,2813,-1,2813,2783,2785,-1,2813,2785,2814,-1,2814,2785,2786,-1,2814,2786,2807,-1,2807,2786,2763,-1,2807,2763,2805,-1,2805,2763,2762,-1,2805,2762,2818,-1,2829,2830,2828,-1,2828,2830,2831,-1,2828,2831,2755,-1,2755,2831,2756,-1,2756,2831,2832,-1,2756,2832,2758,-1,2758,2832,2759,-1,2759,2832,2833,-1,2759,2833,2822,-1,2833,2834,2822,-1,2822,2834,2764,-1,2822,2764,2823,-1,2823,2764,2780,-1,2764,2766,2780,-1,2780,2766,2768,-1,2780,2768,2774,-1,2770,2824,2775,-1,2774,2773,2780,-1,2780,2773,2771,-1,2780,2771,2770,-1,2824,2770,2825,-1,2825,2770,2827,-1,2825,2827,2826,-1,2775,2777,2770,-1,2770,2777,2779,-1,2770,2779,2780,-1,2809,2808,2835,-1,2835,2808,2836,-1,2808,2818,2836,-1,2836,2818,2762,-1,2836,2762,2837,-1,2764,2834,2765,-1,2765,2834,2837,-1,2765,2837,2761,-1,2761,2837,2762,-1,2835,2836,2838,-1,2836,2837,2839,-1,2837,2834,2840,-1,2841,2842,2843,-1,2843,2842,2844,-1,2843,2844,2838,-1,2838,2844,2845,-1,2838,2845,2835,-1,2846,2847,2841,-1,2841,2847,2848,-1,2841,2848,2842,-1,2849,2850,2851,-1,2851,2850,2852,-1,2851,2852,2846,-1,2846,2852,2853,-1,2846,2853,2847,-1,2837,2840,2839,-1,2839,2840,2854,-1,2839,2854,2855,-1,2855,2854,2856,-1,2855,2856,2857,-1,2857,2856,2858,-1,2857,2858,2859,-1,2859,2858,2860,-1,2859,2860,2861,-1,2861,2860,2862,-1,2861,2862,2863,-1,2836,2839,2838,-1,2838,2839,2855,-1,2838,2855,2843,-1,2843,2855,2857,-1,2843,2857,2841,-1,2841,2857,2859,-1,2841,2859,2846,-1,2846,2859,2861,-1,2846,2861,2851,-1,2851,2861,2863,-1,2851,2863,2849,-1,2864,2865,2849,-1,2849,2865,2866,-1,2849,2866,2850,-1,2867,2753,2868,-1,2868,2753,2751,-1,2868,2751,2869,-1,2869,2751,2749,-1,2862,2867,2863,-1,2863,2867,2868,-1,2863,2868,2849,-1,2849,2868,2869,-1,2849,2869,2864,-1,2864,2869,2749,-1,2864,2749,2748,-1,2870,2871,2872,-1,2873,2874,2875,-1,2875,2874,2876,-1,2873,2875,2877,-1,2877,2875,2878,-1,2877,2878,2879,-1,2872,2871,2878,-1,2878,2871,2880,-1,2878,2880,2879,-1,2881,2882,2883,-1,2883,2884,2881,-1,2881,2884,2885,-1,2881,2885,2872,-1,2872,2885,2886,-1,2872,2886,2870,-1,2887,2888,2889,-1,2889,2890,2887,-1,2887,2890,2891,-1,2887,2891,2882,-1,2882,2891,2892,-1,2882,2892,2883,-1,2893,2876,2894,-1,2894,2876,2874,-1,2895,2896,2897,-1,2897,2896,2898,-1,2897,2898,2899,-1,2899,2898,2900,-1,2900,2898,2901,-1,2900,2901,2902,-1,2902,2901,2903,-1,2903,2901,2904,-1,2903,2904,2905,-1,2905,2904,2906,-1,2906,2904,2907,-1,2906,2907,2908,-1,2909,2910,2894,-1,2894,2910,2911,-1,2910,2912,2911,-1,2911,2912,2913,-1,2911,2913,2914,-1,2913,2915,2914,-1,2914,2915,2916,-1,2914,2916,2917,-1,2918,2919,2920,-1,2920,2919,2917,-1,2920,2917,2921,-1,2921,2917,2916,-1,2922,2923,2924,-1,2924,2923,2919,-1,2919,2923,2917,-1,2917,2923,2925,-1,2917,2925,2914,-1,2893,2894,2926,-1,2926,2894,2911,-1,2926,2911,2927,-1,2927,2911,2914,-1,2927,2914,2928,-1,2928,2914,2925,-1,2748,2929,2864,-1,2864,2929,2930,-1,2864,2930,2865,-1,2865,2930,2866,-1,2866,2930,2931,-1,2866,2931,2850,-1,2932,2853,2931,-1,2931,2853,2852,-1,2931,2852,2850,-1,2844,2842,2933,-1,2933,2842,2848,-1,2933,2848,2932,-1,2932,2848,2847,-1,2932,2847,2853,-1,2844,2933,2845,-1,2845,2933,2934,-1,2845,2934,2835,-1,2935,2925,2936,-1,2936,2925,2923,-1,2936,2923,2937,-1,2935,2938,2925,-1,2925,2938,2939,-1,2925,2939,2928,-1,2940,2927,2941,-1,2941,2927,2928,-1,2941,2928,2942,-1,2942,2928,2939,-1,2940,2943,2927,-1,2927,2943,2944,-1,2927,2944,2926,-1,2830,2893,2945,-1,2945,2893,2926,-1,2945,2926,2946,-1,2946,2926,2944,-1,2947,2948,2929,-1,2929,2948,2907,-1,2898,2896,2934,-1,2929,2907,2930,-1,2930,2907,2904,-1,2930,2904,2931,-1,2931,2904,2901,-1,2931,2901,2932,-1,2932,2901,2898,-1,2932,2898,2933,-1,2933,2898,2934,-1,2896,2949,2934,-1,2934,2949,2950,-1,2809,2835,2934,-1,2806,2804,2950,-1,2950,2804,2803,-1,2950,2803,2934,-1,2934,2803,2811,-1,2934,2811,2809,-1,2806,2950,2815,-1,2815,2950,2951,-1,2815,2951,2816,-1,2816,2951,2952,-1,2816,2952,2817,-1,2817,2952,2953,-1,2817,2953,2812,-1,2812,2953,2954,-1,2812,2954,2819,-1,2819,2954,2955,-1,2819,2955,2820,-1,2797,2876,2795,-1,2795,2876,2893,-1,2795,2893,2829,-1,2829,2893,2830,-1,2955,2956,2820,-1,2820,2956,2957,-1,2820,2957,2821,-1,2821,2957,2888,-1,2821,2888,2787,-1,2787,2888,2887,-1,2787,2887,2790,-1,2790,2887,2882,-1,2790,2882,2791,-1,2791,2882,2881,-1,2791,2881,2793,-1,2793,2881,2872,-1,2793,2872,2794,-1,2794,2872,2878,-1,2794,2878,2799,-1,2799,2878,2875,-1,2799,2875,2801,-1,2801,2875,2876,-1,2801,2876,2802,-1,2802,2876,2797,-1,2888,2957,2889,-1,2889,2957,2958,-1,2885,2884,2959,-1,2959,2884,2883,-1,2959,2883,2892,-1,2960,2961,2962,-1,2962,2961,2963,-1,2962,2963,2964,-1,2892,2891,2959,-1,2959,2891,2890,-1,2959,2890,2889,-1,2964,2965,2962,-1,2962,2965,2959,-1,2962,2959,2958,-1,2958,2959,2889,-1,2966,2962,2967,-1,2967,2962,2968,-1,2966,2969,2962,-1,2962,2969,2970,-1,2962,2970,2960,-1,2877,2879,2959,-1,2959,2879,2880,-1,2959,2880,2871,-1,2871,2870,2959,-1,2959,2870,2886,-1,2959,2886,2885,-1,2968,2962,2956,-1,2956,2962,2958,-1,2956,2958,2957,-1,2968,2956,2967,-1,2967,2956,2955,-1,2967,2955,2966,-1,2966,2955,2969,-1,2969,2955,2954,-1,2969,2954,2970,-1,2970,2954,2960,-1,2960,2954,2953,-1,2960,2953,2961,-1,2961,2953,2963,-1,2963,2953,2952,-1,2963,2952,2964,-1,2964,2952,2965,-1,2965,2952,2951,-1,2965,2951,2959,-1,2959,2951,2971,-1,2971,2951,2950,-1,2971,2950,2949,-1,2624,2909,2894,-1,2687,2691,2874,-1,2874,2691,2690,-1,2874,2690,2894,-1,2894,2690,2689,-1,2894,2689,2624,-1,2705,2949,2703,-1,2703,2949,2896,-1,2703,2896,2701,-1,2701,2896,2895,-1,2687,2874,2688,-1,2688,2874,2873,-1,2688,2873,2680,-1,2680,2873,2877,-1,2680,2877,2682,-1,2705,2707,2949,-1,2949,2707,2712,-1,2949,2712,2971,-1,2971,2712,2711,-1,2971,2711,2959,-1,2959,2711,2709,-1,2959,2709,2715,-1,2715,2714,2959,-1,2959,2714,2616,-1,2959,2616,2615,-1,2677,2685,2877,-1,2877,2685,2684,-1,2877,2684,2682,-1,2615,2736,2959,-1,2959,2736,2673,-1,2959,2673,2877,-1,2877,2673,2675,-1,2877,2675,2677,-1,2649,2972,2647,-1,2647,2972,2973,-1,2647,2973,2651,-1,2649,2650,2972,-1,2972,2650,2645,-1,2972,2645,2974,-1,2645,2643,2974,-1,2974,2643,2642,-1,2974,2642,2975,-1,2642,2724,2975,-1,2975,2724,2619,-1,2975,2619,2976,-1,2701,2895,2702,-1,2702,2895,2976,-1,2702,2976,2618,-1,2618,2976,2619,-1,2743,2635,2742,-1,2657,2653,2977,-1,2742,2635,2977,-1,2977,2635,2634,-1,2977,2634,2657,-1,2653,2652,2977,-1,2977,2652,2651,-1,2977,2651,2973,-1,2742,2738,2737,-1,2737,2629,2742,-1,2742,2629,2628,-1,2742,2628,2668,-1,2668,2745,2742,-1,2742,2745,2744,-1,2742,2744,2743,-1,2742,2977,2741,-1,2741,2977,2978,-1,2671,2627,2979,-1,2979,2627,2626,-1,2979,2626,2978,-1,2978,2626,2740,-1,2978,2740,2741,-1,2671,2979,2669,-1,2669,2979,2980,-1,2669,2980,2725,-1,2725,2980,2692,-1,2692,2980,2981,-1,2692,2981,2621,-1,2621,2981,2622,-1,2622,2981,2909,-1,2622,2909,2624,-1,2915,2913,2982,-1,2978,2983,2984,-1,2985,2986,2987,-1,2988,2985,2989,-1,2978,2977,2983,-1,2983,2977,2990,-1,2983,2990,2991,-1,2992,2993,2994,-1,2988,2989,2995,-1,2996,2984,2997,-1,2997,2984,2983,-1,2997,2983,2992,-1,2992,2983,2991,-1,2992,2991,2993,-1,2998,2996,2999,-1,2999,2996,2997,-1,2999,2997,3000,-1,3000,2997,2992,-1,3000,2992,3001,-1,3001,2992,2994,-1,3001,2994,2995,-1,2982,3002,3003,-1,2979,3003,2980,-1,2980,3003,3002,-1,2980,3002,2981,-1,2981,3002,2910,-1,2981,2910,2909,-1,2982,2913,3002,-1,3002,2913,2912,-1,3002,2912,2910,-1,2916,2915,2998,-1,2998,2915,2982,-1,2998,2982,2996,-1,2996,2982,3003,-1,2996,3003,2984,-1,2984,3003,2979,-1,2984,2979,2978,-1,3004,2920,2921,-1,2995,2989,3001,-1,3001,2989,3005,-1,3001,3005,3000,-1,3000,3005,3006,-1,3000,3006,2999,-1,2999,3006,3004,-1,2999,3004,2998,-1,2998,3004,2921,-1,2998,2921,2916,-1,2985,2987,2989,-1,2989,2987,3007,-1,2989,3007,3005,-1,3005,3007,3008,-1,3005,3008,3006,-1,3006,3008,3009,-1,3006,3009,3004,-1,3004,3009,2918,-1,3004,2918,2920,-1,2986,3010,2987,-1,2987,3010,3011,-1,2987,3011,3007,-1,3007,3011,3012,-1,3007,3012,3008,-1,3008,3012,3013,-1,3008,3013,3009,-1,3009,3013,3014,-1,3009,3014,2918,-1,2918,3014,3015,-1,3016,3017,3018,-1,3016,3018,3019,-1,3017,3020,3018,-1,3018,3020,3021,-1,3018,3021,3022,-1,3023,3024,3025,-1,3025,3024,3018,-1,3025,3018,3026,-1,3026,3018,3022,-1,3027,3028,3018,-1,3018,3028,3029,-1,3018,3029,3019,-1,3027,3030,3028,-1,3028,3030,3031,-1,3028,3031,3032,-1,3033,3034,3035,-1,3034,3033,3036,-1,3037,3038,3039,-1,3040,3041,3042,-1,3043,3044,3045,-1,3046,3047,3048,-1,3048,3047,3049,-1,3050,3051,3052,-1,3032,3031,3053,-1,3054,3055,3056,-1,3020,3017,3057,-1,3058,3059,3057,-1,3060,3061,3062,-1,3063,3064,3065,-1,3065,3064,3061,-1,3061,3064,3062,-1,3062,3064,3066,-1,3062,3066,3067,-1,3068,3069,3070,-1,3070,3069,3067,-1,3070,3067,3071,-1,3071,3067,3066,-1,3068,3025,3069,-1,3069,3025,3026,-1,3069,3026,3022,-1,3059,3058,3072,-1,3072,3058,3073,-1,3072,3073,3074,-1,3020,3057,3021,-1,3022,3021,3069,-1,3069,3021,3057,-1,3069,3057,3067,-1,3067,3057,3059,-1,3067,3059,3062,-1,3062,3059,3072,-1,3062,3072,3060,-1,3060,3072,3074,-1,3075,3076,3077,-1,3077,3076,3078,-1,3077,3078,3079,-1,3080,3079,3081,-1,3081,3079,3078,-1,3081,3078,3082,-1,3082,3078,3055,-1,3054,3056,3083,-1,3055,3078,3056,-1,3056,3078,3076,-1,3056,3076,3084,-1,3084,3076,3075,-1,3084,3075,3053,-1,3053,3075,3028,-1,3053,3028,3032,-1,3085,3086,3087,-1,3087,3086,3083,-1,3087,3083,3052,-1,3052,3083,3088,-1,3052,3088,3050,-1,3089,3090,3091,-1,3091,3090,3092,-1,3091,3092,3093,-1,3093,3092,3094,-1,3095,3096,3097,-1,3097,3096,3098,-1,3097,3098,3099,-1,3099,3098,3100,-1,3099,3100,3094,-1,3094,3100,3101,-1,3094,3101,3093,-1,3102,3103,3095,-1,3095,3103,3104,-1,3095,3104,3096,-1,3049,3105,3048,-1,3048,3105,3106,-1,3048,3106,3102,-1,3102,3106,3107,-1,3102,3107,3103,-1,3108,3046,3109,-1,3109,3046,3048,-1,3109,3048,3110,-1,3110,3048,3102,-1,3110,3102,3111,-1,3111,3102,3095,-1,3111,3095,3112,-1,3112,3095,3097,-1,3112,3097,3113,-1,3113,3097,3099,-1,3113,3099,3114,-1,3114,3099,3094,-1,3114,3094,3115,-1,3115,3094,3092,-1,3115,3092,3116,-1,3116,3092,3090,-1,3117,3118,3119,-1,3119,3118,3120,-1,3119,3120,3121,-1,3121,3120,3122,-1,3121,3122,3123,-1,3124,3125,3126,-1,3126,3125,3127,-1,3126,3127,3122,-1,3122,3127,3128,-1,3122,3128,3123,-1,3042,3041,3129,-1,3129,3041,3130,-1,3129,3130,3124,-1,3124,3130,3131,-1,3124,3131,3125,-1,3038,3042,3039,-1,3039,3042,3129,-1,3039,3129,3132,-1,3132,3129,3124,-1,3132,3124,3133,-1,3133,3124,3126,-1,3133,3126,3134,-1,3134,3126,3122,-1,3134,3122,3045,-1,3045,3122,3120,-1,3045,3120,3043,-1,3043,3120,3118,-1,3135,3036,3136,-1,3136,3036,3033,-1,3136,3033,3137,-1,3073,3137,3074,-1,3074,3137,3033,-1,3074,3033,3060,-1,3060,3033,3035,-1,3060,3035,3061,-1,3061,3035,3138,-1,3061,3138,3065,-1,3065,3138,3139,-1,3065,3139,3063,-1,3063,3139,3140,-1,3141,3108,3142,-1,3142,3108,3109,-1,3142,3109,3143,-1,3143,3109,3110,-1,3143,3110,3144,-1,3144,3110,3111,-1,3144,3111,3145,-1,3145,3111,3112,-1,3145,3112,3146,-1,3146,3112,3113,-1,3146,3113,3147,-1,3147,3113,3114,-1,3147,3114,3148,-1,3148,3114,3115,-1,3148,3115,3149,-1,3149,3115,3116,-1,3149,3116,3150,-1,3150,3116,3090,-1,3150,3090,3151,-1,3151,3090,3089,-1,3151,3089,3152,-1,3030,3027,3153,-1,3083,3056,3088,-1,3088,3056,3084,-1,3088,3084,3050,-1,3050,3084,3053,-1,3050,3053,3153,-1,3153,3053,3031,-1,3153,3031,3030,-1,3051,3050,3154,-1,3154,3050,3153,-1,3154,3153,3155,-1,3155,3153,3027,-1,3155,3027,3018,-1,3016,3019,3075,-1,3075,3019,3029,-1,3075,3029,3028,-1,3085,3141,3086,-1,3086,3141,3142,-1,3086,3142,3083,-1,3083,3142,3143,-1,3083,3143,3054,-1,3054,3143,3144,-1,3054,3144,3055,-1,3055,3144,3145,-1,3055,3145,3082,-1,3082,3145,3146,-1,3082,3146,3081,-1,3081,3146,3147,-1,3081,3147,3080,-1,3080,3147,3148,-1,3080,3148,3156,-1,3156,3148,3149,-1,3156,3149,3037,-1,3037,3149,3150,-1,3037,3150,3038,-1,3038,3150,3151,-1,3038,3151,3042,-1,3042,3151,3152,-1,3042,3152,3040,-1,3017,3016,3057,-1,3057,3016,3075,-1,3057,3075,3058,-1,3058,3075,3077,-1,3058,3077,3073,-1,3073,3077,3079,-1,3073,3079,3137,-1,3137,3079,3080,-1,3137,3080,3136,-1,3136,3080,3156,-1,3136,3156,3135,-1,3135,3156,3037,-1,3135,3037,3036,-1,3036,3037,3039,-1,3036,3039,3034,-1,3034,3039,3132,-1,3034,3132,3035,-1,3035,3132,3133,-1,3035,3133,3138,-1,3138,3133,3134,-1,3138,3134,3139,-1,3139,3134,3045,-1,3139,3045,3140,-1,3140,3045,3044,-1,3023,3025,3068,-1,3023,3068,3157,-1,3157,3068,3070,-1,3157,3070,3158,-1,3158,3070,3071,-1,3158,3071,3066,-1,3066,3064,3158,-1,3158,3064,3063,-1,3158,3063,3159,-1,3063,3140,3159,-1,3159,3140,3044,-1,3159,3044,3160,-1,3117,3161,3118,-1,3118,3161,3160,-1,3118,3160,3043,-1,3043,3160,3044,-1,3162,3023,3157,-1,3010,3162,3163,-1,3010,3163,3011,-1,3011,3163,3164,-1,3011,3164,3012,-1,3012,3164,3165,-1,3012,3165,3013,-1,3013,3165,3166,-1,3013,3166,3014,-1,3014,3166,3167,-1,3014,3167,3015,-1,3162,3157,3163,-1,3163,3157,3158,-1,3163,3158,3164,-1,3164,3158,3159,-1,3164,3159,3165,-1,3165,3159,3160,-1,3165,3160,3166,-1,3166,3160,3161,-1,3166,3161,3167,-1,3010,3168,3169,-1,3010,3169,3162,-1,3162,3169,3024,-1,3162,3024,3023,-1,3170,3168,2986,-1,2986,3168,3010,-1,2977,2973,2990,-1,2990,2973,3171,-1,2990,3171,2991,-1,2991,3171,3172,-1,2991,3172,2993,-1,2993,3172,3173,-1,2993,3173,2994,-1,2994,3173,3174,-1,2994,3174,2995,-1,2995,3174,3175,-1,2995,3175,2988,-1,2988,3175,3176,-1,2988,3176,2985,-1,2985,3176,3177,-1,2985,3177,2986,-1,2986,3177,3170,-1,3174,3173,3178,-1,2976,3179,3180,-1,2906,2908,3181,-1,2905,2906,3182,-1,2976,2895,3179,-1,3179,2895,2897,-1,3179,2897,2899,-1,3183,2900,2902,-1,2905,3182,2903,-1,3184,3180,3185,-1,3185,3180,3179,-1,3185,3179,3183,-1,3183,3179,2899,-1,3183,2899,2900,-1,3186,3184,3187,-1,3187,3184,3185,-1,3187,3185,3188,-1,3188,3185,3183,-1,3188,3183,3189,-1,3189,3183,2902,-1,3189,2902,2903,-1,3178,3190,3191,-1,2975,3191,2974,-1,2974,3191,3190,-1,2974,3190,2972,-1,2972,3190,3171,-1,2972,3171,2973,-1,3178,3173,3190,-1,3190,3173,3172,-1,3190,3172,3171,-1,3175,3174,3186,-1,3186,3174,3178,-1,3186,3178,3184,-1,3184,3178,3191,-1,3184,3191,3180,-1,3180,3191,2975,-1,3180,2975,2976,-1,3192,3177,3176,-1,2903,3182,3189,-1,3189,3182,3193,-1,3189,3193,3188,-1,3188,3193,3194,-1,3188,3194,3187,-1,3187,3194,3192,-1,3187,3192,3186,-1,3186,3192,3176,-1,3186,3176,3175,-1,2906,3181,3182,-1,3182,3181,3195,-1,3182,3195,3193,-1,3193,3195,3196,-1,3193,3196,3194,-1,3194,3196,3197,-1,3194,3197,3192,-1,3192,3197,3170,-1,3192,3170,3177,-1,3168,3170,3198,-1,3198,3170,3197,-1,3198,3197,3199,-1,3199,3197,3196,-1,3199,3196,3200,-1,3200,3196,3195,-1,3200,3195,3201,-1,3201,3195,3181,-1,3201,3181,3202,-1,3202,3181,2908,-1,3203,3204,3205,-1,3202,3203,3206,-1,3202,3206,3201,-1,3201,3206,3207,-1,3201,3207,3200,-1,3200,3207,3208,-1,3200,3208,3199,-1,3199,3208,3209,-1,3199,3209,3198,-1,3198,3209,3169,-1,3198,3169,3168,-1,3203,3205,3206,-1,3206,3205,3210,-1,3206,3210,3207,-1,3207,3210,3211,-1,3207,3211,3208,-1,3208,3211,3212,-1,3208,3212,3209,-1,3209,3212,3024,-1,3209,3024,3169,-1,3018,3024,3155,-1,3155,3024,3212,-1,3155,3212,3154,-1,3154,3212,3051,-1,3108,3141,3210,-1,3210,3141,3085,-1,3210,3085,3211,-1,3211,3085,3087,-1,3211,3087,3212,-1,3212,3087,3052,-1,3212,3052,3051,-1,3108,3210,3046,-1,3046,3210,3205,-1,3046,3205,3047,-1,3047,3205,3204,-1,3047,3204,3049,-1,3123,3128,3213,-1,3098,3096,3214,-1,3214,3096,3104,-1,3214,3104,3103,-1,3204,3215,3049,-1,3049,3215,3216,-1,3217,3218,3161,-1,3103,3107,3214,-1,3214,3107,3106,-1,3214,3106,3216,-1,3216,3106,3105,-1,3216,3105,3049,-1,3128,3127,3213,-1,3213,3127,3125,-1,3213,3125,3131,-1,3161,3117,3217,-1,3217,3117,3119,-1,3217,3119,3213,-1,3213,3119,3121,-1,3213,3121,3123,-1,3131,3130,3213,-1,3213,3130,3041,-1,3213,3041,3040,-1,3093,3101,3214,-1,3214,3101,3100,-1,3214,3100,3098,-1,3040,3152,3213,-1,3213,3152,3089,-1,3213,3089,3214,-1,3214,3089,3091,-1,3214,3091,3093,-1,3202,3219,3203,-1,3203,3219,3220,-1,3203,3220,3204,-1,3204,3220,3215,-1,3221,3015,3222,-1,3222,3015,3167,-1,3222,3167,3223,-1,3223,3167,3224,-1,3224,3167,3161,-1,3224,3161,3218,-1,2908,2907,3202,-1,3202,2907,2948,-1,3202,2948,3219,-1,2919,2918,2924,-1,2924,2918,3015,-1,2924,3015,3221,-1,2924,3221,2922,-1,2922,3221,3225,-1,3225,3221,3222,-1,3225,3222,3226,-1,3218,3227,3224,-1,3224,3227,3226,-1,3224,3226,3228,-1,3228,3226,3222,-1,3229,3227,3217,-1,3217,3227,3218,-1,3230,3229,3213,-1,3213,3229,3217,-1,3231,3232,3233,-1,3234,3235,3236,-1,3237,3238,3239,-1,3240,3241,3242,-1,3242,3241,3243,-1,3242,3243,3244,-1,3245,3246,3247,-1,3245,3247,3248,-1,3248,3247,3249,-1,3248,3249,3243,-1,3243,3249,3250,-1,3243,3250,3244,-1,3251,3252,3253,-1,3253,3252,3254,-1,3253,3254,3255,-1,3255,3254,3236,-1,3255,3236,3256,-1,3232,3234,3233,-1,3233,3234,3236,-1,3233,3236,3257,-1,3257,3236,3254,-1,3257,3254,3258,-1,3258,3254,3252,-1,3258,3252,3259,-1,3259,3252,3260,-1,3259,3260,3261,-1,3261,3260,3245,-1,3261,3245,3262,-1,3262,3245,3248,-1,3262,3248,3239,-1,3239,3248,3243,-1,3239,3243,3237,-1,3237,3243,3241,-1,3263,3264,3265,-1,3263,3266,3264,-1,3264,3266,3267,-1,3264,3267,3268,-1,3268,3267,3269,-1,3268,3269,3270,-1,3271,3272,3273,-1,3273,3272,3274,-1,3270,3275,3276,-1,3276,3275,3277,-1,3276,3277,3274,-1,3274,3277,3278,-1,3274,3278,3273,-1,3279,3280,3281,-1,3281,3280,3282,-1,3281,3282,3283,-1,3284,3285,3286,-1,3286,3285,3287,-1,3286,3287,3279,-1,3288,3289,3290,-1,3282,3291,3283,-1,3283,3291,3292,-1,3283,3292,3290,-1,3290,3292,3293,-1,3290,3293,3288,-1,3279,3281,3286,-1,3286,3281,3294,-1,3286,3294,3284,-1,3288,3295,3289,-1,3289,3295,3296,-1,3289,3296,3265,-1,3265,3296,3297,-1,3265,3297,3263,-1,3235,3298,3236,-1,3236,3298,3299,-1,3236,3299,3256,-1,3251,3300,3252,-1,3252,3300,3301,-1,3252,3301,3260,-1,3260,3301,3302,-1,3260,3302,3245,-1,3245,3302,3303,-1,3245,3303,3246,-1,3257,3276,3233,-1,3233,3276,3274,-1,3233,3274,3231,-1,3231,3274,3272,-1,3231,3272,3304,-1,3304,3272,3271,-1,3304,3271,3305,-1,3270,3276,3268,-1,3268,3276,3257,-1,3268,3257,3264,-1,3264,3257,3258,-1,3264,3258,3265,-1,3265,3258,3259,-1,3265,3259,3289,-1,3289,3259,3261,-1,3289,3261,3290,-1,3290,3261,3262,-1,3290,3262,3283,-1,3283,3262,3239,-1,3283,3239,3281,-1,3281,3239,3238,-1,3281,3238,3294,-1,3256,3240,3242,-1,3306,3307,3298,-1,3298,3307,3240,-1,3298,3240,3299,-1,3299,3240,3256,-1,3242,3244,3256,-1,3256,3244,3250,-1,3256,3250,3249,-1,3302,3301,3303,-1,3303,3301,3246,-1,3301,3300,3246,-1,3246,3300,3251,-1,3246,3251,3253,-1,3249,3247,3256,-1,3256,3247,3246,-1,3256,3246,3255,-1,3255,3246,3253,-1,3285,3284,3308,-1,3308,3284,3309,-1,3284,3294,3309,-1,3309,3294,3238,-1,3309,3238,3310,-1,3240,3307,3241,-1,3241,3307,3310,-1,3241,3310,3237,-1,3237,3310,3238,-1,3291,3282,3230,-1,3311,3312,3313,-1,3308,3227,3285,-1,3285,3227,3229,-1,3282,3280,3230,-1,3230,3280,3279,-1,3230,3279,3229,-1,3229,3279,3287,-1,3229,3287,3285,-1,3295,3288,3230,-1,3266,3263,3314,-1,3314,3263,3297,-1,3314,3297,3230,-1,3230,3297,3296,-1,3230,3296,3295,-1,3288,3293,3230,-1,3230,3293,3292,-1,3230,3292,3291,-1,3313,3305,3311,-1,3311,3305,3271,-1,3311,3271,3314,-1,3314,3271,3273,-1,3314,3273,3278,-1,3278,3277,3314,-1,3314,3277,3275,-1,3314,3275,3270,-1,3270,3269,3314,-1,3314,3269,3267,-1,3314,3267,3266,-1,3305,3313,3304,-1,3304,3313,3315,-1,3304,3315,3231,-1,3231,3315,3232,-1,3232,3315,3316,-1,3232,3316,3234,-1,3234,3316,3235,-1,3235,3316,3306,-1,3235,3306,3298,-1,2754,3317,2752,-1,2752,3317,3318,-1,2752,3318,2750,-1,2750,3318,3319,-1,2750,3319,2747,-1,2747,3319,3320,-1,3317,3306,3318,-1,3318,3306,3316,-1,3318,3316,3319,-1,3319,3316,3315,-1,3319,3315,3320,-1,3320,3315,3313,-1,3307,3306,3321,-1,3321,3306,3317,-1,3321,3317,3322,-1,3322,3317,2754,-1,3323,3322,2753,-1,2753,3322,2754,-1,3323,2753,3324,-1,3324,2753,2867,-1,3324,2867,3325,-1,3325,2867,2862,-1,3325,2862,3326,-1,3326,2862,2860,-1,3326,2860,3327,-1,3327,2860,2858,-1,3327,2858,3328,-1,3328,2858,2856,-1,3328,2856,3329,-1,3329,2856,2854,-1,3329,2854,3330,-1,3330,2854,2840,-1,3330,2840,2833,-1,2833,2840,2834,-1,2833,2832,3331,-1,2831,2830,2945,-1,2832,2831,3332,-1,3332,2831,2945,-1,3332,2945,3333,-1,3333,2945,2946,-1,2946,2944,3333,-1,3333,2944,2943,-1,3333,2943,3334,-1,3334,2943,2940,-1,3334,2940,3335,-1,2940,2941,3335,-1,3335,2941,2942,-1,3335,2942,3336,-1,2942,2939,3336,-1,3336,2939,2938,-1,3336,2938,3337,-1,3337,2938,2935,-1,3337,2935,3338,-1,2935,2936,3338,-1,3338,2936,2937,-1,3338,2937,3339,-1,2832,3332,3331,-1,3331,3332,3333,-1,3331,3333,3340,-1,3340,3333,3334,-1,3340,3334,3341,-1,3341,3334,3335,-1,3341,3335,3342,-1,3342,3335,3336,-1,3342,3336,3343,-1,3343,3336,3337,-1,3343,3337,3344,-1,3344,3337,3338,-1,3344,3338,3345,-1,3345,3338,3339,-1,3345,3339,3346,-1,2833,3331,3330,-1,3330,3331,3340,-1,3330,3340,3329,-1,3329,3340,3341,-1,3329,3341,3328,-1,3328,3341,3342,-1,3328,3342,3327,-1,3327,3342,3343,-1,3327,3343,3326,-1,3326,3343,3344,-1,3326,3344,3325,-1,3325,3344,3345,-1,3325,3345,3324,-1,3324,3345,3346,-1,3324,3346,3323,-1,2937,3347,3348,-1,2937,3348,3339,-1,3339,3348,3349,-1,3339,3349,3346,-1,3346,3349,3322,-1,3346,3322,3323,-1,3347,3350,3348,-1,3348,3350,3351,-1,3348,3351,3349,-1,3349,3351,3352,-1,3349,3352,3322,-1,3322,3352,3321,-1,3350,3308,3351,-1,3351,3308,3309,-1,3351,3309,3352,-1,3352,3309,3310,-1,3352,3310,3321,-1,3321,3310,3307,-1,3353,2747,3354,-1,3354,2747,3320,-1,3354,3320,3355,-1,3355,3320,3356,-1,3356,3320,3313,-1,3356,3313,3312,-1,3347,3225,3350,-1,3350,3225,3226,-1,3350,3226,3308,-1,3308,3226,3227,-1,2929,2748,2947,-1,2947,2748,2747,-1,2947,2747,3353,-1,2937,2923,3347,-1,3347,2923,2922,-1,3347,2922,3225,-1,2947,3353,2948,-1,2948,3353,3219,-1,3219,3353,3354,-1,3219,3354,3220,-1,3312,3215,3356,-1,3356,3215,3220,-1,3356,3220,3357,-1,3357,3220,3354,-1,3216,3215,3311,-1,3311,3215,3312,-1,3214,3216,3314,-1,3314,3216,3311,-1,3214,3314,3358,-1,3358,3314,3359,-1,3358,3359,2607,-1,2607,3359,2606,-1,2607,3360,3358,-1,3358,3360,3361,-1,3214,3358,3213,-1,3213,3358,3361,-1,3361,3362,3213,-1,3213,3362,3230,-1,3362,3359,3230,-1,3230,3359,3314,-1,3359,3362,2606,-1,2606,3362,3363,-1,3360,3363,3361,-1,3361,3363,3362,-1,3360,3364,3363,-1,3363,3364,3365,-1,3366,3367,3368,-1,3368,3367,3369,-1,3368,3369,3370,-1,3370,3369,3371,-1,3370,3371,3372,-1,3372,3371,3373,-1,3372,3373,3374,-1,3374,3373,3375,-1,3374,3375,3376,-1,3376,3375,3377,-1,3376,3377,3364,-1,3364,3377,3365,-1,3366,3378,3367,-1,3367,3378,3379,-1,3380,3381,3382,-1,3382,3381,3383,-1,3382,3383,3384,-1,3384,3383,3385,-1,3384,3385,3386,-1,3386,3385,3387,-1,3386,3387,3388,-1,3388,3387,3389,-1,3388,3389,3390,-1,3390,3389,3391,-1,3390,3391,3378,-1,3378,3391,3379,-1,3380,3392,3381,-1,3381,3392,3393,-1,3393,3392,3394,-1,3394,3392,3395,-1,3395,3396,3394,-1,3394,3396,3397,-1,3398,3399,3400,-1,3400,3399,3401,-1,3400,3401,3402,-1,3402,3401,3403,-1,3402,3403,3404,-1,3404,3403,3405,-1,3404,3405,3396,-1,3396,3405,3397,-1,3398,3406,3399,-1,3399,3406,3407,-1,3407,3406,3408,-1,3407,3408,3409,-1,3409,3408,3410,-1,3409,3410,3411,-1,3411,3410,3412,-1,3411,3412,3413,-1,3413,3412,3414,-1,3413,3414,3415,-1,3416,3415,3417,-1,3417,3415,3414,-1,2575,3418,3417,-1,3417,3418,3416,-1,3419,3416,3420,-1,3420,3416,3418,-1,3420,3418,3421,-1,3367,2591,3369,-1,3369,2591,2592,-1,3369,2592,3371,-1,3367,3379,2591,-1,2591,3379,3391,-1,2591,3391,2589,-1,2597,2599,3373,-1,2576,3385,3383,-1,3371,2592,3373,-1,3373,2592,2595,-1,3373,2595,2597,-1,3363,3365,2606,-1,2606,3365,3377,-1,2606,3377,2605,-1,2605,3377,3375,-1,2605,3375,2603,-1,2603,3375,3373,-1,2603,3373,2601,-1,2601,3373,2599,-1,2581,3389,2576,-1,2576,3389,3387,-1,2576,3387,3385,-1,2581,2583,3389,-1,3389,2583,2585,-1,3389,2585,3391,-1,3391,2585,2587,-1,3391,2587,2589,-1,3419,3422,3416,-1,3416,3422,3423,-1,3416,3423,3415,-1,3397,3405,2577,-1,2577,3405,3403,-1,3383,3381,2576,-1,2576,3381,3393,-1,2576,3393,2577,-1,2577,3393,3394,-1,2577,3394,3397,-1,3423,3424,3415,-1,3415,3424,3425,-1,3415,3425,3413,-1,3413,3425,3426,-1,3413,3426,3411,-1,3411,3426,3409,-1,3409,3426,3407,-1,3407,3426,3427,-1,3407,3427,3428,-1,3403,3401,2577,-1,2577,3401,3399,-1,2577,3399,3429,-1,3429,3399,3407,-1,3429,3407,3430,-1,3430,3407,3428,-1,3431,3432,3419,-1,3419,3432,3422,-1,3433,3426,3434,-1,3434,3426,3425,-1,3434,3425,3435,-1,3435,3425,3424,-1,3435,3424,3436,-1,3436,3424,3423,-1,3436,3423,3432,-1,3432,3423,3422,-1,3433,3437,3426,-1,3426,3437,3427,-1,3427,3437,3438,-1,3427,3438,3428,-1,3428,3438,3439,-1,3428,3439,3430,-1,3430,3439,3440,-1,3430,3440,3429,-1,3429,3440,2579,-1,3429,2579,2577,-1,3432,3431,3417,-1,3434,3435,3414,-1,3360,2607,3364,-1,3364,2607,3376,-1,3414,3435,3417,-1,3417,3435,3436,-1,3417,3436,3432,-1,3376,2607,3374,-1,3374,2607,2604,-1,3374,2604,3372,-1,3408,3406,3433,-1,3398,3400,2579,-1,3400,3402,2579,-1,2579,3402,3404,-1,2579,3404,3396,-1,3382,3384,2578,-1,2578,3384,3386,-1,2578,3386,2580,-1,2580,3386,3388,-1,2580,3388,2582,-1,3390,2590,3388,-1,3388,2590,2588,-1,2588,2586,3388,-1,3388,2586,2584,-1,3388,2584,2582,-1,3390,3378,2590,-1,2590,3378,3366,-1,2590,3366,2593,-1,3408,3433,3410,-1,2604,2602,3372,-1,3372,2602,2600,-1,3372,2600,2598,-1,3366,3368,2593,-1,2593,3368,3370,-1,2593,3370,2594,-1,2594,3370,3372,-1,2594,3372,2596,-1,2596,3372,2598,-1,3439,3438,3406,-1,3406,3438,3437,-1,3406,3437,3433,-1,3396,3395,2579,-1,2579,3395,3392,-1,2579,3392,2578,-1,2578,3392,3380,-1,2578,3380,3382,-1,3434,3414,3433,-1,3433,3414,3412,-1,3433,3412,3410,-1,3398,2579,3406,-1,3406,2579,3440,-1,3406,3440,3439,-1,2574,2575,3441,-1,3441,2575,3417,-1,3441,3417,3431,-1,3420,3441,3419,-1,3419,3441,3431,-1,2574,3441,3421,-1,3421,3441,3420,-1,2574,3421,2572,-1,2572,3421,3442,-1,2572,3442,2570,-1,2570,3442,3443,-1,2570,3443,2568,-1,2568,3443,3444,-1,2568,3444,2566,-1,2566,3444,3445,-1,3421,3418,3446,-1,3421,3446,3442,-1,3442,3446,3447,-1,3442,3447,3443,-1,3443,3447,3448,-1,3443,3448,3444,-1,3444,3448,3449,-1,3444,3449,3445,-1,2567,3449,2569,-1,2569,3449,3448,-1,2569,3448,2571,-1,2571,3448,3447,-1,2571,3447,2573,-1,2573,3447,3446,-1,2573,3446,2575,-1,2575,3446,3418,-1,3450,3451,2567,-1,2567,3451,3449,-1,3451,3452,3449,-1,3449,3452,3445,-1,2566,3445,3453,-1,3453,3445,3452,-1,2567,2566,3450,-1,3450,2566,3453,-1,3454,3455,3456,-1,3454,3456,3457,-1,3457,3456,3458,-1,3457,3458,3459,-1,3459,3458,3460,-1,3459,3460,3461,-1,3461,3460,3450,-1,3461,3450,3453,-1,3455,3454,3462,-1,3462,3454,3463,-1,3463,3464,3462,-1,3462,3464,3465,-1,3462,3465,3455,-1,3455,3465,3466,-1,3451,3450,3467,-1,3467,3450,3460,-1,3467,3460,3468,-1,3468,3460,3458,-1,3468,3458,3469,-1,3469,3458,3456,-1,3469,3456,3466,-1,3466,3456,3455,-1,3452,3451,3470,-1,3470,3451,3467,-1,3470,3467,3471,-1,3471,3467,3468,-1,3471,3468,3472,-1,3472,3468,3469,-1,3472,3469,3473,-1,3473,3469,3466,-1,3473,3454,3472,-1,3472,3454,3457,-1,3472,3457,3471,-1,3471,3457,3459,-1,3471,3459,3470,-1,3470,3459,3461,-1,3470,3461,3452,-1,3452,3461,3453,-1,3454,3473,3463,-1,3463,3473,3464,-1,3465,3464,3466,-1,3466,3464,3473,-1,3474,3475,3476,-1,3477,3478,3479,-1,3480,3481,3482,-1,3483,3484,3485,-1,3486,3487,3488,-1,3489,3490,3491,-1,3492,3493,3494,-1,3495,3496,3497,-1,3498,3499,3500,-1,3501,3502,3503,-1,3504,3505,3506,-1,3507,3508,3509,-1,3510,3511,3512,-1,3513,3514,3515,-1,3516,3517,3518,-1,3519,3520,3521,-1,3522,3523,3524,-1,3524,3523,3525,-1,3526,3527,3521,-1,3521,3527,3528,-1,3521,3528,3529,-1,3525,3530,3524,-1,3524,3530,3531,-1,3524,3531,3532,-1,3529,3533,3521,-1,3521,3533,3534,-1,3521,3534,3519,-1,3535,3536,3524,-1,3536,3537,3524,-1,3524,3537,3538,-1,3524,3538,3521,-1,3521,3538,3539,-1,3521,3539,3526,-1,3532,3540,3524,-1,3524,3540,3541,-1,3524,3541,3535,-1,3535,3541,3542,-1,3535,3542,3543,-1,3544,3545,3546,-1,3544,3546,3547,-1,3545,3548,3546,-1,3546,3548,3549,-1,3546,3549,3491,-1,3491,3549,3550,-1,3550,3551,3491,-1,3491,3551,3552,-1,3491,3552,3522,-1,3522,3552,3553,-1,3522,3553,3523,-1,3554,3547,3555,-1,3555,3547,3546,-1,3555,3546,3556,-1,3556,3546,3497,-1,3556,3497,3557,-1,3557,3497,3558,-1,3559,3560,3561,-1,3561,3560,3562,-1,3561,3562,3563,-1,3561,3564,3565,-1,3563,3566,3561,-1,3561,3566,3567,-1,3561,3567,3564,-1,3565,3568,3497,-1,3497,3568,3569,-1,3497,3569,3558,-1,3570,3571,3572,-1,3573,3574,3559,-1,3575,3576,3577,-1,3577,3576,3578,-1,3570,3572,3579,-1,3573,3559,3580,-1,3581,3582,3576,-1,3576,3582,3583,-1,3576,3583,3584,-1,3517,3585,3518,-1,3518,3585,3586,-1,3518,3586,3559,-1,3559,3586,3587,-1,3559,3587,3580,-1,3571,3588,3572,-1,3572,3588,3589,-1,3572,3589,3590,-1,3591,3592,3593,-1,3593,3592,3594,-1,3593,3594,3595,-1,3596,3584,3597,-1,3597,3584,3598,-1,3597,3598,3593,-1,3593,3598,3599,-1,3593,3599,3591,-1,3596,3600,3584,-1,3584,3600,3601,-1,3584,3601,3576,-1,3576,3601,3602,-1,3576,3602,3578,-1,3603,3604,3605,-1,3605,3604,3606,-1,3605,3606,3572,-1,3572,3606,3607,-1,3572,3607,3579,-1,3608,3609,3572,-1,3572,3609,3610,-1,3572,3610,3576,-1,3576,3610,3611,-1,3576,3611,3581,-1,3612,3613,3560,-1,3560,3613,3614,-1,3560,3614,3615,-1,3615,3616,3560,-1,3560,3616,3617,-1,3560,3617,3618,-1,3618,3617,3603,-1,3618,3603,3619,-1,3619,3603,3605,-1,3574,3620,3559,-1,3559,3620,3621,-1,3559,3621,3560,-1,3560,3621,3622,-1,3560,3622,3612,-1,3590,3623,3572,-1,3572,3623,3624,-1,3572,3624,3625,-1,3625,3626,3572,-1,3572,3626,3627,-1,3572,3627,3608,-1,3628,3629,3630,-1,3630,3584,3628,-1,3628,3584,3583,-1,3628,3583,3631,-1,3631,3583,3632,-1,3632,3633,3631,-1,3631,3633,3634,-1,3631,3634,3635,-1,3636,3637,3638,-1,3637,3639,3638,-1,3638,3639,3640,-1,3638,3640,3641,-1,3642,3638,3643,-1,3629,3628,3642,-1,3642,3628,3644,-1,3642,3644,3638,-1,3638,3644,3645,-1,3638,3645,3636,-1,3643,3646,3642,-1,3642,3646,3647,-1,3642,3647,3648,-1,3641,3640,3649,-1,3649,3640,3650,-1,3649,3650,3651,-1,3651,3650,3652,-1,3651,3652,3653,-1,3654,3655,3648,-1,3648,3655,3656,-1,3648,3656,3642,-1,3657,3658,3659,-1,3660,3661,3662,-1,3658,3663,3659,-1,3659,3663,3664,-1,3659,3664,3665,-1,3665,3664,3666,-1,3665,3666,3667,-1,3667,3666,3668,-1,3667,3668,3662,-1,3662,3668,3669,-1,3662,3669,3660,-1,3670,3671,3672,-1,3661,3673,3662,-1,3662,3673,3674,-1,3662,3674,3672,-1,3672,3674,3675,-1,3672,3675,3670,-1,3676,3677,3678,-1,3677,3679,3678,-1,3678,3679,3680,-1,3678,3680,3659,-1,3659,3680,3681,-1,3659,3681,3657,-1,3682,3683,3684,-1,3684,3683,3513,-1,3684,3513,3685,-1,3685,3513,3515,-1,3515,3686,3685,-1,3685,3686,3687,-1,3685,3687,3476,-1,3476,3687,3688,-1,3476,3688,3689,-1,3689,3688,3690,-1,3689,3690,3691,-1,3691,3690,3692,-1,3691,3692,3693,-1,3694,3695,3696,-1,3697,3694,3698,-1,3699,3700,3696,-1,3701,3702,3703,-1,3704,3705,3695,-1,3695,3706,3707,-1,3704,3695,3708,-1,3707,3709,3695,-1,3695,3709,3710,-1,3695,3710,3696,-1,3696,3710,3711,-1,3696,3711,3699,-1,3703,3712,3701,-1,3701,3712,3713,-1,3701,3713,3714,-1,3714,3715,3701,-1,3701,3715,3716,-1,3701,3716,3717,-1,3718,3719,3720,-1,3720,3719,3721,-1,3705,3722,3695,-1,3695,3722,3723,-1,3695,3723,3706,-1,3724,3725,3720,-1,3720,3725,3726,-1,3720,3726,3698,-1,3698,3726,3727,-1,3698,3727,3697,-1,3728,3729,3730,-1,3730,3729,3731,-1,3730,3731,3732,-1,3733,3734,3735,-1,3735,3734,3736,-1,3736,3737,3735,-1,3735,3737,3738,-1,3735,3738,3695,-1,3695,3738,3739,-1,3695,3739,3708,-1,3721,3740,3720,-1,3720,3740,3741,-1,3720,3741,3724,-1,3733,3735,3730,-1,3730,3735,3742,-1,3730,3742,3728,-1,3743,3744,3745,-1,3745,3744,3746,-1,3745,3746,3747,-1,3748,3749,3750,-1,3751,3752,3753,-1,3753,3752,3754,-1,3753,3754,3755,-1,3750,3749,3753,-1,3753,3749,3756,-1,3753,3756,3751,-1,3757,3758,3750,-1,3750,3758,3759,-1,3750,3759,3748,-1,3760,3761,3757,-1,3757,3761,3762,-1,3757,3762,3758,-1,3763,3764,3765,-1,3765,3764,3766,-1,3766,3767,3765,-1,3765,3767,3768,-1,3765,3768,3760,-1,3760,3768,3769,-1,3760,3769,3761,-1,3770,3771,3772,-1,3772,3771,3773,-1,3772,3773,3774,-1,3509,3508,3775,-1,3508,3776,3775,-1,3775,3776,3777,-1,3775,3777,3770,-1,3770,3777,3778,-1,3770,3778,3771,-1,3754,3779,3755,-1,3755,3779,3780,-1,3755,3780,3781,-1,3781,3780,3782,-1,3782,3783,3781,-1,3781,3783,3784,-1,3781,3784,3509,-1,3509,3784,3785,-1,3509,3785,3507,-1,3786,3787,3788,-1,3789,3790,3791,-1,3791,3792,3789,-1,3789,3792,3793,-1,3789,3793,3788,-1,3788,3793,3794,-1,3788,3794,3786,-1,3504,3506,3795,-1,3796,3797,3798,-1,3798,3799,3796,-1,3796,3799,3800,-1,3796,3800,3789,-1,3789,3800,3801,-1,3789,3801,3790,-1,3499,3802,3803,-1,3802,3804,3803,-1,3803,3804,3805,-1,3803,3805,3806,-1,3806,3807,3803,-1,3803,3807,3808,-1,3803,3808,3797,-1,3797,3808,3809,-1,3797,3809,3798,-1,3810,3811,3812,-1,3807,3813,3808,-1,3808,3813,3814,-1,3808,3814,3502,-1,3502,3814,3815,-1,3502,3815,3503,-1,3811,3816,3812,-1,3812,3816,3817,-1,3812,3817,3818,-1,3817,3819,3818,-1,3818,3819,3820,-1,3818,3820,3821,-1,3821,3820,3822,-1,3821,3822,3503,-1,3503,3822,3823,-1,3503,3823,3501,-1,3498,3500,3824,-1,3825,3826,3827,-1,3828,3829,3830,-1,3826,3831,3827,-1,3827,3831,3832,-1,3827,3832,3833,-1,3833,3834,3835,-1,3835,3834,3836,-1,3835,3836,3837,-1,3837,3836,3838,-1,3837,3838,3839,-1,3839,3838,3840,-1,3839,3840,3841,-1,3841,3840,3842,-1,3841,3842,3843,-1,3843,3842,3844,-1,3843,3844,3845,-1,3845,3844,3846,-1,3845,3846,3847,-1,3847,3846,3848,-1,3847,3848,3849,-1,3849,3848,3850,-1,3849,3850,3851,-1,3851,3850,3852,-1,3851,3852,3853,-1,3853,3852,3854,-1,3853,3854,3855,-1,3855,3854,3856,-1,3855,3856,3500,-1,3500,3856,3857,-1,3500,3857,3824,-1,3858,3859,3830,-1,3830,3859,3860,-1,3830,3860,3828,-1,3858,3861,3859,-1,3859,3861,3862,-1,3859,3862,3827,-1,3827,3862,3863,-1,3827,3863,3825,-1,3829,3864,3830,-1,3830,3864,3865,-1,3830,3865,3866,-1,3866,3865,3867,-1,3865,3868,3867,-1,3867,3868,3869,-1,3867,3869,3781,-1,3781,3869,3870,-1,3870,3871,3781,-1,3781,3871,3872,-1,3781,3872,3755,-1,3755,3872,3873,-1,3774,3874,3772,-1,3772,3874,3510,-1,3772,3510,3875,-1,3875,3510,3512,-1,3875,3512,3876,-1,3876,3512,3877,-1,3876,3877,3878,-1,3878,3877,3879,-1,3878,3879,3880,-1,3880,3879,3881,-1,3880,3881,3882,-1,3882,3881,3883,-1,3882,3883,3812,-1,3812,3883,3506,-1,3812,3506,3810,-1,3810,3506,3505,-1,3884,3885,3886,-1,3887,3500,3888,-1,3888,3500,3889,-1,3885,3890,3886,-1,3886,3890,3891,-1,3886,3891,3892,-1,3892,3893,3886,-1,3886,3893,3894,-1,3886,3894,3500,-1,3500,3894,3895,-1,3500,3895,3889,-1,3884,3886,3896,-1,3896,3886,3897,-1,3896,3897,3898,-1,3898,3897,3899,-1,3898,3899,3900,-1,3900,3899,3901,-1,3900,3901,3902,-1,3902,3901,3903,-1,3902,3903,3904,-1,3904,3903,3905,-1,3904,3905,3906,-1,3906,3905,3907,-1,3906,3907,3908,-1,3908,3909,3910,-1,3910,3909,3911,-1,3910,3911,3912,-1,3912,3911,3485,-1,3912,3485,3913,-1,3565,3497,3561,-1,3561,3497,3496,-1,3561,3496,3913,-1,3914,3915,3916,-1,3916,3915,3917,-1,3918,3919,3827,-1,3827,3919,3920,-1,3920,3921,3827,-1,3827,3921,3922,-1,3827,3922,3916,-1,3916,3922,3923,-1,3916,3923,3914,-1,3917,3924,3916,-1,3916,3924,3925,-1,3916,3925,3495,-1,3833,3835,3827,-1,3827,3835,3926,-1,3827,3926,3918,-1,3887,3927,3500,-1,3500,3927,3928,-1,3500,3928,3855,-1,3855,3928,3929,-1,3855,3929,3853,-1,3853,3929,3930,-1,3853,3930,3851,-1,3851,3930,3931,-1,3851,3931,3849,-1,3849,3931,3932,-1,3849,3932,3847,-1,3847,3932,3933,-1,3847,3933,3845,-1,3845,3933,3934,-1,3845,3934,3843,-1,3843,3934,3935,-1,3843,3935,3841,-1,3841,3935,3936,-1,3841,3936,3839,-1,3839,3936,3937,-1,3839,3937,3837,-1,3837,3937,3938,-1,3837,3938,3835,-1,3835,3938,3939,-1,3835,3939,3926,-1,3940,3941,3942,-1,3941,3943,3942,-1,3942,3943,3944,-1,3942,3944,3859,-1,3859,3944,3945,-1,3859,3945,3860,-1,3946,3947,3753,-1,3873,3948,3755,-1,3755,3948,3949,-1,3755,3949,3753,-1,3753,3949,3950,-1,3753,3950,3946,-1,3947,3951,3753,-1,3753,3951,3952,-1,3753,3952,3942,-1,3942,3952,3953,-1,3942,3953,3940,-1,3954,3955,3956,-1,3956,3955,3957,-1,3958,3959,3960,-1,3960,3959,3961,-1,3958,3962,3959,-1,3959,3962,3963,-1,3959,3963,3964,-1,3965,3966,3967,-1,3967,3966,3968,-1,3969,3970,3966,-1,3966,3970,3971,-1,3966,3971,3968,-1,3972,3973,3969,-1,3974,3975,3976,-1,3977,3978,3546,-1,3546,3978,3979,-1,3546,3979,3980,-1,3491,3490,3546,-1,3546,3490,3981,-1,3546,3981,3977,-1,3982,3983,3984,-1,3489,3491,3985,-1,3985,3491,3522,-1,3985,3522,3983,-1,3983,3522,3524,-1,3983,3524,3984,-1,3986,3984,3987,-1,3987,3984,3988,-1,3986,3989,3984,-1,3984,3989,3990,-1,3984,3990,3982,-1,3744,3484,3991,-1,3991,3484,3992,-1,3486,3488,3993,-1,3483,3994,3484,-1,3484,3994,3995,-1,3484,3995,3996,-1,3996,3997,3484,-1,3484,3997,3998,-1,3484,3998,3999,-1,3999,4000,3484,-1,3484,4000,4001,-1,3484,4001,3992,-1,3992,4001,4002,-1,3992,4002,4003,-1,4004,4005,3746,-1,3746,4005,4006,-1,3746,4006,4007,-1,4008,4009,3488,-1,3488,4009,4010,-1,3488,4010,3993,-1,4003,4011,3992,-1,3992,4011,4012,-1,3992,4012,4013,-1,4013,4012,4014,-1,4015,4016,4014,-1,4014,4016,4017,-1,4014,4017,4013,-1,4007,4018,3746,-1,3746,4018,4019,-1,3746,4019,4020,-1,3991,4021,3744,-1,3744,4021,4022,-1,3744,4022,3746,-1,3746,4022,4023,-1,3746,4023,4004,-1,4024,4025,4014,-1,4014,4025,4026,-1,4014,4026,4027,-1,4027,4028,4014,-1,4014,4028,4029,-1,4014,4029,4015,-1,4030,3488,4031,-1,4031,3488,3487,-1,4031,3487,3911,-1,3911,3487,4032,-1,3911,4032,3485,-1,3485,4032,4033,-1,3485,4033,3483,-1,4031,4034,4035,-1,3746,4036,4037,-1,4037,4036,4038,-1,4039,4040,3482,-1,3482,4041,4042,-1,4040,4043,3482,-1,3482,4043,4044,-1,3482,4044,4041,-1,4045,4046,4035,-1,4047,4048,3746,-1,3746,4048,4049,-1,3746,4049,4050,-1,4051,4052,4053,-1,4053,4052,4036,-1,4053,4036,4054,-1,4054,4036,3746,-1,4054,3746,4055,-1,4055,3746,4056,-1,4042,4057,3482,-1,3482,4057,4058,-1,3482,4058,3480,-1,4045,4035,4059,-1,4046,4047,4035,-1,4035,4047,3746,-1,4035,3746,4031,-1,4031,3746,4020,-1,4031,4020,4030,-1,4050,4060,3746,-1,3746,4060,4061,-1,3746,4061,4056,-1,4062,4063,4064,-1,4064,4063,4065,-1,4064,4065,4035,-1,4035,4065,4066,-1,4035,4066,4059,-1,4067,4068,4069,-1,4069,4068,4070,-1,4069,4070,4071,-1,4069,4072,4067,-1,4067,4072,4073,-1,4067,4073,4074,-1,4074,4075,4067,-1,4067,4075,4076,-1,4067,4076,4077,-1,4077,4076,4078,-1,4077,4078,4079,-1,4079,4078,4080,-1,4079,4080,4051,-1,4051,4080,4081,-1,4051,4081,4082,-1,4062,4083,4063,-1,4063,4083,4084,-1,4063,4084,4085,-1,4085,4084,4086,-1,4085,4087,4088,-1,4089,4090,4071,-1,4071,4090,4091,-1,4071,4091,4069,-1,4086,4092,4085,-1,4085,4092,4093,-1,4085,4093,4094,-1,4094,4095,4085,-1,4085,4095,4096,-1,4085,4096,4087,-1,4088,4097,4085,-1,4085,4097,4098,-1,4085,4098,4099,-1,3482,4100,4101,-1,4100,3482,4102,-1,4102,3482,3481,-1,4102,3481,4103,-1,4103,3481,4104,-1,4103,4104,3911,-1,3911,4104,4105,-1,3911,4105,4031,-1,4031,4105,4106,-1,4031,4106,4034,-1,4101,4107,3482,-1,3482,4107,4108,-1,3482,4108,4109,-1,4110,4111,3909,-1,3909,4111,4112,-1,3909,4112,3911,-1,3911,4112,4113,-1,3911,4113,4103,-1,4114,4115,4116,-1,4116,4115,4117,-1,4116,4117,4118,-1,4119,4120,4121,-1,4122,4123,4124,-1,4124,4123,4119,-1,4124,4119,4125,-1,4125,4119,4121,-1,4038,4126,4037,-1,4037,4126,4123,-1,4037,4123,4127,-1,4127,4123,4122,-1,4082,4039,4051,-1,4051,4039,3482,-1,4051,3482,4052,-1,4052,3482,4128,-1,4052,4128,4129,-1,4129,4128,4130,-1,4129,4130,4131,-1,4109,4132,3482,-1,3482,4132,4133,-1,3482,4133,4128,-1,4128,4133,4134,-1,4128,4134,4130,-1,3908,3907,3909,-1,3909,3907,4135,-1,3909,4135,4110,-1,4136,4137,3907,-1,3907,4137,4138,-1,3907,4138,4135,-1,4136,3907,4139,-1,4139,3907,3905,-1,4139,3905,4140,-1,4122,4115,4127,-1,4127,4115,4114,-1,4127,4114,4141,-1,4141,4114,4142,-1,4141,4142,3667,-1,3667,4142,4143,-1,4143,4144,3667,-1,3667,4144,4145,-1,3667,4145,3665,-1,3665,4145,4146,-1,3665,4146,4118,-1,4118,4146,4147,-1,4118,4147,4116,-1,4148,4149,4150,-1,4150,4149,4151,-1,4150,4151,4144,-1,4144,4151,4152,-1,4144,4152,4145,-1,4145,4152,4153,-1,4145,4153,4154,-1,4154,4153,4155,-1,4154,4155,4156,-1,4156,4155,4157,-1,3495,3497,3916,-1,3916,3497,3546,-1,3916,3546,3976,-1,3976,3546,3980,-1,3976,3980,3974,-1,4158,3701,3720,-1,3720,3701,3717,-1,3720,3717,3718,-1,4158,4159,3701,-1,3701,4159,4160,-1,3701,4160,4161,-1,4161,4160,4162,-1,4163,4158,4164,-1,4164,4158,3720,-1,4164,3720,4162,-1,4162,3720,3521,-1,4162,3521,4161,-1,4161,3521,3520,-1,4161,3520,4165,-1,4165,3516,4161,-1,4161,3516,3518,-1,4161,3518,3701,-1,3701,3518,3744,-1,3701,3744,3702,-1,3702,3744,3743,-1,3484,4166,4167,-1,4166,3484,4168,-1,4168,3484,3744,-1,4168,3744,4169,-1,4170,4171,4172,-1,4172,4171,4168,-1,4172,4168,4173,-1,4173,4168,4169,-1,4173,4169,4174,-1,4174,4169,4175,-1,3913,3485,3561,-1,3561,3485,3484,-1,3561,3484,3559,-1,3559,3484,4167,-1,3559,4167,3518,-1,3518,4167,4176,-1,3518,4176,3744,-1,3744,4176,4177,-1,3744,4177,4169,-1,4178,3696,4179,-1,4179,3696,3479,-1,4179,3479,4180,-1,4180,3479,4181,-1,4181,3479,3478,-1,4181,3478,4182,-1,3694,3696,3698,-1,3698,3696,4178,-1,3698,4178,3478,-1,3478,4178,4183,-1,3478,4183,4182,-1,4184,4185,4186,-1,4186,4185,4181,-1,4186,4181,4187,-1,4187,4181,4182,-1,4187,4182,4188,-1,4188,4182,4189,-1,3476,3475,4190,-1,4190,3475,4191,-1,4190,4191,4192,-1,4193,4194,3689,-1,3479,4190,3477,-1,3477,4190,4192,-1,3477,4192,3689,-1,3689,4192,4195,-1,3689,4195,4193,-1,3476,4196,4197,-1,4194,4198,3689,-1,3689,4198,4199,-1,3689,4199,4200,-1,4197,4201,3476,-1,3476,4201,4202,-1,3476,4202,3474,-1,4200,4203,3689,-1,3689,4203,4204,-1,3689,4204,3476,-1,3476,4204,4205,-1,3476,4205,4196,-1,4206,4207,4208,-1,4209,4210,3678,-1,3678,4210,3672,-1,3678,3672,3676,-1,3676,3672,3671,-1,4208,4209,4206,-1,4206,4209,3678,-1,4206,3678,4211,-1,4211,3678,4212,-1,4211,4212,4213,-1,3511,3764,3512,-1,3512,3764,3763,-1,3512,3763,3877,-1,3877,3763,4214,-1,3877,4214,3879,-1,3879,4214,4215,-1,3879,4215,3881,-1,3881,4215,4216,-1,3881,4216,3883,-1,3883,4216,4217,-1,3883,4217,3506,-1,3506,4217,3788,-1,3506,3788,3795,-1,3795,3788,3787,-1,3692,3682,3693,-1,3693,3682,3684,-1,3693,3684,4218,-1,4218,3684,4219,-1,4218,4219,4220,-1,4220,4219,4221,-1,4220,4221,4222,-1,4222,4221,3956,-1,4222,3956,3963,-1,3963,3956,3957,-1,3963,3957,3964,-1,3700,3747,3696,-1,3696,3747,3746,-1,3696,3746,3479,-1,3479,3746,4037,-1,3479,4037,4190,-1,4190,4037,4127,-1,4190,4127,3476,-1,3476,4127,4141,-1,3476,4141,3685,-1,3685,4141,3667,-1,3685,3667,3684,-1,3684,3667,3662,-1,3684,3662,4219,-1,4219,3662,3672,-1,4219,3672,4221,-1,4221,3672,4223,-1,4221,4223,3956,-1,3956,4223,3494,-1,3956,3494,3954,-1,3954,3494,3493,-1,4210,4224,3672,-1,3672,4224,4213,-1,3672,4213,4223,-1,4223,4213,4212,-1,4223,4212,3494,-1,3494,4212,4225,-1,3494,4225,3492,-1,4117,4140,4118,-1,4118,4140,3905,-1,4118,3905,3665,-1,3665,3905,3903,-1,3665,3903,3659,-1,3659,3903,3901,-1,3659,3901,3678,-1,3678,3901,3899,-1,3678,3899,4212,-1,4212,3899,3897,-1,4212,3897,4225,-1,4225,3897,3886,-1,3499,3803,3500,-1,3500,3803,4226,-1,3500,4226,3886,-1,3886,4226,3966,-1,3886,3966,4225,-1,4225,3966,3965,-1,4225,3965,3492,-1,3969,3966,3972,-1,3972,3966,4226,-1,3972,4226,4227,-1,4227,4226,3803,-1,4227,3803,4228,-1,4228,3803,3797,-1,4228,3797,4229,-1,4229,3797,3796,-1,4229,3796,4230,-1,3942,4231,3753,-1,3753,4231,4232,-1,3753,4232,3750,-1,3750,4232,4233,-1,3750,4233,3757,-1,3757,4233,4234,-1,3757,4234,3760,-1,3760,4234,4235,-1,3760,4235,3765,-1,3765,4235,4236,-1,3765,4236,3763,-1,3763,4236,4237,-1,3763,4237,4214,-1,4214,4237,4238,-1,4214,4238,4215,-1,4215,4238,4239,-1,4215,4239,4216,-1,4216,4239,4240,-1,4216,4240,4217,-1,4217,4240,4241,-1,4217,4241,3788,-1,3788,4241,4242,-1,3788,4242,3789,-1,3789,4242,4243,-1,3789,4243,3796,-1,3796,4243,4244,-1,3796,4244,4230,-1,4230,4244,4245,-1,4246,4247,4248,-1,4248,4247,4249,-1,4250,4251,4252,-1,4252,4251,4253,-1,4251,4250,4254,-1,4255,4256,4257,-1,4254,4250,4256,-1,4256,4250,4258,-1,4256,4258,4257,-1,4259,4260,4261,-1,4262,4263,4264,-1,4254,4265,4251,-1,4251,4265,4262,-1,4251,4262,4266,-1,4266,4262,4264,-1,4255,4257,4261,-1,4261,4257,4267,-1,4261,4267,4259,-1,4268,4269,4258,-1,4258,4269,4257,-1,4257,4269,4270,-1,4257,4270,4267,-1,4267,4270,4271,-1,4267,4271,4259,-1,4259,4271,4272,-1,4259,4272,4260,-1,4260,4272,4273,-1,4260,4273,4261,-1,4261,4273,4274,-1,4261,4274,4255,-1,4255,4274,4275,-1,4255,4275,4256,-1,4275,4276,4256,-1,4256,4276,4254,-1,4254,4276,4277,-1,4254,4277,4265,-1,4265,4277,4278,-1,4265,4278,4262,-1,4262,4278,4279,-1,4262,4279,4263,-1,4263,4279,4280,-1,4263,4280,4264,-1,4264,4280,4281,-1,4264,4281,4266,-1,4266,4281,4253,-1,4266,4253,4251,-1,4277,4276,4253,-1,4253,4276,4252,-1,4280,4279,4278,-1,4252,4276,4268,-1,4268,4276,4275,-1,4268,4275,4269,-1,4269,4275,4274,-1,4269,4274,4273,-1,4272,4271,4273,-1,4273,4271,4270,-1,4273,4270,4269,-1,4277,4253,4278,-1,4278,4253,4281,-1,4278,4281,4280,-1,4282,4283,4284,-1,4282,4284,4285,-1,4285,4284,4286,-1,4285,4286,4287,-1,4287,4286,4288,-1,4287,4288,4289,-1,4289,4288,4290,-1,4289,4290,4291,-1,4291,4290,4292,-1,4291,4292,4293,-1,4293,4292,4252,-1,4293,4252,4268,-1,4294,4295,4296,-1,4296,4295,4297,-1,4294,4296,4298,-1,4294,4298,4299,-1,4299,4298,4300,-1,4299,4300,4301,-1,4301,4300,4302,-1,4301,4302,4303,-1,4303,4302,4304,-1,4303,4304,4305,-1,4305,4304,4306,-1,4305,4306,4307,-1,4307,4306,4308,-1,4307,4308,4309,-1,4309,4308,4310,-1,4309,4310,4311,-1,4311,4310,4312,-1,4311,4312,4313,-1,4313,4312,4314,-1,4313,4314,4315,-1,4315,4314,4316,-1,4315,4316,4317,-1,4318,4319,4320,-1,4320,4319,4321,-1,4320,4321,4322,-1,4322,4321,4323,-1,4322,4323,4324,-1,4324,4323,4325,-1,4324,4325,4326,-1,4326,4325,4327,-1,4326,4327,4328,-1,4328,4327,4329,-1,4328,4329,4330,-1,4330,4329,4331,-1,4294,4299,4332,-1,4332,4299,4333,-1,4334,4319,4318,-1,4333,4299,4317,-1,4317,4299,4301,-1,4317,4301,4303,-1,4303,4305,4317,-1,4317,4305,4307,-1,4317,4307,4309,-1,4309,4311,4317,-1,4317,4311,4313,-1,4317,4313,4315,-1,4333,4335,4332,-1,4332,4335,4336,-1,4332,4336,4337,-1,4337,4336,4334,-1,4337,4334,4338,-1,4338,4334,4318,-1,4332,4339,4294,-1,4294,4339,4340,-1,4294,4340,4295,-1,4295,4340,4341,-1,4295,4341,4342,-1,4342,4343,4295,-1,4295,4343,4344,-1,4295,4344,4345,-1,4345,4344,4346,-1,4347,4348,4344,-1,4344,4348,4349,-1,4344,4349,4346,-1,4340,4350,4351,-1,4340,4351,4341,-1,4341,4351,4352,-1,4341,4352,4342,-1,4342,4352,4353,-1,4342,4353,4343,-1,4343,4353,4354,-1,4343,4354,4344,-1,4344,4354,4355,-1,4344,4355,4347,-1,4347,4355,4356,-1,4347,4356,4348,-1,4348,4356,4357,-1,4348,4357,4349,-1,4349,4357,4358,-1,4349,4358,4346,-1,4346,4358,4359,-1,4346,4359,4345,-1,4345,4359,4297,-1,4345,4297,4295,-1,4350,4340,4360,-1,4360,4340,4339,-1,4360,4339,4361,-1,4361,4339,4332,-1,4361,4332,4362,-1,4362,4332,4337,-1,4362,4337,4363,-1,4363,4337,4338,-1,4364,4363,4318,-1,4318,4363,4338,-1,4359,4358,4354,-1,4363,4364,4365,-1,4359,4354,4297,-1,4297,4354,4353,-1,4297,4353,4352,-1,4366,4367,4361,-1,4361,4367,4298,-1,4361,4298,4360,-1,4360,4298,4296,-1,4360,4296,4350,-1,4350,4296,4297,-1,4350,4297,4351,-1,4351,4297,4352,-1,4361,4362,4366,-1,4366,4362,4363,-1,4366,4363,4368,-1,4368,4363,4365,-1,4314,4312,4316,-1,4316,4312,4310,-1,4316,4310,4308,-1,4308,4306,4316,-1,4316,4306,4304,-1,4316,4304,4302,-1,4367,4369,4298,-1,4298,4369,4316,-1,4298,4316,4300,-1,4300,4316,4302,-1,4358,4357,4354,-1,4354,4357,4356,-1,4354,4356,4355,-1,4368,4334,4366,-1,4366,4334,4336,-1,4366,4336,4367,-1,4367,4336,4335,-1,4367,4335,4369,-1,4369,4335,4333,-1,4369,4333,4316,-1,4316,4333,4317,-1,4319,4334,4365,-1,4365,4334,4368,-1,4370,4371,4372,-1,4372,4371,4373,-1,4372,4373,4374,-1,4375,4376,4377,-1,4377,4376,4378,-1,4377,4378,4379,-1,4380,4381,4372,-1,4372,4381,4382,-1,4372,4382,4370,-1,4374,4383,4372,-1,4372,4383,4384,-1,4372,4384,4385,-1,4386,4387,4377,-1,4377,4387,4388,-1,4377,4388,4375,-1,4379,4389,4377,-1,4377,4389,4390,-1,4377,4390,4391,-1,4385,4392,4372,-1,4372,4392,4393,-1,4372,4393,4394,-1,4394,4393,4377,-1,4394,4377,4395,-1,4395,4377,4391,-1,4372,4394,4396,-1,4396,4394,4397,-1,4396,4397,4398,-1,4398,4397,4399,-1,4398,4399,4400,-1,4400,4399,4401,-1,4400,4401,4402,-1,4402,4401,4403,-1,4404,4405,4406,-1,4380,4407,4381,-1,4381,4407,4408,-1,4381,4408,4382,-1,4382,4408,4409,-1,4382,4409,4370,-1,4370,4409,4410,-1,4370,4410,4371,-1,4371,4410,4411,-1,4371,4411,4373,-1,4373,4411,4412,-1,4373,4412,4374,-1,4374,4412,4413,-1,4374,4413,4383,-1,4383,4413,4414,-1,4383,4414,4384,-1,4384,4414,4415,-1,4384,4415,4385,-1,4385,4415,4416,-1,4385,4416,4392,-1,4392,4416,4406,-1,4392,4406,4393,-1,4393,4406,4405,-1,4417,4418,4404,-1,4398,4407,4396,-1,4396,4407,4380,-1,4396,4380,4372,-1,4404,4406,4417,-1,4417,4406,4416,-1,4417,4416,4419,-1,4419,4416,4415,-1,4419,4415,4420,-1,4420,4415,4414,-1,4420,4414,4421,-1,4421,4414,4413,-1,4421,4413,4422,-1,4422,4413,4412,-1,4422,4412,4423,-1,4423,4412,4411,-1,4423,4411,4424,-1,4424,4411,4410,-1,4424,4410,4425,-1,4425,4410,4409,-1,4425,4409,4426,-1,4426,4409,4408,-1,4426,4408,4427,-1,4427,4408,4407,-1,4427,4407,4428,-1,4428,4407,4398,-1,4428,4398,4400,-1,4400,4402,4428,-1,4428,4402,4429,-1,4428,4429,4427,-1,4427,4429,4430,-1,4427,4430,4426,-1,4426,4430,4431,-1,4426,4431,4425,-1,4425,4431,4432,-1,4425,4432,4424,-1,4424,4432,4433,-1,4424,4433,4423,-1,4423,4433,4434,-1,4423,4434,4422,-1,4422,4434,4435,-1,4422,4435,4421,-1,4421,4435,4436,-1,4421,4436,4420,-1,4420,4436,4437,-1,4420,4437,4419,-1,4419,4437,4438,-1,4419,4438,4417,-1,4417,4438,4439,-1,4417,4439,4418,-1,4418,4439,4440,-1,4440,4441,4418,-1,4418,4441,4442,-1,4418,4442,4404,-1,4404,4442,4443,-1,4404,4443,4405,-1,4405,4443,4444,-1,4405,4444,4393,-1,4393,4444,4377,-1,4399,4397,4445,-1,4386,4446,4387,-1,4387,4446,4447,-1,4387,4447,4388,-1,4388,4447,4448,-1,4388,4448,4375,-1,4375,4448,4449,-1,4375,4449,4376,-1,4376,4449,4450,-1,4376,4450,4378,-1,4378,4450,4451,-1,4378,4451,4379,-1,4379,4451,4452,-1,4379,4452,4389,-1,4389,4452,4453,-1,4389,4453,4390,-1,4390,4453,4454,-1,4390,4454,4391,-1,4391,4454,4455,-1,4391,4455,4395,-1,4395,4455,4445,-1,4395,4445,4394,-1,4394,4445,4397,-1,4456,4401,4399,-1,4443,4446,4444,-1,4444,4446,4386,-1,4444,4386,4377,-1,4399,4445,4456,-1,4456,4445,4455,-1,4456,4455,4457,-1,4457,4455,4454,-1,4457,4454,4458,-1,4458,4454,4453,-1,4458,4453,4459,-1,4459,4453,4452,-1,4459,4452,4460,-1,4460,4452,4451,-1,4460,4451,4461,-1,4461,4451,4450,-1,4461,4450,4462,-1,4462,4450,4449,-1,4462,4449,4463,-1,4463,4449,4448,-1,4463,4448,4464,-1,4464,4448,4447,-1,4464,4447,4465,-1,4465,4447,4446,-1,4465,4446,4466,-1,4466,4446,4443,-1,4466,4443,4442,-1,4442,4441,4466,-1,4466,4441,4467,-1,4466,4467,4465,-1,4465,4467,4468,-1,4465,4468,4464,-1,4464,4468,4469,-1,4464,4469,4463,-1,4463,4469,4470,-1,4463,4470,4462,-1,4462,4470,4471,-1,4462,4471,4461,-1,4461,4471,4472,-1,4461,4472,4460,-1,4460,4472,4473,-1,4460,4473,4459,-1,4459,4473,4474,-1,4459,4474,4458,-1,4458,4474,4475,-1,4458,4475,4457,-1,4457,4475,4476,-1,4457,4476,4456,-1,4456,4476,4477,-1,4456,4477,4401,-1,4401,4477,4403,-1,4478,4479,4480,-1,4480,4481,4482,-1,4482,4483,4480,-1,4480,4483,4484,-1,4480,4484,4478,-1,4478,4484,4485,-1,4478,4485,4486,-1,4487,4488,4489,-1,4489,4490,4487,-1,4487,4490,4491,-1,4487,4491,4481,-1,4481,4491,4492,-1,4481,4492,4482,-1,4493,4494,4495,-1,4495,4494,4496,-1,4495,4496,4497,-1,4493,4498,4494,-1,4494,4498,4499,-1,4494,4499,4488,-1,4488,4499,4500,-1,4488,4500,4489,-1,4501,4502,4503,-1,4503,4504,4501,-1,4501,4504,4505,-1,4501,4505,4506,-1,4506,4507,4501,-1,4501,4507,4508,-1,4501,4508,4509,-1,4510,4511,4502,-1,4502,4511,4512,-1,4502,4512,4503,-1,4513,4231,4514,-1,4502,4515,4510,-1,4510,4515,4516,-1,4510,4516,4517,-1,4517,4516,4518,-1,4517,4518,4519,-1,4519,4518,4520,-1,4519,4520,4521,-1,4521,4520,4513,-1,4521,4513,4522,-1,4522,4513,4514,-1,4522,4514,3975,-1,4523,4524,4525,-1,4525,4524,4526,-1,4527,4528,4529,-1,4529,4528,4530,-1,4531,4532,4533,-1,4531,4533,4534,-1,4534,4533,4535,-1,4534,4535,4536,-1,4536,4535,4537,-1,4536,4537,4538,-1,4538,4537,4539,-1,4538,4539,4540,-1,4540,4539,4541,-1,4540,4541,4542,-1,4542,4541,4530,-1,4542,4530,4528,-1,4531,4543,4532,-1,4532,4543,4544,-1,4533,4532,4530,-1,4539,4537,4535,-1,4533,4530,4535,-1,4535,4530,4541,-1,4535,4541,4539,-1,4545,4524,4544,-1,4544,4524,4523,-1,4544,4523,4532,-1,4532,4523,4529,-1,4532,4529,4530,-1,4545,4546,4524,-1,4524,4546,4547,-1,4524,4547,4548,-1,4548,4547,4549,-1,4526,4524,4548,-1,4526,4548,4550,-1,4550,4548,4549,-1,4550,4549,4551,-1,4551,4549,4547,-1,4551,4547,4552,-1,4552,4547,4546,-1,4552,4546,4553,-1,4553,4546,4545,-1,4553,4545,4554,-1,4554,4545,4544,-1,4554,4544,4543,-1,4528,4527,4531,-1,4531,4527,4543,-1,4527,4525,4543,-1,4543,4525,4526,-1,4543,4526,4554,-1,4554,4526,4553,-1,4553,4526,4552,-1,4552,4526,4550,-1,4552,4550,4551,-1,4536,4538,4540,-1,4531,4534,4528,-1,4528,4534,4536,-1,4528,4536,4542,-1,4542,4536,4540,-1,4525,4527,4555,-1,4555,4527,4556,-1,4555,4556,4557,-1,4557,4556,4558,-1,4557,4558,4559,-1,4559,4558,4560,-1,4559,4560,4561,-1,4561,4560,4562,-1,4561,4562,4563,-1,4563,4562,4564,-1,4563,4564,4565,-1,4565,4564,4566,-1,4567,4568,4569,-1,4569,4568,4570,-1,4569,4570,4571,-1,4571,4570,4572,-1,4571,4572,4573,-1,4573,4572,4574,-1,4575,4568,4576,-1,4576,4568,4567,-1,4577,4578,4579,-1,4579,4578,4580,-1,4581,4582,4583,-1,4583,4582,4584,-1,4583,4584,4585,-1,4585,4584,4586,-1,4585,4586,4587,-1,4587,4586,4588,-1,4587,4588,4578,-1,4578,4588,4580,-1,4582,4581,4589,-1,4582,4589,4590,-1,4590,4589,4591,-1,4590,4591,4592,-1,4592,4591,4593,-1,4592,4593,4594,-1,4594,4593,4595,-1,4594,4595,4596,-1,4596,4595,4597,-1,4596,4597,4598,-1,4598,4597,4599,-1,4598,4599,4600,-1,4600,4599,4601,-1,4600,4601,4602,-1,4602,4601,4603,-1,4602,4603,4604,-1,4604,4603,4605,-1,4604,4605,4606,-1,4606,4605,4607,-1,4606,4607,4608,-1,4609,4608,4610,-1,4610,4608,4607,-1,4609,4610,4611,-1,4609,4611,4612,-1,4612,4611,4613,-1,4612,4613,4614,-1,4614,4613,4615,-1,4614,4615,4616,-1,4616,4615,4617,-1,4616,4617,4618,-1,4618,4617,4619,-1,4618,4619,4620,-1,4620,4619,4621,-1,4620,4621,4622,-1,4622,4621,4623,-1,4622,4623,4624,-1,4624,4623,4625,-1,4624,4625,4626,-1,4626,4625,4627,-1,4626,4627,4628,-1,4628,4627,4629,-1,4628,4629,4630,-1,4607,4605,4631,-1,4589,4581,4605,-1,4605,4581,4583,-1,4605,4583,4631,-1,4578,4577,4632,-1,4601,4599,4597,-1,4595,4593,4605,-1,4605,4593,4591,-1,4605,4591,4589,-1,4583,4585,4631,-1,4631,4585,4587,-1,4631,4587,4633,-1,4633,4587,4578,-1,4633,4578,4634,-1,4634,4578,4632,-1,4631,4635,4607,-1,4607,4635,4629,-1,4607,4629,4610,-1,4610,4629,4627,-1,4610,4627,4625,-1,4625,4623,4610,-1,4610,4623,4621,-1,4610,4621,4611,-1,4611,4621,4613,-1,4619,4617,4621,-1,4621,4617,4615,-1,4621,4615,4613,-1,4595,4605,4597,-1,4597,4605,4603,-1,4597,4603,4601,-1,4634,4636,4633,-1,4633,4636,4637,-1,4633,4637,4631,-1,4631,4637,4638,-1,4631,4638,4635,-1,4635,4638,4639,-1,4635,4639,4629,-1,4629,4639,4630,-1,4640,4636,4632,-1,4632,4636,4634,-1,4586,4584,4606,-1,4606,4584,4582,-1,4612,4614,4622,-1,4636,4640,4579,-1,4612,4622,4609,-1,4609,4622,4624,-1,4609,4624,4626,-1,4588,4586,4638,-1,4638,4586,4606,-1,4638,4606,4639,-1,4639,4606,4608,-1,4639,4608,4630,-1,4630,4608,4609,-1,4630,4609,4628,-1,4628,4609,4626,-1,4638,4637,4588,-1,4588,4637,4636,-1,4588,4636,4580,-1,4580,4636,4579,-1,4582,4590,4606,-1,4606,4590,4592,-1,4606,4592,4594,-1,4614,4616,4622,-1,4622,4616,4618,-1,4622,4618,4620,-1,4598,4600,4602,-1,4594,4596,4606,-1,4606,4596,4598,-1,4606,4598,4604,-1,4604,4598,4602,-1,4579,4640,4641,-1,4641,4640,4642,-1,4641,4642,4643,-1,4643,4642,4644,-1,4643,4644,4645,-1,4645,4644,4646,-1,4645,4646,4647,-1,4647,4646,4648,-1,4647,4648,4649,-1,4649,4648,4650,-1,4649,4650,4651,-1,4651,4650,4652,-1,4653,4577,4654,-1,4643,4645,4654,-1,4654,4655,4656,-1,4645,4647,4654,-1,4654,4647,4649,-1,4654,4649,4651,-1,4643,4654,4641,-1,4641,4654,4577,-1,4641,4577,4579,-1,4656,4657,4654,-1,4654,4657,4658,-1,4654,4658,4653,-1,4655,4654,4659,-1,4659,4654,4660,-1,4659,4660,4661,-1,4661,4660,4662,-1,4661,4662,4663,-1,4664,4665,4662,-1,4662,4665,4666,-1,4662,4666,4663,-1,4667,4668,4669,-1,4669,4670,4667,-1,4667,4670,4671,-1,4667,4671,4664,-1,4664,4671,4672,-1,4664,4672,4665,-1,4668,4667,4673,-1,4673,4667,4674,-1,4673,4674,4675,-1,4675,4674,4676,-1,4676,4674,4677,-1,4676,4677,4678,-1,4678,4677,4575,-1,4678,4575,4576,-1,4679,4680,4681,-1,4681,4680,4670,-1,4681,4670,4669,-1,4669,4668,4681,-1,4681,4668,4673,-1,4681,4673,4675,-1,4675,4676,4681,-1,4681,4676,4678,-1,4681,4678,4576,-1,4666,4665,4680,-1,4665,4672,4680,-1,4680,4672,4671,-1,4680,4671,4670,-1,4656,4655,4682,-1,4655,4659,4682,-1,4682,4659,4661,-1,4682,4661,4680,-1,4680,4661,4663,-1,4680,4663,4666,-1,4682,4683,4656,-1,4656,4683,4684,-1,4656,4684,4657,-1,4657,4684,4685,-1,4657,4685,4658,-1,4658,4685,4686,-1,4658,4686,4653,-1,4653,4686,4632,-1,4653,4632,4577,-1,4644,4684,4646,-1,4646,4684,4683,-1,4646,4683,4648,-1,4648,4683,4682,-1,4648,4682,4650,-1,4650,4682,4680,-1,4650,4680,4652,-1,4652,4680,4679,-1,4640,4632,4642,-1,4642,4632,4686,-1,4642,4686,4644,-1,4644,4686,4685,-1,4644,4685,4684,-1,4679,4687,4652,-1,4652,4687,4688,-1,4688,4687,4689,-1,4688,4689,4690,-1,4690,4689,4691,-1,4690,4691,4692,-1,4692,4691,4693,-1,4692,4693,4694,-1,4694,4693,4695,-1,4694,4695,4696,-1,4696,4695,4697,-1,4696,4697,4698,-1,4698,4697,4699,-1,4698,4699,4700,-1,4699,4701,4700,-1,4700,4701,4702,-1,4702,4701,4703,-1,4702,4703,4704,-1,4704,4703,4705,-1,4704,4705,4706,-1,4706,4705,4707,-1,4706,4707,4708,-1,4708,4707,4709,-1,4708,4709,4710,-1,4711,4710,4712,-1,4712,4710,4709,-1,4713,4714,4715,-1,4715,4714,4716,-1,4715,4716,4717,-1,4717,4716,4718,-1,4717,4718,4719,-1,4719,4718,4720,-1,4719,4720,4712,-1,4712,4720,4711,-1,4721,4714,4722,-1,4722,4714,4713,-1,4721,4722,4723,-1,4721,4723,4724,-1,4724,4723,4725,-1,4724,4725,4726,-1,4726,4725,4727,-1,4726,4727,4728,-1,4728,4727,4729,-1,4728,4729,4730,-1,4730,4729,4731,-1,4730,4731,4732,-1,4732,4731,4733,-1,4732,4733,4734,-1,4735,4565,4736,-1,4736,4565,4737,-1,4736,4737,4738,-1,4738,4737,4739,-1,4738,4739,4740,-1,4740,4739,4741,-1,4740,4741,4742,-1,4742,4741,4743,-1,4742,4743,4744,-1,4744,4743,4745,-1,4744,4745,4746,-1,4746,4745,4747,-1,4746,4747,4748,-1,4748,4747,4749,-1,4748,4749,4750,-1,4750,4749,4751,-1,4750,4751,4752,-1,4752,4751,4753,-1,4752,4753,4754,-1,4754,4753,4755,-1,4754,4755,4756,-1,4756,4755,4757,-1,4756,4757,4733,-1,4733,4757,4734,-1,4565,4735,4563,-1,4563,4735,4758,-1,4563,4758,4561,-1,4561,4758,4759,-1,4561,4759,4559,-1,4559,4759,4760,-1,4559,4760,4557,-1,4557,4760,4761,-1,4557,4761,4555,-1,4555,4761,4762,-1,4555,4762,4525,-1,4525,4762,4523,-1,4735,4763,4764,-1,4735,4764,4758,-1,4758,4764,4765,-1,4758,4765,4759,-1,4759,4765,4766,-1,4759,4766,4760,-1,4760,4766,4767,-1,4760,4767,4761,-1,4761,4767,4768,-1,4761,4768,4762,-1,4762,4768,4529,-1,4762,4529,4523,-1,4527,4529,4556,-1,4556,4529,4768,-1,4556,4768,4558,-1,4558,4768,4767,-1,4558,4767,4560,-1,4560,4767,4766,-1,4560,4766,4562,-1,4562,4766,4765,-1,4562,4765,4564,-1,4564,4765,4764,-1,4564,4764,4566,-1,4566,4764,4763,-1,4769,4770,4771,-1,4771,4770,4772,-1,4771,4772,4773,-1,4773,4772,4774,-1,4773,4774,4775,-1,4775,4774,4776,-1,4775,4776,4777,-1,4777,4776,4778,-1,4777,4778,4779,-1,4779,4778,4780,-1,4779,4780,4781,-1,4781,4780,4782,-1,4781,4782,4783,-1,4783,4782,4784,-1,4783,4784,4785,-1,4785,4784,4786,-1,4785,4786,4787,-1,4787,4786,4788,-1,4787,4788,4789,-1,4789,4788,4790,-1,4789,4790,4791,-1,4791,4790,4792,-1,4791,4792,4763,-1,4763,4792,4566,-1,4769,4793,4770,-1,4770,4793,4794,-1,4794,4793,4795,-1,4794,4795,4796,-1,4796,4795,4797,-1,4796,4797,4798,-1,4798,4797,4799,-1,4798,4799,4800,-1,4800,4799,4801,-1,4800,4801,4802,-1,4802,4801,4803,-1,4802,4803,4804,-1,4804,4803,4805,-1,4804,4805,4806,-1,4806,4805,4807,-1,4806,4807,4808,-1,4809,4808,4810,-1,4810,4808,4807,-1,4811,4809,4812,-1,4812,4809,4810,-1,4813,4814,4815,-1,4815,4814,4816,-1,4815,4816,4817,-1,4817,4816,4818,-1,4817,4818,4819,-1,4819,4818,4820,-1,4819,4820,4821,-1,4821,4820,4822,-1,4821,4822,4823,-1,4823,4822,4824,-1,4823,4824,4825,-1,4825,4824,4826,-1,4825,4826,4827,-1,4827,4826,4828,-1,4827,4828,4829,-1,4829,4828,4830,-1,4829,4830,4831,-1,4831,4830,4832,-1,4831,4832,4833,-1,4833,4832,4834,-1,4833,4834,4835,-1,4835,4834,4836,-1,4835,4836,4837,-1,4837,4836,4838,-1,4839,3973,4840,-1,4841,4842,4843,-1,4843,4842,4844,-1,4843,4844,4845,-1,4845,4844,4846,-1,4845,4846,4847,-1,4847,4846,4839,-1,4847,4839,4848,-1,4848,4839,4840,-1,4848,4840,4245,-1,4849,4850,4841,-1,4841,4850,4851,-1,4841,4851,4842,-1,4852,4853,4854,-1,4854,4853,4855,-1,4854,4855,4856,-1,4856,4857,4854,-1,4854,4857,4858,-1,4854,4858,4859,-1,4859,4860,4854,-1,4854,4860,4861,-1,4854,4861,4862,-1,4862,4861,4863,-1,4862,4863,4841,-1,4841,4863,4864,-1,4841,4864,4849,-1,4865,4866,4867,-1,4868,4869,4870,-1,4870,4869,4871,-1,4870,4871,4872,-1,4873,4874,4875,-1,4875,4874,4876,-1,4876,4877,4875,-1,4875,4877,4878,-1,4875,4878,4870,-1,4870,4878,4879,-1,4870,4879,4868,-1,4867,4866,4880,-1,4866,4881,4880,-1,4880,4881,4882,-1,4880,4882,4873,-1,4873,4882,4883,-1,4873,4883,4874,-1,4884,4885,4886,-1,4865,4867,4887,-1,4887,4867,4884,-1,4887,4884,4888,-1,4888,4884,4886,-1,4888,4886,4889,-1,4870,4872,4814,-1,4814,4872,4816,-1,4702,4704,4651,-1,4651,4704,4706,-1,4651,4706,4708,-1,4708,4570,4568,-1,4651,4667,4664,-1,4696,4698,4694,-1,4694,4698,4700,-1,4694,4700,4692,-1,4734,4757,4872,-1,4792,4790,4872,-1,4872,4790,4788,-1,4872,4788,4786,-1,4568,4575,4708,-1,4708,4575,4677,-1,4708,4677,4651,-1,4651,4677,4674,-1,4651,4674,4667,-1,4651,4652,4702,-1,4702,4652,4688,-1,4702,4688,4700,-1,4700,4688,4690,-1,4700,4690,4692,-1,4870,4814,4811,-1,4811,4814,4838,-1,4811,4838,4809,-1,4776,4774,4822,-1,4664,4662,4651,-1,4651,4662,4660,-1,4651,4660,4654,-1,4786,4784,4872,-1,4872,4784,4782,-1,4872,4782,4816,-1,4816,4782,4780,-1,4816,4780,4818,-1,4818,4780,4820,-1,4820,4780,4822,-1,4822,4780,4778,-1,4822,4778,4776,-1,4732,4734,4721,-1,4838,4836,4809,-1,4809,4836,4834,-1,4809,4834,4808,-1,4808,4834,4832,-1,4808,4832,4830,-1,4708,4710,4570,-1,4570,4710,4711,-1,4570,4711,4572,-1,4572,4711,4720,-1,4572,4720,4574,-1,4574,4720,4718,-1,4574,4718,4890,-1,4890,4718,4716,-1,4890,4716,4891,-1,4891,4716,4714,-1,4891,4714,4892,-1,4892,4714,4893,-1,4757,4755,4872,-1,4872,4755,4753,-1,4872,4753,4751,-1,4743,4741,4792,-1,4565,4566,4737,-1,4737,4566,4792,-1,4737,4792,4739,-1,4739,4792,4741,-1,4830,4794,4796,-1,4751,4749,4872,-1,4872,4749,4747,-1,4872,4747,4792,-1,4792,4747,4745,-1,4792,4745,4743,-1,4794,4830,4770,-1,4770,4830,4828,-1,4770,4828,4772,-1,4772,4828,4826,-1,4772,4826,4774,-1,4774,4826,4824,-1,4774,4824,4822,-1,4796,4798,4830,-1,4830,4798,4800,-1,4830,4800,4802,-1,4721,4734,4714,-1,4714,4734,4872,-1,4714,4872,4893,-1,4721,4724,4732,-1,4732,4724,4726,-1,4732,4726,4730,-1,4730,4726,4728,-1,4802,4804,4830,-1,4830,4804,4806,-1,4830,4806,4808,-1,4574,4890,4573,-1,4573,4890,4894,-1,4687,4679,4681,-1,4712,4709,4569,-1,4569,4709,4707,-1,4787,4789,4852,-1,4852,4789,4791,-1,4695,4693,4681,-1,4779,4815,4817,-1,4817,4819,4779,-1,4779,4819,4821,-1,4779,4821,4777,-1,4777,4821,4775,-1,4833,4835,4810,-1,4810,4835,4837,-1,4781,4783,4852,-1,4852,4783,4785,-1,4852,4785,4787,-1,4707,4705,4569,-1,4569,4705,4703,-1,4569,4703,4567,-1,4567,4703,4701,-1,4567,4701,4576,-1,4576,4701,4699,-1,4576,4699,4681,-1,4681,4699,4697,-1,4681,4697,4695,-1,4693,4691,4681,-1,4681,4691,4689,-1,4681,4689,4687,-1,4779,4781,4815,-1,4815,4781,4852,-1,4815,4852,4813,-1,4813,4852,4854,-1,4813,4854,4837,-1,4837,4854,4812,-1,4837,4812,4810,-1,4791,4763,4735,-1,4852,4756,4733,-1,4775,4821,4773,-1,4773,4821,4823,-1,4773,4823,4825,-1,4735,4736,4791,-1,4791,4736,4738,-1,4791,4738,4740,-1,4791,4746,4852,-1,4852,4746,4748,-1,4852,4748,4750,-1,4712,4569,4719,-1,4719,4569,4571,-1,4719,4571,4717,-1,4717,4571,4573,-1,4717,4573,4715,-1,4715,4573,4894,-1,4715,4894,4713,-1,4713,4894,4895,-1,4713,4895,4896,-1,4829,4793,4827,-1,4827,4793,4769,-1,4827,4769,4825,-1,4825,4769,4771,-1,4825,4771,4773,-1,4801,4799,4829,-1,4740,4742,4791,-1,4791,4742,4744,-1,4791,4744,4746,-1,4750,4752,4852,-1,4852,4752,4754,-1,4852,4754,4756,-1,4801,4829,4803,-1,4799,4797,4829,-1,4829,4797,4795,-1,4829,4795,4793,-1,4729,4727,4725,-1,4729,4725,4731,-1,4731,4725,4723,-1,4731,4723,4722,-1,4896,4897,4713,-1,4713,4897,4852,-1,4713,4852,4722,-1,4722,4852,4733,-1,4722,4733,4731,-1,4833,4810,4831,-1,4831,4810,4807,-1,4831,4807,4829,-1,4829,4807,4805,-1,4829,4805,4803,-1,4893,4897,4896,-1,4893,4896,4892,-1,4892,4896,4895,-1,4892,4895,4891,-1,4891,4895,4894,-1,4891,4894,4890,-1,4852,4897,4872,-1,4872,4897,4893,-1,4852,4872,4853,-1,4853,4872,4871,-1,4853,4871,4855,-1,4855,4871,4869,-1,4855,4869,4856,-1,4856,4869,4868,-1,4856,4868,4857,-1,4857,4868,4879,-1,4857,4879,4858,-1,4858,4879,4878,-1,4858,4878,4859,-1,4859,4878,4877,-1,4859,4877,4860,-1,4860,4877,4876,-1,4860,4876,4861,-1,4861,4876,4874,-1,4861,4874,4863,-1,4863,4874,4883,-1,4863,4883,4864,-1,4883,4882,4864,-1,4864,4882,4881,-1,4864,4881,4849,-1,4849,4881,4850,-1,4850,4881,4866,-1,4850,4866,4865,-1,4865,4887,4850,-1,4850,4887,4888,-1,4850,4888,4889,-1,3973,4839,4889,-1,4889,4839,4846,-1,4889,4846,4844,-1,4844,4842,4889,-1,4889,4842,4851,-1,4889,4851,4850,-1,3969,3973,4898,-1,4898,3973,4889,-1,4898,4899,3969,-1,3969,4899,3970,-1,3970,4899,3971,-1,3971,4899,4900,-1,3971,4900,3968,-1,3968,4900,4901,-1,3968,4901,3967,-1,3967,4901,4902,-1,3967,4902,3492,-1,3492,4902,4903,-1,3492,4903,3954,-1,3954,4903,4904,-1,3954,4904,3957,-1,3957,4904,4905,-1,4905,4906,3957,-1,3957,4906,3964,-1,3974,3980,4907,-1,4907,3980,4908,-1,3983,4909,3489,-1,3489,4909,4910,-1,3489,4910,3981,-1,3981,4910,4911,-1,3981,4911,3977,-1,3977,4911,4912,-1,3977,4912,3978,-1,3978,4912,4913,-1,3978,4913,3979,-1,3979,4913,4914,-1,3979,4914,3980,-1,3980,4914,4908,-1,3983,3982,4909,-1,4909,3982,4915,-1,4915,3982,3990,-1,4915,3990,4916,-1,4916,3990,3989,-1,4916,3989,4917,-1,4917,3989,3986,-1,4917,3986,4918,-1,4918,3986,3987,-1,4918,3987,4919,-1,4919,3987,3988,-1,4919,3988,4920,-1,4920,3988,3984,-1,4920,3984,4921,-1,3963,4922,4222,-1,4222,4922,4923,-1,4222,4923,3984,-1,3984,4923,4921,-1,4922,3963,3962,-1,4922,3962,4924,-1,4924,3962,3958,-1,4924,3958,4925,-1,4925,3958,3960,-1,4925,3960,4926,-1,4926,3960,3961,-1,4926,3961,4927,-1,4927,3961,3959,-1,4927,3959,4928,-1,4928,3959,3964,-1,4928,3964,4906,-1,4929,4930,4931,-1,4931,4930,4932,-1,4931,4932,4933,-1,4931,4934,4929,-1,4929,4934,4935,-1,4929,4935,4936,-1,4937,4938,4939,-1,4939,4938,4940,-1,4940,4941,4939,-1,4939,4941,4942,-1,4939,4942,4943,-1,4933,4944,4931,-1,4931,4944,4939,-1,4931,4939,4945,-1,4945,4939,4943,-1,4936,4946,4929,-1,4929,4946,4947,-1,4929,4947,4948,-1,4948,4949,4929,-1,4929,4949,4950,-1,4929,4950,4951,-1,4951,4952,4929,-1,4929,4952,4953,-1,4929,4953,4954,-1,4930,4929,4955,-1,4955,4929,4956,-1,4955,4956,4957,-1,4957,4956,4958,-1,4957,4958,4959,-1,4959,4958,4960,-1,4959,4960,4961,-1,4961,4960,4962,-1,4961,4962,4963,-1,4963,4962,4964,-1,4963,4964,3495,-1,3495,4964,3884,-1,3926,4965,3918,-1,3918,4965,4966,-1,3918,4966,3919,-1,3919,4966,4967,-1,3919,4967,3920,-1,3920,4967,4968,-1,3920,4968,3921,-1,3921,4968,4969,-1,3921,4969,3922,-1,3922,4969,4970,-1,3922,4970,3923,-1,3923,4970,4971,-1,3923,4971,3914,-1,3914,4971,4972,-1,3914,4972,3915,-1,3915,4972,4973,-1,3915,4973,3917,-1,3917,4973,4974,-1,3917,4974,3924,-1,3924,4974,4975,-1,3924,4975,3925,-1,3925,4975,4976,-1,3925,4976,3495,-1,3495,4976,4963,-1,4965,4977,4966,-1,4966,4977,4978,-1,4966,4978,4967,-1,4967,4978,4979,-1,4967,4979,4968,-1,4968,4979,4980,-1,4968,4980,4969,-1,4969,4980,4981,-1,4969,4981,4970,-1,4970,4981,4982,-1,4970,4982,4971,-1,4971,4982,4983,-1,4971,4983,4972,-1,4972,4983,4984,-1,4972,4984,4973,-1,4973,4984,4985,-1,4973,4985,4974,-1,4974,4985,4986,-1,4974,4986,4975,-1,4975,4986,4987,-1,4975,4987,4976,-1,4976,4987,4988,-1,4976,4988,4963,-1,4963,4988,4961,-1,4977,4989,4978,-1,4978,4989,4990,-1,4978,4990,4979,-1,4979,4990,4991,-1,4979,4991,4980,-1,4980,4991,4992,-1,4980,4992,4981,-1,4981,4992,4993,-1,4981,4993,4982,-1,4982,4993,4994,-1,4982,4994,4983,-1,4983,4994,4995,-1,4983,4995,4984,-1,4984,4995,4996,-1,4984,4996,4985,-1,4985,4996,4997,-1,4985,4997,4986,-1,4986,4997,4998,-1,4986,4998,4987,-1,4987,4998,4999,-1,4987,4999,4988,-1,4988,4999,5000,-1,4988,5000,4961,-1,4961,5000,4959,-1,4989,5001,4990,-1,4990,5001,5002,-1,4990,5002,4991,-1,4991,5002,5003,-1,4991,5003,4992,-1,4992,5003,5004,-1,4992,5004,4993,-1,4993,5004,5005,-1,4993,5005,4994,-1,4994,5005,5006,-1,4994,5006,4995,-1,4995,5006,5007,-1,4995,5007,4996,-1,4996,5007,5008,-1,4996,5008,4997,-1,4997,5008,5009,-1,4997,5009,4998,-1,4998,5009,5010,-1,4998,5010,4999,-1,4999,5010,5011,-1,4999,5011,5000,-1,5000,5011,5012,-1,5000,5012,4959,-1,4959,5012,4957,-1,5001,5013,5002,-1,5002,5013,5014,-1,5002,5014,5003,-1,5003,5014,5015,-1,5003,5015,5004,-1,5004,5015,5016,-1,5004,5016,5005,-1,5005,5016,5017,-1,5005,5017,5006,-1,5006,5017,5018,-1,5006,5018,5007,-1,5007,5018,5019,-1,5007,5019,5008,-1,5008,5019,5020,-1,5008,5020,5009,-1,5009,5020,5021,-1,5009,5021,5010,-1,5010,5021,5022,-1,5010,5022,5011,-1,5011,5022,5023,-1,5011,5023,5012,-1,5012,5023,5024,-1,5012,5024,4957,-1,4957,5024,4955,-1,5013,4931,5014,-1,5014,4931,4945,-1,5014,4945,5015,-1,5015,4945,4943,-1,5015,4943,5016,-1,5016,4943,4942,-1,5016,4942,5017,-1,5017,4942,4941,-1,5017,4941,5018,-1,5018,4941,4940,-1,5018,4940,5019,-1,5019,4940,4938,-1,5019,4938,5020,-1,5020,4938,4937,-1,5020,4937,5021,-1,5021,4937,4939,-1,5021,4939,5022,-1,5022,4939,4944,-1,5022,4944,5023,-1,5023,4944,4933,-1,5023,4933,5024,-1,5024,4933,4932,-1,5024,4932,4955,-1,4955,4932,4930,-1,4934,4931,5025,-1,5025,4931,5013,-1,5025,5013,5026,-1,5026,5013,5001,-1,5026,5001,5027,-1,5027,5001,4989,-1,5027,4989,5028,-1,5028,4989,4977,-1,5028,4977,5029,-1,5029,4977,4965,-1,5029,4965,3928,-1,3928,4965,3926,-1,3884,4964,3885,-1,3885,4964,5030,-1,3885,5030,3890,-1,3890,5030,5031,-1,3890,5031,3891,-1,3891,5031,5032,-1,3891,5032,3892,-1,3892,5032,5033,-1,3892,5033,3893,-1,3893,5033,5034,-1,3893,5034,3894,-1,3894,5034,5035,-1,3894,5035,3895,-1,3895,5035,5036,-1,3895,5036,3889,-1,3889,5036,5037,-1,3889,5037,3888,-1,3888,5037,5038,-1,3888,5038,3887,-1,3887,5038,5039,-1,3887,5039,3927,-1,3927,5039,5040,-1,3927,5040,3928,-1,3928,5040,5029,-1,4964,4962,5030,-1,5030,4962,5041,-1,5030,5041,5031,-1,5031,5041,5042,-1,5031,5042,5032,-1,5032,5042,5043,-1,5032,5043,5033,-1,5033,5043,5044,-1,5033,5044,5034,-1,5034,5044,5045,-1,5034,5045,5035,-1,5035,5045,5046,-1,5035,5046,5036,-1,5036,5046,5047,-1,5036,5047,5037,-1,5037,5047,5048,-1,5037,5048,5038,-1,5038,5048,5049,-1,5038,5049,5039,-1,5039,5049,5050,-1,5039,5050,5040,-1,5040,5050,5051,-1,5040,5051,5029,-1,5029,5051,5028,-1,4962,4960,5041,-1,5041,4960,5052,-1,5041,5052,5042,-1,5042,5052,5053,-1,5042,5053,5043,-1,5043,5053,5054,-1,5043,5054,5044,-1,5044,5054,5055,-1,5044,5055,5045,-1,5045,5055,5056,-1,5045,5056,5046,-1,5046,5056,5057,-1,5046,5057,5047,-1,5047,5057,5058,-1,5047,5058,5048,-1,5048,5058,5059,-1,5048,5059,5049,-1,5049,5059,5060,-1,5049,5060,5050,-1,5050,5060,5061,-1,5050,5061,5051,-1,5051,5061,5062,-1,5051,5062,5028,-1,5028,5062,5027,-1,4960,4958,5052,-1,5052,4958,5063,-1,5052,5063,5053,-1,5053,5063,5064,-1,5053,5064,5054,-1,5054,5064,5065,-1,5054,5065,5055,-1,5055,5065,5066,-1,5055,5066,5056,-1,5056,5066,5067,-1,5056,5067,5057,-1,5057,5067,5068,-1,5057,5068,5058,-1,5058,5068,5069,-1,5058,5069,5059,-1,5059,5069,5070,-1,5059,5070,5060,-1,5060,5070,5071,-1,5060,5071,5061,-1,5061,5071,5072,-1,5061,5072,5062,-1,5062,5072,5073,-1,5062,5073,5027,-1,5027,5073,5026,-1,4958,4956,5063,-1,5063,4956,5074,-1,5063,5074,5064,-1,5064,5074,5075,-1,5064,5075,5065,-1,5065,5075,5076,-1,5065,5076,5066,-1,5066,5076,5077,-1,5066,5077,5067,-1,5067,5077,5078,-1,5067,5078,5068,-1,5068,5078,5079,-1,5068,5079,5069,-1,5069,5079,5080,-1,5069,5080,5070,-1,5070,5080,5081,-1,5070,5081,5071,-1,5071,5081,5082,-1,5071,5082,5072,-1,5072,5082,5083,-1,5072,5083,5073,-1,5073,5083,5084,-1,5073,5084,5026,-1,5026,5084,5025,-1,4956,4929,5074,-1,5074,4929,4954,-1,5074,4954,5075,-1,5075,4954,4953,-1,5075,4953,5076,-1,5076,4953,4952,-1,5076,4952,5077,-1,5077,4952,4951,-1,5077,4951,5078,-1,5078,4951,4950,-1,5078,4950,5079,-1,5079,4950,4949,-1,5079,4949,5080,-1,5080,4949,4948,-1,5080,4948,5081,-1,5081,4948,4947,-1,5081,4947,5082,-1,5082,4947,4946,-1,5082,4946,5083,-1,5083,4946,4936,-1,5083,4936,5084,-1,5084,4936,4935,-1,5084,4935,5025,-1,5025,4935,4934,-1,5085,3834,5086,-1,5086,3834,3833,-1,5086,3833,5087,-1,5087,3833,3832,-1,5087,3832,5088,-1,5088,3832,3831,-1,5088,3831,5089,-1,5089,3831,3826,-1,5089,3826,5090,-1,5090,3826,3825,-1,5090,3825,5091,-1,5091,3825,3863,-1,5091,3863,5092,-1,5092,3863,3862,-1,5092,3862,5093,-1,5093,3862,3861,-1,5093,3861,5094,-1,5094,3861,3858,-1,5094,3858,5095,-1,5095,3858,3830,-1,5095,3830,5096,-1,5096,3830,3866,-1,5096,3866,5097,-1,5097,3866,3867,-1,5097,3867,5098,-1,5098,3867,3818,-1,5098,3818,5099,-1,5099,3818,3821,-1,5099,3821,5100,-1,5100,3821,3503,-1,5100,3503,5101,-1,5101,3503,3815,-1,5101,3815,5102,-1,5102,3815,3814,-1,5102,3814,5103,-1,5103,3814,3813,-1,5103,3813,5104,-1,5104,3813,3807,-1,5104,3807,5105,-1,5105,3807,3806,-1,5105,3806,5106,-1,5106,3806,3805,-1,5106,3805,5107,-1,5107,3805,3804,-1,5107,3804,5108,-1,5108,3804,3802,-1,5108,3802,5109,-1,5109,3802,3499,-1,5109,3499,5110,-1,5110,3499,3498,-1,5110,3498,5111,-1,5111,3498,3824,-1,5111,3824,5112,-1,5112,3824,3857,-1,5112,3857,5085,-1,5085,3857,3834,-1,5113,3798,5114,-1,5114,3798,3809,-1,5114,3809,5115,-1,5115,3809,3808,-1,5115,3808,5116,-1,5116,3808,3502,-1,5116,3502,5117,-1,5117,3502,3501,-1,5117,3501,5118,-1,5118,3501,3823,-1,5118,3823,5119,-1,5119,3823,3822,-1,5119,3822,5120,-1,5120,3822,3820,-1,5120,3820,5121,-1,5121,3820,3819,-1,5121,3819,5122,-1,5122,3819,3817,-1,5122,3817,5123,-1,5123,3817,3816,-1,5123,3816,5124,-1,5124,3816,3811,-1,5124,3811,5125,-1,5125,3811,3810,-1,5125,3810,5126,-1,5126,3810,3505,-1,5127,3511,5128,-1,5128,3511,3874,-1,5128,3874,5129,-1,5129,3874,3774,-1,5129,3774,5130,-1,5130,3774,3773,-1,5130,3773,5131,-1,5131,3773,3778,-1,5131,3778,5132,-1,5132,3778,3776,-1,5132,3776,5133,-1,5133,3776,3507,-1,5133,3507,5134,-1,5134,3507,3785,-1,5134,3785,5135,-1,5135,3785,3784,-1,5135,3784,5136,-1,5136,3784,3783,-1,5136,3783,5137,-1,5137,3783,3782,-1,5137,3782,5138,-1,5138,3782,3780,-1,5138,3780,5139,-1,5139,3780,3779,-1,5139,3779,5140,-1,5140,3779,3754,-1,5140,3754,5141,-1,5141,3754,3752,-1,5141,3752,5142,-1,5142,3752,3751,-1,5142,3751,5143,-1,5143,3751,3756,-1,5143,3756,5144,-1,5144,3756,3749,-1,5144,3749,5145,-1,5145,3749,3748,-1,5145,3748,5146,-1,5146,3748,3758,-1,5146,3758,5147,-1,5147,3758,3761,-1,5147,3761,5148,-1,5148,3761,3768,-1,5148,3768,5149,-1,5149,3768,3767,-1,5149,3767,5150,-1,5150,3767,3766,-1,5150,3766,5127,-1,5127,3766,3511,-1,5151,3948,5152,-1,5152,3948,3873,-1,5152,3873,5153,-1,5153,3873,3872,-1,5153,3872,5154,-1,5154,3872,3871,-1,5154,3871,5155,-1,5155,3871,3870,-1,5155,3870,5156,-1,5156,3870,3869,-1,5156,3869,5157,-1,5157,3869,3868,-1,5157,3868,5158,-1,5158,3868,3865,-1,5158,3865,5159,-1,5159,3865,3864,-1,5159,3864,5160,-1,5160,3864,3829,-1,5160,3829,5161,-1,5161,3829,3828,-1,5161,3828,5162,-1,5162,3828,3860,-1,5162,3860,5163,-1,5163,3860,3945,-1,5163,3945,5164,-1,5164,3945,3944,-1,5164,3944,5165,-1,5165,3944,3943,-1,5165,3943,5166,-1,5166,3943,3941,-1,5166,3941,5167,-1,5167,3941,3940,-1,5167,3940,5168,-1,5168,3940,3953,-1,5168,3953,5169,-1,5169,3953,3952,-1,5169,3952,5170,-1,5170,3952,3951,-1,5170,3951,5171,-1,5171,3951,3947,-1,5171,3947,5172,-1,5172,3947,3946,-1,5172,3946,5173,-1,5173,3946,3950,-1,5173,3950,5174,-1,5174,3950,3949,-1,5174,3949,5151,-1,5151,3949,3948,-1,5126,3505,5175,-1,5175,3505,3504,-1,5175,3504,5176,-1,5176,3504,3795,-1,5176,3795,5177,-1,5177,3795,3787,-1,5177,3787,5178,-1,5178,3787,3786,-1,5178,3786,5179,-1,5179,3786,3794,-1,5179,3794,5180,-1,5180,3794,3793,-1,5180,3793,5181,-1,5181,3793,3792,-1,5181,3792,5182,-1,5182,3792,3791,-1,5182,3791,5183,-1,3791,3790,5183,-1,5183,3790,3801,-1,5183,3801,5184,-1,5184,3801,3800,-1,5184,3800,5185,-1,5185,3800,3799,-1,3798,5113,3799,-1,3799,5113,5186,-1,3799,5186,5185,-1,4467,4441,4923,-1,4923,4441,4921,-1,4435,4434,4486,-1,4474,4473,5109,-1,5109,4473,4472,-1,5109,4472,4923,-1,4923,4472,4471,-1,4923,4471,4470,-1,4429,5087,5088,-1,4477,4476,5109,-1,5109,4476,4475,-1,5109,4475,4474,-1,4470,4469,4923,-1,4923,4469,4468,-1,4923,4468,4467,-1,5092,5093,4478,-1,4478,5093,5094,-1,4478,5094,5095,-1,5109,5110,4477,-1,4477,5110,5111,-1,4477,5111,4403,-1,4403,5111,5112,-1,4403,5112,4402,-1,4402,5112,5085,-1,4402,5085,4429,-1,4429,5085,5086,-1,4429,5086,5087,-1,4486,4434,4478,-1,4478,4434,4433,-1,4478,4433,4432,-1,4441,4440,4921,-1,4921,4440,4439,-1,4921,4439,4920,-1,4920,4439,4919,-1,4435,4486,4436,-1,4436,4486,4907,-1,4436,4907,4908,-1,4908,4914,4436,-1,4436,4914,4913,-1,4436,4913,4437,-1,4437,4913,4912,-1,4437,4912,4438,-1,4438,4912,4911,-1,4911,4910,4438,-1,4438,4910,4909,-1,4438,4909,4915,-1,4432,4431,4478,-1,4478,4431,4430,-1,4478,4430,4429,-1,4915,4916,4438,-1,4438,4916,4917,-1,4438,4917,4439,-1,4439,4917,4918,-1,4439,4918,4919,-1,5088,5089,4429,-1,4429,5089,5090,-1,4429,5090,4478,-1,4478,5090,5091,-1,4478,5091,5092,-1,5095,5096,4478,-1,4478,5096,5097,-1,4478,5097,5187,-1,5187,5097,5098,-1,5187,5098,5099,-1,5099,5100,5187,-1,5187,5100,5101,-1,5187,5101,4886,-1,4886,5101,5102,-1,4886,5102,5103,-1,5106,4889,5105,-1,5105,4889,4886,-1,5105,4886,5104,-1,5104,4886,5103,-1,4906,4905,4922,-1,4922,4905,4923,-1,4923,4905,5109,-1,5109,4905,4904,-1,5109,4904,4903,-1,4903,4902,5109,-1,5109,4902,4901,-1,5109,4901,5108,-1,5108,4901,4900,-1,5108,4900,4899,-1,5106,5107,4889,-1,4889,5107,5108,-1,4889,5108,4898,-1,4898,5108,4899,-1,4926,4922,4925,-1,4925,4922,4924,-1,4926,4927,4922,-1,4922,4927,4928,-1,4922,4928,4906,-1,4886,4885,5186,-1,5158,5159,4478,-1,4478,5159,5160,-1,4478,5160,5161,-1,5186,4885,5185,-1,5185,4885,5188,-1,5185,5188,5184,-1,5161,5162,4478,-1,4478,5162,5163,-1,4478,5163,4479,-1,4479,5163,5164,-1,4479,5164,5165,-1,5165,5166,4479,-1,4479,5166,5167,-1,4479,5167,5168,-1,5186,5113,4886,-1,4886,5113,5114,-1,4886,5114,5187,-1,5187,5114,5115,-1,5187,5115,5116,-1,5131,5132,5187,-1,5187,5132,5133,-1,5187,5133,4478,-1,5128,5129,5187,-1,5187,5129,5130,-1,5187,5130,5131,-1,5133,5134,4478,-1,4478,5134,5135,-1,4478,5135,5136,-1,5150,5176,5177,-1,5170,5171,5140,-1,5140,5171,5172,-1,5143,4479,5142,-1,5142,4479,5141,-1,5143,5144,4479,-1,4479,5144,5145,-1,4479,5145,5188,-1,5188,5145,5146,-1,5188,5146,5147,-1,5116,5117,5187,-1,5187,5117,5118,-1,5187,5118,5119,-1,5123,5124,5128,-1,5128,5124,5125,-1,5128,5125,5127,-1,5127,5125,5126,-1,5127,5126,5150,-1,5150,5126,5175,-1,5150,5175,5176,-1,5158,4478,5157,-1,5157,4478,5136,-1,5157,5136,5156,-1,5156,5136,5137,-1,5156,5137,5138,-1,5168,5169,4479,-1,4479,5169,5170,-1,4479,5170,5141,-1,5141,5170,5140,-1,5181,5182,5188,-1,5188,5182,5183,-1,5188,5183,5184,-1,5119,5120,5187,-1,5187,5120,5121,-1,5187,5121,5128,-1,5128,5121,5122,-1,5128,5122,5123,-1,5172,5173,5140,-1,5140,5173,5174,-1,5140,5174,5139,-1,5139,5174,5151,-1,5139,5151,5138,-1,5138,5151,5152,-1,5138,5152,5153,-1,5153,5154,5138,-1,5138,5154,5155,-1,5138,5155,5156,-1,5147,5148,5188,-1,5188,5148,5149,-1,5188,5149,5150,-1,5177,5178,5150,-1,5150,5178,5179,-1,5150,5179,5188,-1,5188,5179,5180,-1,5188,5180,5181,-1,4907,4486,3974,-1,3974,4486,3975,-1,4522,3975,4486,-1,4511,4510,4486,-1,4486,4510,4517,-1,4517,4519,4486,-1,4486,4519,4521,-1,4486,4521,4522,-1,4484,4511,4485,-1,4485,4511,4486,-1,4484,4483,4511,-1,4511,4483,4482,-1,4511,4482,4512,-1,4482,4492,4512,-1,4512,4492,4491,-1,4512,4491,4503,-1,4503,4491,4490,-1,4503,4490,4504,-1,4504,4490,4489,-1,4504,4489,4505,-1,4489,4500,4505,-1,4505,4500,4499,-1,4505,4499,4506,-1,4499,4498,4506,-1,4506,4498,4493,-1,4506,4493,4507,-1,4507,4493,4495,-1,4507,4495,4508,-1,4508,4495,4497,-1,4508,4497,4509,-1,4497,5189,4509,-1,4509,5189,5190,-1,5191,5192,5193,-1,5191,5193,5194,-1,5194,5193,5195,-1,5194,5195,5196,-1,5196,5195,5190,-1,5196,5190,5189,-1,5197,5192,5198,-1,5198,5192,5191,-1,5197,5198,5199,-1,5199,5198,5200,-1,5199,5200,5201,-1,5201,5200,5202,-1,5201,5202,5203,-1,5203,5202,5204,-1,5205,5203,5206,-1,5206,5203,5204,-1,5205,5206,5207,-1,5207,5206,5208,-1,5207,5208,5209,-1,5209,5208,5210,-1,5211,5212,5213,-1,5213,5212,5214,-1,5213,5214,5210,-1,5210,5214,5215,-1,5210,5215,5209,-1,5216,5217,5218,-1,5218,5217,5219,-1,5218,5219,5213,-1,5213,5219,5220,-1,5213,5220,5211,-1,5221,5222,5216,-1,5216,5222,5223,-1,5216,5223,5217,-1,5221,5216,5224,-1,5224,5216,5225,-1,5224,5225,5226,-1,5226,5225,5227,-1,5226,5227,5228,-1,5229,5228,5227,-1,5227,4365,5230,-1,4327,5227,4329,-1,4329,5227,4331,-1,5230,5231,5227,-1,5227,5231,5232,-1,5227,5232,5229,-1,4327,4325,5227,-1,5227,4325,4323,-1,5227,4323,4365,-1,4365,4323,4321,-1,4365,4321,4319,-1,5233,5232,5234,-1,5234,5232,5231,-1,5234,5231,5235,-1,5235,5231,5230,-1,5235,5230,5236,-1,5236,5230,4365,-1,5236,4365,4364,-1,5224,5226,5237,-1,5237,5226,5228,-1,5237,5228,5233,-1,5233,5228,5229,-1,5233,5229,5232,-1,5217,5238,5219,-1,5219,5238,5220,-1,5217,5223,5238,-1,5238,5223,5222,-1,5238,5222,5237,-1,5237,5222,5221,-1,5237,5221,5224,-1,5209,5239,5207,-1,5207,5239,5205,-1,5209,5215,5239,-1,5239,5215,5214,-1,5239,5214,5212,-1,5238,5240,5220,-1,5220,5240,5239,-1,5220,5239,5211,-1,5211,5239,5212,-1,4326,5233,4324,-1,4324,5233,5234,-1,4324,5234,4322,-1,4322,5234,5235,-1,4322,5235,4320,-1,4320,5235,5236,-1,4320,5236,4318,-1,4318,5236,4364,-1,4330,5240,4328,-1,4328,5240,5238,-1,4328,5238,4326,-1,4326,5238,5237,-1,4326,5237,5233,-1,4330,5241,5240,-1,5240,5241,5242,-1,5243,5244,5245,-1,5243,5245,5246,-1,5246,5245,5247,-1,5246,5247,5248,-1,5248,5247,5249,-1,5248,5249,5250,-1,5250,5249,5251,-1,5250,5251,5252,-1,5252,5251,5253,-1,5252,5253,5254,-1,5254,5253,5242,-1,5254,5242,5241,-1,5243,5255,5244,-1,5244,5255,5256,-1,5257,5258,5259,-1,5257,5259,5260,-1,5260,5259,5261,-1,5260,5261,5262,-1,5262,5261,5263,-1,5262,5263,5264,-1,5264,5263,5256,-1,5264,5256,5255,-1,5265,5258,5266,-1,5266,5258,5257,-1,5265,5266,5267,-1,5267,5266,5268,-1,5267,5268,5269,-1,5269,5268,5270,-1,5269,5270,5271,-1,5271,5270,5272,-1,5271,5272,5273,-1,5273,5272,5274,-1,5275,5273,5276,-1,5276,5273,5274,-1,5277,5278,5279,-1,5277,5279,5280,-1,5280,5279,5281,-1,5280,5281,5282,-1,5282,5281,5283,-1,5282,5283,5284,-1,5284,5283,5285,-1,5284,5285,5286,-1,5286,5285,5287,-1,5286,5287,5288,-1,5288,5287,5275,-1,5288,5275,5276,-1,5278,5277,5289,-1,5289,5277,5290,-1,5289,5290,5291,-1,5291,5290,5292,-1,5291,5292,5293,-1,5293,5292,5294,-1,5293,5294,5295,-1,5295,5294,5296,-1,5295,5296,5297,-1,5297,5296,5298,-1,5297,5298,5299,-1,5299,5298,5300,-1,5299,5300,5301,-1,5301,5300,5302,-1,5301,5302,5303,-1,5303,5302,5304,-1,5303,5304,5305,-1,5305,5304,5306,-1,5305,5306,5307,-1,5307,5306,5308,-1,5307,5308,5309,-1,5309,5308,5310,-1,5309,5310,4283,-1,4283,5310,5311,-1,4250,4252,5312,-1,5312,4252,4292,-1,5312,4292,5313,-1,5313,4292,4290,-1,5313,4290,5314,-1,5314,4290,4288,-1,5314,4288,5315,-1,5315,4288,4286,-1,5315,4286,5316,-1,5316,4286,4284,-1,5316,4284,5311,-1,5311,4284,4283,-1,4258,4250,5317,-1,5317,4250,5312,-1,5317,5312,5318,-1,5318,5312,5313,-1,5318,5313,5319,-1,5319,5313,5314,-1,5319,5314,5320,-1,5320,5314,5315,-1,5320,5315,5321,-1,5321,5315,5316,-1,5321,5316,5322,-1,5322,5316,5311,-1,5322,4282,5321,-1,5321,4282,4285,-1,5321,4285,5320,-1,5320,4285,4287,-1,5320,4287,5319,-1,5319,4287,4289,-1,5319,4289,5318,-1,5318,4289,4291,-1,5318,4291,5317,-1,5317,4291,4293,-1,5317,4293,4258,-1,4258,4293,4268,-1,4282,5322,5323,-1,5323,5322,5324,-1,5323,5324,5325,-1,5325,5324,5326,-1,5325,5326,5327,-1,5327,5326,5328,-1,5327,5328,5329,-1,5329,5328,5330,-1,5329,5330,5331,-1,5331,5330,5332,-1,5331,5332,5333,-1,5333,5332,5334,-1,5333,5334,5335,-1,5335,5334,5336,-1,5335,5336,5337,-1,5337,5336,5338,-1,5337,5338,5339,-1,5339,5338,5340,-1,5339,5340,5341,-1,5341,5340,5342,-1,5341,5342,5343,-1,5343,5342,5344,-1,5343,5344,5345,-1,5345,5344,5346,-1,5346,5347,5345,-1,5345,5347,5348,-1,5349,5350,5351,-1,5349,5351,5352,-1,5352,5351,5353,-1,5352,5353,5354,-1,5354,5353,5355,-1,5354,5355,5356,-1,5356,5355,5357,-1,5356,5357,5358,-1,5358,5357,5359,-1,5358,5359,5360,-1,5360,5359,5361,-1,5360,5361,5362,-1,5362,5361,5348,-1,5362,5348,5347,-1,4246,5350,4247,-1,4247,5350,5349,-1,5241,4330,4331,-1,4331,5260,5262,-1,5262,5264,4331,-1,4331,5264,5255,-1,4331,5255,5241,-1,5241,5255,5243,-1,5241,5243,5254,-1,5246,5248,5250,-1,5363,5364,4497,-1,5363,4497,5365,-1,5366,5367,4247,-1,4247,5367,5368,-1,4247,5368,4249,-1,5246,5250,5243,-1,5243,5250,5252,-1,5243,5252,5254,-1,5227,5225,4331,-1,4331,5225,5216,-1,4331,5216,5218,-1,5266,5257,5202,-1,5202,5257,5260,-1,5202,5260,5204,-1,5204,5260,5206,-1,4249,5368,4496,-1,4496,5368,5369,-1,4496,5369,4497,-1,4497,5369,5370,-1,4497,5370,5365,-1,5218,5213,4331,-1,4331,5213,5210,-1,4331,5210,5260,-1,5260,5210,5208,-1,5260,5208,5206,-1,5330,5328,4497,-1,4497,5328,5326,-1,4497,5326,5324,-1,5338,5336,5364,-1,5364,5336,5334,-1,5364,5334,4497,-1,4497,5334,5332,-1,4497,5332,5330,-1,5356,5358,5371,-1,5371,5347,5372,-1,5372,5347,5346,-1,5372,5346,5373,-1,5373,5346,5344,-1,5373,5344,5374,-1,5374,5344,5342,-1,5374,5342,5364,-1,5364,5342,5340,-1,5364,5340,5338,-1,5296,5294,4497,-1,5356,5371,5354,-1,5322,5311,5324,-1,5324,5311,5310,-1,5358,5360,5371,-1,5371,5360,5362,-1,5371,5362,5347,-1,5294,5292,4497,-1,4497,5292,5290,-1,4497,5290,5277,-1,5366,4247,5375,-1,5375,4247,5349,-1,5375,5349,5371,-1,5371,5349,5352,-1,5371,5352,5354,-1,5266,5202,5268,-1,5268,5202,5200,-1,5268,5200,5270,-1,5270,5200,5198,-1,5270,5198,5272,-1,5272,5198,5191,-1,5272,5191,5274,-1,5274,5191,5194,-1,5274,5194,5196,-1,5310,5308,5324,-1,5324,5308,5306,-1,5324,5306,5304,-1,5304,5302,5324,-1,5324,5302,5300,-1,5324,5300,4497,-1,4497,5300,5298,-1,4497,5298,5296,-1,5282,5284,5286,-1,5282,5286,5280,-1,5280,5286,5288,-1,5280,5288,5276,-1,5196,5189,5274,-1,5274,5189,4497,-1,5274,4497,5276,-1,5276,4497,5277,-1,5276,5277,5280,-1,5376,5368,5377,-1,5377,5368,5367,-1,5377,5367,5378,-1,5378,5367,5366,-1,5378,5366,5379,-1,5379,5366,5375,-1,5379,5375,5380,-1,5380,5375,5371,-1,5380,5371,5381,-1,5381,5371,5372,-1,5381,5372,5382,-1,5382,5372,5373,-1,5382,5373,5383,-1,5383,5373,5374,-1,5383,5374,5384,-1,5384,5374,5364,-1,5384,5364,5385,-1,5385,5364,5363,-1,5385,5363,5386,-1,5386,5363,5365,-1,5386,5365,5387,-1,5387,5365,5370,-1,5387,5370,5388,-1,5388,5370,5369,-1,5388,4501,4509,-1,4501,5388,4248,-1,4248,5388,5376,-1,4248,5376,4246,-1,4509,5384,5385,-1,5239,5240,5242,-1,5385,5386,4509,-1,4509,5386,5387,-1,4509,5387,5388,-1,5239,5244,5205,-1,5205,5244,5256,-1,5205,5256,5203,-1,5203,5256,5263,-1,5203,5263,5201,-1,5201,5263,5261,-1,5201,5261,5259,-1,5278,5289,4509,-1,5323,5325,4509,-1,4509,5325,5327,-1,4509,5327,5329,-1,5337,5339,5384,-1,5384,5339,5341,-1,5384,5341,5383,-1,5242,5253,5239,-1,5239,5253,5251,-1,5239,5251,5249,-1,5249,5247,5239,-1,5239,5247,5245,-1,5239,5245,5244,-1,5329,5331,4509,-1,4509,5331,5333,-1,4509,5333,5384,-1,5384,5333,5335,-1,5384,5335,5337,-1,5376,5377,4246,-1,4246,5377,5378,-1,4246,5378,5350,-1,5350,5378,5379,-1,5350,5379,5380,-1,4283,4282,5309,-1,5309,4282,5323,-1,5383,5341,5382,-1,5382,5341,5343,-1,5382,5343,5381,-1,5381,5343,5345,-1,5381,5345,5380,-1,5380,5345,5348,-1,5380,5348,5361,-1,5279,5278,5275,-1,5289,5291,4509,-1,4509,5291,5293,-1,4509,5293,5295,-1,5361,5359,5380,-1,5380,5359,5357,-1,5380,5357,5355,-1,5259,5258,5201,-1,5201,5258,5265,-1,5201,5265,5199,-1,5199,5265,5267,-1,5199,5267,5197,-1,5197,5267,5269,-1,5197,5269,5192,-1,5192,5269,5271,-1,5192,5271,5193,-1,5193,5271,5273,-1,5193,5273,5195,-1,5195,5273,5190,-1,5303,5305,5323,-1,5323,5305,5307,-1,5323,5307,5309,-1,5355,5353,5380,-1,5380,5353,5351,-1,5380,5351,5350,-1,5295,5297,4509,-1,4509,5297,5299,-1,4509,5299,5323,-1,5323,5299,5301,-1,5323,5301,5303,-1,5275,5278,5273,-1,5273,5278,4509,-1,5273,4509,5190,-1,5275,5287,5279,-1,5279,5287,5285,-1,5279,5285,5281,-1,5281,5285,5283,-1,
        ]
    }
}
Shape{
    appearance Appearance {
        material  Material 	{
            diffuseColor 0.7529411764705882 0.7529411764705882 0.7529411764705882
            specularColor 0.3764705882352941 0.3764705882352941 0.3764705882352941
            ambientIntensity 0.7529
            transparency 0.0
            shininess 0.5
        }
    }
    geometry IndexedFaceSet {
        ccw TRUE
        solid FALSE
        coord DEF co Coordinate {
            point [
                2.2244 -2.1015 0.0512, 2.3031 -2.1015 0.0512, 2.2244 -2.1015 0.4449, 2.3031 -2.1015 0.4449, 2.2231 -2.1015 0.4551, 2.3002 -2.1015 0.4712, 2.2191 -2.1015 0.4646, -2.2129 -2.1015 0.4727, -2.2774 -2.1015 0.5185, -2.2191 -2.1015 0.4646, -2.2915 -2.1015 0.4961, -2.2231 -2.1015 0.4551, -2.3002 -2.1015 0.4712, -2.2244 -2.1015 0.4449, -2.3032 -2.1015 0.4449, -2.2244 -2.1015 0.0512, -2.3032 -2.1015 0.0512, 2.2914 -2.1015 0.4961, 2.2774 -2.1015 0.5185, 2.2129 -2.1015 0.4727, 2.2587 -2.1015 0.5372, 2.2047 -2.1015 0.479, 2.2363 -2.1015 0.5513, 2.1952 -2.1015 0.4829, 2.2113 -2.1015 0.56, 2.185 -2.1015 0.4843, 2.185 -2.1015 0.563, 1.2202 -2.1015 0.4843, 1.2037 -2.1015 0.563, -2.185 -2.1015 0.4843, -2.185 -2.1015 0.563, -2.1952 -2.1015 0.4829, -2.2113 -2.1015 0.56, -2.2047 -2.1015 0.479, -2.2363 -2.1015 0.5513, -2.2587 -2.1015 0.5372
            ]
        }
        coordIndex [
            0,1,2,-1,2,1,3,-1,2,3,4,-1,4,3,5,-1,4,5,6,-1,7,8,9,-1,9,8,10,-1,9,10,11,-1,11,10,12,-1,11,12,13,-1,13,12,14,-1,13,14,15,-1,15,14,16,-1,5,17,6,-1,6,17,18,-1,6,18,19,-1,19,18,20,-1,19,20,21,-1,21,20,22,-1,21,22,23,-1,23,22,24,-1,23,24,25,-1,25,24,26,-1,25,26,27,-1,27,26,28,-1,27,28,29,-1,29,28,30,-1,29,30,31,-1,31,30,32,-1,31,32,33,-1,33,32,34,-1,33,34,7,-1,7,34,35,-1,7,35,8,-1,
        ]
    }
}
Shape{
    appearance Appearance {
        material  Material 	{
            diffuseColor 0.7529411764705882 0.7529411764705882 0.7529411764705882
            specularColor 0.6627450980392157 0.6627450980392157 0.6627450980392157
            ambientIntensity 0.7529
            transparency 0.0
            shininess 0.5
        }
    }
    geometry IndexedFaceSet {
        ccw TRUE
        solid FALSE
        coord DEF co Coordinate {
            point [
                -2.3032 -1.3929 0.2874, -2.3032 -1.3929 0.4055, -2.2244 -1.3929 0.2874, -2.2244 -1.3929 0.4055, 2.2244 -1.3929 0.4055, 2.3031 -1.3929 0.4055, 2.2244 -1.3929 0.2874, 2.3031 -1.3929 0.2874
            ]
        }
        coordIndex [
            0,1,2,-1,2,1,3,-1,4,5,6,-1,6,5,7,-1,
        ]
    }
}
Shape{
    appearance Appearance {
        material  Material 	{
            diffuseColor 0.0 0.0 0.0
            specularColor 0.0 0.0 0.0
            ambientIntensity 0.0
            transparency 0.0
            shininess 0.5
        }
    }
    geometry IndexedFaceSet {
        ccw TRUE
        solid FALSE
        coord DEF co Coordinate {
            point [
                0.093 0.7105 0.5669, 0.093 0.7007 0.5669, 0.093 0.7105 0.563, 0.093 0.7007 0.563, 0.0588 0.7105 0.5669, 0.0588 0.7105 0.563, 0.0588 0.7864 0.5669, 0.0588 0.7864 0.563, 0.0478 0.7864 0.5669, 0.0478 0.7864 0.563, 0.0478 0.7007 0.5669, 0.0478 0.7007 0.563, 0.137 0.6993 0.5669, 0.137 0.6993 0.563, 0.15 0.7005 0.5669, 0.1445 0.7 0.563, 0.15 0.7005 0.563, 0.1592 0.7035 0.563, 0.1592 0.7035 0.5669, 0.1607 0.7043 0.563, 0.1607 0.7043 0.5669, 0.1607 0.7149 0.5669, 0.1607 0.7149 0.563, 0.1533 0.7114 0.563, 0.1533 0.7114 0.5669, 0.1438 0.7094 0.563, 0.1438 0.7094 0.5669, 0.1386 0.7091 0.563, 0.1386 0.7091 0.5669, 0.1305 0.71 0.563, 0.1305 0.71 0.5669, 0.1243 0.7123 0.563, 0.1243 0.7123 0.5669, 0.1186 0.7161 0.563, 0.1186 0.7161 0.5669, 0.1165 0.7181 0.563, 0.1165 0.7181 0.5669, 0.1124 0.724 0.563, 0.1124 0.724 0.5669, 0.1096 0.7309 0.563, 0.1096 0.7309 0.5669, 0.1082 0.7395 0.563, 0.1082 0.7395 0.5669, 0.1081 0.7426 0.563, 0.1081 0.7426 0.5669, 0.1095 0.7543 0.563, 0.1095 0.7543 0.5669, 0.1124 0.7617 0.563, 0.1124 0.7617 0.5669, 0.1165 0.7677 0.563, 0.1165 0.7677 0.5669, 0.1171 0.7684 0.563, 0.1171 0.7684 0.5669, 0.1229 0.7731 0.563, 0.1229 0.7731 0.5669, 0.1296 0.7763 0.563, 0.1296 0.7763 0.5669, 0.137 0.7778 0.563, 0.137 0.7778 0.5669, 0.1405 0.7779 0.563, 0.1405 0.7779 0.5669, 0.1511 0.7766 0.563, 0.1511 0.7766 0.5669, 0.1597 0.7733 0.563, 0.1597 0.7733 0.5669, 0.1607 0.7728 0.563, 0.1607 0.7728 0.5669, 0.1607 0.7844 0.5669, 0.1607 0.7844 0.563, 0.153 0.7867 0.563, 0.153 0.7867 0.5669, 0.1421 0.7879 0.563, 0.1421 0.7879 0.5669, 0.1404 0.7879 0.563, 0.1404 0.7879 0.5669, 0.1281 0.7864 0.563, 0.1281 0.7864 0.5669, 0.1191 0.7829 0.563, 0.1191 0.7829 0.5669, 0.1108 0.7771 0.563, 0.1108 0.7771 0.5669, 0.1089 0.7753 0.563, 0.1089 0.7753 0.5669, 0.1035 0.7685 0.563, 0.1035 0.7685 0.5669, 0.0991 0.7592 0.563, 0.0991 0.7592 0.5669, 0.0968 0.7483 0.563, 0.0968 0.7483 0.5669, 0.0965 0.742 0.563, 0.0965 0.742 0.5669, 0.0982 0.7281 0.563, 0.0982 0.7281 0.5669, 0.1016 0.7191 0.563, 0.1016 0.7191 0.5669, 0.1067 0.7118 0.563, 0.1067 0.7118 0.5669, 0.1075 0.711 0.563, 0.1075 0.711 0.5669, 0.1308 0.6996 0.5669, 0.1137 0.7057 0.563, 0.1137 0.7057 0.5669, 0.1217 0.7017 0.563, 0.1217 0.7017 0.5669, 0.1292 0.7 0.563, 0.1308 0.6996 0.563, 0.224 0.7105 0.5669, 0.224 0.7007 0.5669, 0.224 0.7105 0.563, 0.224 0.7007 0.563, 0.1889 0.7105 0.5669, 0.1889 0.7105 0.563, 0.1889 0.7393 0.5669, 0.1889 0.7393 0.563, 0.2196 0.7393 0.5669, 0.2196 0.7393 0.563, 0.2196 0.7491 0.5669, 0.2196 0.7491 0.563, 0.1889 0.7491 0.5669, 0.1889 0.7491 0.563, 0.1889 0.7766 0.5669, 0.1889 0.7766 0.563, 0.222 0.7766 0.5669, 0.222 0.7766 0.563, 0.222 0.7864 0.5669, 0.222 0.7864 0.563, 0.1779 0.7864 0.5669, 0.1779 0.7864 0.563, 0.1779 0.7007 0.5669, 0.1779 0.7007 0.563, 0.2935 0.7249 0.5669, 0.2892 0.7194 0.5669, 0.2971 0.7127 0.5669, 0.2881 0.7184 0.5669, 0.288 0.7062 0.5669, 0.2826 0.7146 0.5669, 0.2782 0.7024 0.5669, 0.2755 0.7119 0.5669, 0.2638 0.7007 0.5669, 0.2637 0.7105 0.5669, 0.2402 0.7007 0.5669, 0.2512 0.7105 0.5669, 0.2402 0.7864 0.5669, 0.2512 0.7766 0.5669, 0.2646 0.7864 0.5669, 0.2642 0.7766 0.5669, 0.2777 0.785 0.5669, 0.2754 0.7753 0.5669, 0.2881 0.7812 0.5669, 0.2828 0.7726 0.5669, 0.2971 0.7751 0.5669, 0.2889 0.7685 0.5669, 0.3001 0.7721 0.5669, 0.2921 0.7653 0.5669, 0.3054 0.7646 0.5669, 0.2952 0.7603 0.5669, 0.3086 0.7564 0.5669, 0.2974 0.7536 0.5669, 0.31 0.7447 0.5669, 0.2983 0.7444 0.5669, 0.3096 0.7377 0.5669, 0.2981 0.7392 0.5669, 0.3072 0.7279 0.5669, 0.2965 0.7313 0.5669, 0.3027 0.7192 0.5669, 0.2638 0.7007 0.563, 0.2402 0.7007 0.563, 0.2782 0.7024 0.563, 0.288 0.7062 0.563, 0.2971 0.7127 0.563, 0.3027 0.7192 0.563, 0.3072 0.7279 0.563, 0.3096 0.7377 0.563, 0.31 0.7447 0.563, 0.3086 0.7564 0.563, 0.3054 0.7646 0.563, 0.3001 0.7721 0.563, 0.2971 0.7751 0.563, 0.2881 0.7812 0.563, 0.2777 0.785 0.563, 0.2646 0.7864 0.563, 0.2402 0.7864 0.563, 0.2642 0.7766 0.563, 0.2512 0.7766 0.563, 0.2512 0.7105 0.563, 0.2637 0.7105 0.563, 0.2892 0.7194 0.563, 0.2881 0.7184 0.563, 0.2826 0.7146 0.563, 0.2755 0.7119 0.563, 0.2983 0.7444 0.563, 0.2981 0.7392 0.563, 0.2965 0.7313 0.563, 0.2935 0.7249 0.563, 0.2889 0.7685 0.563, 0.2921 0.7653 0.563, 0.2952 0.7603 0.563, 0.2974 0.7536 0.563, 0.2754 0.7753 0.563, 0.2828 0.7726 0.563
            ]
        }
        coordIndex [
            0,1,2,-1,2,1,3,-1,4,0,5,-1,5,0,2,-1,6,4,7,-1,7,4,5,-1,8,6,9,-1,9,6,7,-1,10,8,11,-1,11,8,9,-1,1,10,3,-1,3,10,11,-1,6,8,4,-1,4,8,10,-1,4,10,0,-1,0,10,1,-1,12,13,14,-1,14,13,15,-1,15,16,14,-1,14,16,17,-1,14,17,18,-1,18,17,19,-1,18,19,20,-1,21,20,22,-1,22,20,19,-1,21,22,23,-1,21,23,24,-1,24,23,25,-1,24,25,26,-1,26,25,27,-1,26,27,28,-1,28,27,29,-1,28,29,30,-1,30,29,31,-1,30,31,32,-1,32,31,33,-1,32,33,34,-1,34,33,35,-1,34,35,36,-1,36,35,37,-1,36,37,38,-1,38,37,39,-1,38,39,40,-1,40,39,41,-1,40,41,42,-1,42,41,43,-1,42,43,44,-1,44,43,45,-1,44,45,46,-1,46,45,47,-1,46,47,48,-1,48,47,49,-1,48,49,50,-1,50,49,51,-1,50,51,52,-1,52,51,53,-1,52,53,54,-1,54,53,55,-1,54,55,56,-1,56,55,57,-1,56,57,58,-1,58,57,59,-1,58,59,60,-1,60,59,61,-1,60,61,62,-1,62,61,63,-1,62,63,64,-1,64,63,65,-1,64,65,66,-1,67,66,68,-1,68,66,65,-1,67,68,69,-1,67,69,70,-1,70,69,71,-1,70,71,72,-1,72,71,73,-1,72,73,74,-1,74,73,75,-1,74,75,76,-1,76,75,77,-1,76,77,78,-1,78,77,79,-1,78,79,80,-1,80,79,81,-1,80,81,82,-1,82,81,83,-1,82,83,84,-1,84,83,85,-1,84,85,86,-1,86,85,87,-1,86,87,88,-1,88,87,89,-1,88,89,90,-1,90,89,91,-1,90,91,92,-1,92,91,93,-1,92,93,94,-1,94,93,95,-1,94,95,96,-1,96,95,97,-1,96,97,98,-1,13,12,99,-1,98,97,100,-1,98,100,101,-1,101,100,102,-1,101,102,103,-1,103,102,104,-1,103,104,99,-1,99,104,105,-1,99,105,13,-1,64,66,67,-1,46,48,84,-1,64,67,62,-1,84,48,82,-1,74,60,72,-1,72,60,62,-1,72,62,70,-1,70,62,67,-1,48,50,82,-1,82,50,52,-1,82,52,80,-1,80,52,54,-1,80,54,78,-1,78,54,76,-1,76,54,56,-1,76,56,74,-1,74,56,58,-1,74,58,60,-1,90,44,88,-1,88,44,46,-1,88,46,86,-1,86,46,84,-1,20,21,18,-1,18,21,24,-1,18,24,14,-1,14,24,26,-1,14,26,12,-1,12,26,28,-1,12,28,99,-1,99,28,30,-1,99,30,103,-1,103,30,32,-1,103,32,101,-1,101,32,34,-1,101,34,98,-1,98,34,36,-1,98,36,96,-1,96,36,38,-1,96,38,94,-1,94,38,92,-1,92,38,40,-1,92,40,90,-1,90,40,42,-1,90,42,44,-1,106,107,108,-1,108,107,109,-1,110,106,111,-1,111,106,108,-1,112,110,113,-1,113,110,111,-1,114,112,115,-1,115,112,113,-1,116,114,117,-1,117,114,115,-1,118,116,119,-1,119,116,117,-1,120,118,121,-1,121,118,119,-1,122,120,123,-1,123,120,121,-1,124,122,125,-1,125,122,123,-1,126,124,127,-1,127,124,125,-1,128,126,129,-1,129,126,127,-1,107,128,109,-1,109,128,129,-1,128,107,106,-1,106,110,128,-1,128,110,112,-1,128,112,126,-1,122,124,120,-1,120,124,126,-1,120,126,118,-1,118,126,112,-1,118,112,116,-1,116,112,114,-1,130,131,132,-1,132,131,133,-1,132,133,134,-1,134,133,135,-1,134,135,136,-1,136,135,137,-1,136,137,138,-1,138,137,139,-1,138,139,140,-1,140,139,141,-1,140,141,142,-1,142,141,143,-1,142,143,144,-1,144,143,145,-1,144,145,146,-1,146,145,147,-1,146,147,148,-1,148,147,149,-1,148,149,150,-1,150,149,151,-1,150,151,152,-1,152,151,153,-1,152,153,154,-1,154,153,155,-1,154,155,156,-1,156,155,157,-1,156,157,158,-1,158,157,159,-1,158,159,160,-1,160,159,161,-1,160,161,162,-1,162,161,163,-1,162,163,164,-1,164,163,130,-1,164,130,132,-1,138,140,165,-1,165,140,166,-1,138,165,167,-1,138,167,136,-1,136,167,168,-1,136,168,134,-1,134,168,169,-1,134,169,132,-1,132,169,170,-1,132,170,164,-1,164,170,171,-1,164,171,162,-1,162,171,172,-1,162,172,160,-1,160,172,173,-1,160,173,158,-1,158,173,174,-1,158,174,156,-1,156,174,175,-1,156,175,154,-1,154,175,176,-1,154,176,152,-1,152,176,177,-1,152,177,150,-1,150,177,178,-1,150,178,148,-1,148,178,179,-1,148,179,146,-1,146,179,180,-1,146,180,144,-1,142,144,181,-1,181,144,180,-1,140,142,166,-1,166,142,181,-1,145,143,182,-1,182,143,183,-1,143,141,183,-1,183,141,184,-1,141,139,184,-1,184,139,185,-1,131,186,187,-1,131,187,133,-1,133,187,188,-1,133,188,135,-1,135,188,189,-1,135,189,137,-1,137,189,185,-1,137,185,139,-1,159,190,191,-1,159,191,161,-1,161,191,192,-1,161,192,163,-1,163,192,193,-1,163,193,130,-1,130,193,186,-1,130,186,131,-1,151,194,195,-1,151,195,153,-1,153,195,196,-1,153,196,155,-1,155,196,197,-1,155,197,157,-1,157,197,190,-1,157,190,159,-1,145,182,198,-1,145,198,147,-1,147,198,199,-1,147,199,149,-1,149,199,194,-1,149,194,151,-1,
        ]
    }
}
Shape{
    appearance Appearance {
        material  Material 	{
            diffuseColor 0.7529411764705882 0.7529411764705882 0.7529411764705882
            specularColor 0.6627450980392157 0.6627450980392157 0.6627450980392157
            ambientIntensity 0.7529
            transparency 0.0
            shininess 0.5
        }
    }
    geometry IndexedFaceSet {
        ccw TRUE
        solid FALSE
        coord DEF co Coordinate {
            point [
                0.2512 0.7766 0.563, 0.2512 0.7105 0.563, 0.2642 0.7766 0.563, 0.2637 0.7105 0.563, 0.2881 0.7184 0.563, 0.2892 0.7194 0.563, 0.2755 0.7119 0.563, 0.2826 0.7146 0.563, 0.2981 0.7392 0.563, 0.2983 0.7444 0.563, 0.2935 0.7249 0.563, 0.2965 0.7313 0.563, 0.2974 0.7536 0.563, 0.2952 0.7603 0.563, 0.2921 0.7653 0.563, 0.2889 0.7685 0.563, 0.2828 0.7726 0.563, 0.2754 0.7753 0.563
            ]
        }
        coordIndex [
            0,1,2,-1,2,1,3,-1,2,4,5,-1,3,6,2,-1,2,6,7,-1,2,7,4,-1,8,9,2,-1,5,10,2,-1,2,10,11,-1,2,11,8,-1,9,12,2,-1,2,12,13,-1,2,13,14,-1,14,15,2,-1,2,15,16,-1,2,16,17,-1,
        ]
    }
}
Shape{
    appearance Appearance {
        material  Material 	{
            diffuseColor 0.0 0.0 0.0
            specularColor 0.0 0.0 0.0
            ambientIntensity 0.0
            transparency 0.0
            shininess 0.5
        }
    }
    geometry IndexedFaceSet {
        ccw TRUE
        solid FALSE
        coord DEF co Coordinate {
            point [
                0.3387 0.7338 0.5669, 0.3352 0.7242 0.5669, 0.3675 0.7338 0.5669, 0.3709 0.7242 0.5669, 0.3515 0.7695 0.5669, 0.3474 0.7864 0.5669, 0.3147 0.7007 0.5669, 0.327 0.7007 0.5669, 0.3523 0.772 0.5669, 0.3529 0.7755 0.5669, 0.3592 0.7864 0.5669, 0.3532 0.7755 0.5669, 0.3539 0.7719 0.5669, 0.3545 0.7695 0.5669, 0.3919 0.7007 0.5669, 0.3797 0.7007 0.5669, 0.3592 0.7864 0.563, 0.3919 0.7007 0.563, 0.3474 0.7864 0.563, 0.3147 0.7007 0.563, 0.3395 0.7656 0.563, 0.327 0.7007 0.563, 0.3352 0.7242 0.563, 0.3709 0.7242 0.563, 0.3395 0.7242 0.563, 0.3797 0.7007 0.563, 0.3387 0.7338 0.563, 0.3675 0.7338 0.563, 0.3545 0.7695 0.563, 0.3532 0.7755 0.563, 0.3539 0.7719 0.563, 0.3529 0.7755 0.563, 0.3515 0.7695 0.563, 0.3523 0.772 0.563
            ]
        }
        coordIndex [
            0,1,2,-1,2,1,3,-1,4,5,0,-1,0,5,6,-1,0,6,1,-1,1,6,7,-1,4,8,5,-1,5,8,9,-1,5,9,10,-1,10,9,11,-1,10,11,12,-1,12,13,10,-1,10,13,2,-1,10,2,14,-1,14,2,3,-1,14,3,15,-1,10,14,16,-1,16,14,17,-1,5,10,18,-1,18,10,16,-1,19,6,20,-1,20,6,5,-1,20,5,18,-1,7,6,21,-1,21,6,19,-1,1,7,22,-1,22,7,21,-1,23,3,24,-1,24,3,1,-1,24,1,22,-1,15,3,25,-1,25,3,23,-1,14,15,17,-1,17,15,25,-1,0,2,26,-1,26,2,27,-1,2,13,27,-1,27,13,28,-1,11,29,30,-1,11,30,12,-1,12,30,28,-1,12,28,13,-1,11,9,29,-1,29,9,31,-1,4,32,33,-1,4,33,8,-1,8,33,31,-1,8,31,9,-1,4,0,32,-1,32,0,26,-1,
        ]
    }
}
Shape{
    appearance Appearance {
        material  Material 	{
            diffuseColor 0.7529411764705882 0.7529411764705882 0.7529411764705882
            specularColor 0.6627450980392157 0.6627450980392157 0.6627450980392157
            ambientIntensity 0.7529
            transparency 0.0
            shininess 0.5
        }
    }
    geometry IndexedFaceSet {
        ccw TRUE
        solid FALSE
        coord DEF co Coordinate {
            point [
                0.3532 0.7755 0.563, 0.3529 0.7755 0.563, 0.3539 0.7719 0.563, 0.3523 0.772 0.563, 0.3545 0.7695 0.563, 0.3515 0.7695 0.563, 0.3675 0.7338 0.563, 0.3387 0.7338 0.563
            ]
        }
        coordIndex [
            0,1,2,-1,2,1,3,-1,2,3,4,-1,4,3,5,-1,4,5,6,-1,6,5,7,-1,
        ]
    }
}
Shape{
    appearance Appearance {
        material  Material 	{
            diffuseColor 0.0 0.0 0.0
            specularColor 0.0 0.0 0.0
            ambientIntensity 0.0
            transparency 0.0
            shininess 0.5
        }
    }
    geometry IndexedFaceSet {
        ccw TRUE
        solid FALSE
        coord DEF co Coordinate {
            point [
                0.0939 0.5745 0.5669, 0.0939 0.5647 0.5669, 0.0939 0.5745 0.563, 0.0939 0.5647 0.563, 0.0588 0.5745 0.5669, 0.0588 0.5745 0.563, 0.0588 0.6033 0.5669, 0.0588 0.6033 0.563, 0.0895 0.6033 0.5669, 0.0895 0.6033 0.563, 0.0895 0.6131 0.5669, 0.0895 0.6131 0.563, 0.0588 0.6131 0.5669, 0.0588 0.6131 0.563, 0.0588 0.6406 0.5669, 0.0588 0.6406 0.563, 0.0919 0.6406 0.5669, 0.0919 0.6406 0.563, 0.0919 0.6504 0.5669, 0.0919 0.6504 0.563, 0.0478 0.6504 0.5669, 0.0478 0.6504 0.563, 0.0478 0.5647 0.5669, 0.0478 0.5647 0.563, 0.1426 0.5647 0.5669, 0.1534 0.5647 0.5669, 0.1426 0.5741 0.5669, 0.1534 0.6041 0.5669, 0.1426 0.6036 0.5669, 0.1193 0.5908 0.5669, 0.1219 0.592 0.5669, 0.1424 0.5741 0.5669, 0.1367 0.5757 0.5669, 0.1407 0.5716 0.5669, 0.1337 0.5737 0.5669, 0.1283 0.5935 0.5669, 0.1426 0.5954 0.5669, 0.1426 0.5895 0.5669, 0.1426 0.5888 0.5669, 0.1419 0.584 0.5669, 0.1404 0.5802 0.5669, 0.138 0.577 0.5669, 0.1423 0.6084 0.5669, 0.1525 0.6126 0.5669, 0.1412 0.6122 0.5669, 0.1508 0.6173 0.5669, 0.1399 0.6144 0.5669, 0.1485 0.6207 0.5669, 0.1383 0.6161 0.5669, 0.1456 0.6234 0.5669, 0.1364 0.6173 0.5669, 0.142 0.6254 0.5669, 0.1339 0.6182 0.5669, 0.1374 0.6268 0.5669, 0.1302 0.6186 0.5669, 0.1312 0.6273 0.5669, 0.1237 0.6179 0.5669, 0.1204 0.626 0.5669, 0.117 0.6156 0.5669, 0.1124 0.6229 0.5669, 0.1102 0.6112 0.5669, 0.1102 0.6216 0.5669, 0.1173 0.5757 0.5669, 0.1094 0.5681 0.5669, 0.1182 0.5748 0.5669, 0.1131 0.5655 0.5669, 0.1203 0.5733 0.5669, 0.1172 0.564 0.5669, 0.1228 0.5725 0.5669, 0.1236 0.5632 0.5669, 0.1264 0.572 0.5669, 0.1291 0.5638 0.5669, 0.1304 0.5725 0.5669, 0.1335 0.5654 0.5669, 0.1373 0.5679 0.5669, 0.1245 0.6011 0.5669, 0.1162 0.599 0.5669, 0.1179 0.5897 0.5669, 0.1117 0.5966 0.5669, 0.1166 0.5881 0.5669, 0.1084 0.5938 0.5669, 0.1157 0.5861 0.5669, 0.1063 0.5907 0.5669, 0.1152 0.5837 0.5669, 0.1049 0.5869 0.5669, 0.1151 0.5819 0.5669, 0.1042 0.5811 0.5669, 0.1153 0.5795 0.5669, 0.1047 0.5762 0.5669, 0.116 0.5775 0.5669, 0.106 0.5726 0.5669, 0.1082 0.5693 0.5669, 0.1312 0.6273 0.563, 0.1204 0.626 0.563, 0.1124 0.6229 0.563, 0.1102 0.6216 0.563, 0.1102 0.6112 0.563, 0.117 0.6156 0.563, 0.1237 0.6179 0.563, 0.1302 0.6186 0.563, 0.1339 0.6182 0.563, 0.1364 0.6173 0.563, 0.1383 0.6161 0.563, 0.1399 0.6144 0.563, 0.1412 0.6122 0.563, 0.1423 0.6084 0.563, 0.1426 0.6036 0.563, 0.1245 0.6011 0.563, 0.1162 0.599 0.563, 0.1117 0.5966 0.563, 0.1084 0.5938 0.563, 0.1063 0.5907 0.563, 0.1049 0.5869 0.563, 0.1042 0.5811 0.563, 0.1047 0.5762 0.563, 0.106 0.5726 0.563, 0.1082 0.5693 0.563, 0.1094 0.5681 0.563, 0.1236 0.5632 0.563, 0.1174 0.564 0.563, 0.1172 0.564 0.563, 0.1131 0.5655 0.563, 0.1291 0.5638 0.563, 0.1294 0.564 0.563, 0.1335 0.5654 0.563, 0.1373 0.5679 0.563, 0.1407 0.5716 0.563, 0.1424 0.5741 0.563, 0.1426 0.5741 0.563, 0.1426 0.5647 0.563, 0.1534 0.5647 0.563, 0.1534 0.6041 0.563, 0.1525 0.6126 0.563, 0.1508 0.6173 0.563, 0.1485 0.6207 0.563, 0.1456 0.6234 0.563, 0.142 0.6254 0.563, 0.1374 0.6268 0.563, 0.1179 0.5897 0.563, 0.1193 0.5908 0.563, 0.1219 0.592 0.563, 0.1283 0.5935 0.563, 0.1151 0.5819 0.563, 0.1152 0.5837 0.563, 0.1157 0.5861 0.563, 0.1166 0.5881 0.563, 0.1182 0.5748 0.563, 0.1173 0.5757 0.563, 0.116 0.5775 0.563, 0.1153 0.5795 0.563, 0.1264 0.572 0.563, 0.1228 0.5725 0.563, 0.1203 0.5733 0.563, 0.138 0.577 0.563, 0.1367 0.5757 0.563, 0.1337 0.5737 0.563, 0.1304 0.5725 0.563, 0.1426 0.5895 0.563, 0.1426 0.5888 0.563, 0.1419 0.584 0.563, 0.1404 0.5802 0.563, 0.1426 0.5954 0.563
            ]
        }
        coordIndex [
            0,1,2,-1,2,1,3,-1,4,0,5,-1,5,0,2,-1,6,4,7,-1,7,4,5,-1,8,6,9,-1,9,6,7,-1,10,8,11,-1,11,8,9,-1,12,10,13,-1,13,10,11,-1,14,12,15,-1,15,12,13,-1,16,14,17,-1,17,14,15,-1,18,16,19,-1,19,16,17,-1,20,18,21,-1,21,18,19,-1,22,20,23,-1,23,20,21,-1,1,22,3,-1,3,22,23,-1,22,1,0,-1,0,4,22,-1,22,4,6,-1,22,6,20,-1,16,18,14,-1,14,18,20,-1,14,20,12,-1,12,20,6,-1,12,6,10,-1,10,6,8,-1,24,25,26,-1,26,25,27,-1,28,29,30,-1,31,32,33,-1,33,32,34,-1,35,36,27,-1,27,36,37,-1,37,38,27,-1,27,38,39,-1,27,39,26,-1,26,39,40,-1,26,40,31,-1,31,40,41,-1,31,41,32,-1,30,35,28,-1,28,35,27,-1,28,27,42,-1,42,27,43,-1,42,43,44,-1,44,43,45,-1,44,45,46,-1,46,45,47,-1,46,47,48,-1,48,47,49,-1,48,49,50,-1,50,49,51,-1,50,51,52,-1,52,51,53,-1,52,53,54,-1,54,53,55,-1,54,55,56,-1,56,55,57,-1,56,57,58,-1,58,57,59,-1,58,59,60,-1,60,59,61,-1,62,63,64,-1,64,63,65,-1,64,65,66,-1,66,65,67,-1,66,67,68,-1,68,67,69,-1,68,69,70,-1,70,69,71,-1,70,71,72,-1,72,71,73,-1,72,73,34,-1,34,73,74,-1,34,74,33,-1,28,75,29,-1,29,75,76,-1,29,76,77,-1,77,76,78,-1,77,78,79,-1,79,78,80,-1,79,80,81,-1,81,80,82,-1,81,82,83,-1,83,82,84,-1,83,84,85,-1,85,84,86,-1,85,86,87,-1,87,86,88,-1,87,88,89,-1,89,88,90,-1,89,90,62,-1,62,90,91,-1,62,91,63,-1,55,92,93,-1,55,93,57,-1,57,93,94,-1,57,94,59,-1,59,94,95,-1,59,95,61,-1,60,61,96,-1,96,61,95,-1,60,96,97,-1,60,97,58,-1,58,97,98,-1,58,98,56,-1,56,98,99,-1,56,99,54,-1,54,99,100,-1,54,100,52,-1,52,100,101,-1,52,101,50,-1,50,101,102,-1,50,102,48,-1,48,102,103,-1,48,103,46,-1,46,103,104,-1,46,104,44,-1,44,104,105,-1,44,105,42,-1,42,105,106,-1,42,106,28,-1,75,28,107,-1,107,28,106,-1,75,107,108,-1,75,108,76,-1,76,108,109,-1,76,109,78,-1,78,109,110,-1,78,110,80,-1,80,110,111,-1,80,111,82,-1,82,111,112,-1,82,112,84,-1,84,112,113,-1,84,113,86,-1,86,113,114,-1,86,114,88,-1,88,114,115,-1,88,115,90,-1,90,115,116,-1,90,116,91,-1,91,116,117,-1,91,117,63,-1,118,69,119,-1,119,69,67,-1,119,67,120,-1,120,67,65,-1,120,65,121,-1,121,65,63,-1,121,63,117,-1,69,118,122,-1,69,122,71,-1,71,122,123,-1,71,123,73,-1,123,124,73,-1,73,124,125,-1,73,125,74,-1,74,125,126,-1,74,126,33,-1,33,126,127,-1,33,127,31,-1,26,31,128,-1,128,31,127,-1,24,26,129,-1,129,26,128,-1,25,24,130,-1,130,24,129,-1,27,25,131,-1,131,25,130,-1,27,131,132,-1,27,132,43,-1,43,132,133,-1,43,133,45,-1,45,133,134,-1,45,134,47,-1,47,134,135,-1,47,135,49,-1,49,135,136,-1,49,136,51,-1,51,136,137,-1,51,137,53,-1,53,137,92,-1,53,92,55,-1,77,138,139,-1,77,139,29,-1,29,139,140,-1,29,140,30,-1,30,140,141,-1,30,141,35,-1,85,142,143,-1,85,143,83,-1,83,143,144,-1,83,144,81,-1,81,144,145,-1,81,145,79,-1,79,145,138,-1,79,138,77,-1,64,146,147,-1,64,147,62,-1,62,147,148,-1,62,148,89,-1,89,148,149,-1,89,149,87,-1,87,149,142,-1,87,142,85,-1,70,150,151,-1,70,151,68,-1,68,151,152,-1,68,152,66,-1,66,152,146,-1,66,146,64,-1,41,153,154,-1,41,154,32,-1,32,154,155,-1,32,155,34,-1,34,155,156,-1,34,156,72,-1,72,156,150,-1,72,150,70,-1,37,157,158,-1,37,158,38,-1,38,158,159,-1,38,159,39,-1,39,159,160,-1,39,160,40,-1,40,160,153,-1,40,153,41,-1,37,36,157,-1,157,36,161,-1,36,35,161,-1,161,35,141,-1,
        ]
    }
}
Shape{
    appearance Appearance {
        material  Material 	{
            diffuseColor 0.7529411764705882 0.7529411764705882 0.7529411764705882
            specularColor 0.6627450980392157 0.6627450980392157 0.6627450980392157
            ambientIntensity 0.7529
            transparency 0.0
            shininess 0.5
        }
    }
    geometry IndexedFaceSet {
        ccw TRUE
        solid FALSE
        coord DEF co Coordinate {
            point [
                0.1426 0.5888 0.563, 0.1426 0.5895 0.563, 0.1179 0.5897 0.563, 0.1426 0.5954 0.563, 0.1283 0.5935 0.563, 0.1219 0.592 0.563, 0.1193 0.5908 0.563, 0.1419 0.584 0.563, 0.1166 0.5881 0.563, 0.1404 0.5802 0.563, 0.1173 0.5757 0.563, 0.1182 0.5748 0.563, 0.1367 0.5757 0.563, 0.116 0.5775 0.563, 0.1337 0.5737 0.563, 0.1304 0.5725 0.563, 0.1264 0.572 0.563, 0.1157 0.5861 0.563, 0.1152 0.5837 0.563, 0.138 0.577 0.563, 0.1151 0.5819 0.563, 0.1153 0.5795 0.563, 0.1203 0.5733 0.563, 0.1228 0.5725 0.563
            ]
        }
        coordIndex [
            0,1,2,-1,1,3,4,-1,4,5,1,-1,1,5,6,-1,1,6,2,-1,0,2,7,-1,7,2,8,-1,7,8,9,-1,10,11,12,-1,10,12,13,-1,14,12,15,-1,15,12,16,-1,8,17,9,-1,9,17,18,-1,9,18,19,-1,19,18,20,-1,19,20,12,-1,12,20,21,-1,12,21,13,-1,11,22,12,-1,12,22,23,-1,12,23,16,-1,
        ]
    }
}
Shape{
    appearance Appearance {
        material  Material 	{
            diffuseColor 0.0 0.0 0.0
            specularColor 0.0 0.0 0.0
            ambientIntensity 0.0
            transparency 0.0
            shininess 0.5
        }
    }
    geometry IndexedFaceSet {
        ccw TRUE
        solid FALSE
        coord DEF co Coordinate {
            point [
                0.1856 0.572 0.5669, 0.1856 0.572 0.563, 0.1785 0.5729 0.563, 0.1785 0.5729 0.5669, 0.1718 0.5755 0.563, 0.1718 0.5755 0.5669, 0.1679 0.5779 0.563, 0.1679 0.5779 0.5669, 0.1679 0.5668 0.5669, 0.1679 0.5668 0.563, 0.1846 0.5632 0.563, 0.1846 0.5632 0.5669, 0.178 0.564 0.563, 0.175 0.5643 0.5669, 0.175 0.5643 0.563, 0.1915 0.564 0.563, 0.1933 0.5641 0.5669, 0.1933 0.5641 0.563, 0.1991 0.5662 0.563, 0.1991 0.5662 0.5669, 0.2024 0.5681 0.563, 0.2024 0.5681 0.5669, 0.2055 0.5708 0.563, 0.2055 0.5708 0.5669, 0.2075 0.5736 0.563, 0.2075 0.5736 0.5669, 0.2088 0.577 0.563, 0.2088 0.577 0.5669, 0.2093 0.5813 0.563, 0.2093 0.5813 0.5669, 0.2089 0.5853 0.563, 0.2089 0.5853 0.5669, 0.2077 0.5885 0.563, 0.2077 0.5885 0.5669, 0.2057 0.5915 0.563, 0.2057 0.5915 0.5669, 0.2031 0.5937 0.563, 0.2031 0.5937 0.5669, 0.196 0.5977 0.563, 0.196 0.5977 0.5669, 0.1918 0.5994 0.563, 0.1918 0.5994 0.5669, 0.1852 0.6023 0.563, 0.1852 0.6023 0.5669, 0.1814 0.6047 0.563, 0.1814 0.6047 0.5669, 0.1804 0.6058 0.563, 0.1804 0.6058 0.5669, 0.1796 0.6073 0.563, 0.1796 0.6073 0.5669, 0.1792 0.6089 0.563, 0.1792 0.6089 0.5669, 0.1791 0.6104 0.563, 0.1791 0.6104 0.5669, 0.1793 0.6121 0.563, 0.1793 0.6121 0.5669, 0.1798 0.6135 0.563, 0.1798 0.6135 0.5669, 0.1807 0.6149 0.563, 0.1807 0.6149 0.5669, 0.1823 0.6163 0.563, 0.1823 0.6163 0.5669, 0.1847 0.6176 0.563, 0.1847 0.6176 0.5669, 0.1876 0.6184 0.563, 0.1876 0.6184 0.5669, 0.1908 0.6186 0.563, 0.1908 0.6186 0.5669, 0.1982 0.6177 0.563, 0.1982 0.6177 0.5669, 0.2043 0.6154 0.563, 0.2043 0.6154 0.5669, 0.2064 0.6142 0.563, 0.2064 0.6142 0.5669, 0.2064 0.6246 0.5669, 0.2064 0.6246 0.563, 0.1988 0.6268 0.563, 0.1988 0.6268 0.5669, 0.1918 0.6273 0.563, 0.1918 0.6273 0.5669, 0.1838 0.6264 0.563, 0.1838 0.6264 0.5669, 0.1779 0.6243 0.563, 0.1779 0.6243 0.5669, 0.1749 0.6225 0.563, 0.1749 0.6225 0.5669, 0.1717 0.6196 0.563, 0.1717 0.6196 0.5669, 0.1697 0.6167 0.563, 0.1697 0.6167 0.5669, 0.1684 0.6132 0.563, 0.1684 0.6132 0.5669, 0.168 0.6094 0.563, 0.168 0.6094 0.5669, 0.1685 0.6052 0.563, 0.1685 0.6052 0.5669, 0.1696 0.6019 0.563, 0.1696 0.6019 0.5669, 0.171 0.5997 0.563, 0.171 0.5997 0.5669, 0.1728 0.5979 0.563, 0.1728 0.5979 0.5669, 0.1779 0.5945 0.563, 0.1779 0.5945 0.5669, 0.1843 0.5916 0.563, 0.1843 0.5916 0.5669, 0.1913 0.5886 0.563, 0.1913 0.5886 0.5669, 0.1955 0.5861 0.563, 0.1955 0.5861 0.5669, 0.1968 0.5847 0.563, 0.1968 0.5847 0.5669, 0.1977 0.5833 0.563, 0.1977 0.5833 0.5669, 0.1982 0.5816 0.563, 0.1982 0.5816 0.5669, 0.1983 0.5803 0.563, 0.1983 0.5803 0.5669, 0.198 0.5782 0.563, 0.198 0.5782 0.5669, 0.1975 0.5767 0.563, 0.1975 0.5767 0.5669, 0.1966 0.5753 0.563, 0.1966 0.5753 0.5669, 0.1953 0.5742 0.563, 0.1953 0.5742 0.5669, 0.1944 0.5736 0.563, 0.1944 0.5736 0.5669, 0.1916 0.5726 0.563, 0.1916 0.5726 0.5669, 0.1861 0.572 0.563, 0.1861 0.572 0.5669, 0.2625 0.6259 0.5669, 0.2737 0.6259 0.5669, 0.2625 0.6259 0.563, 0.2737 0.6259 0.563, 0.2458 0.5798 0.5669, 0.2458 0.5798 0.563, 0.245 0.5769 0.563, 0.245 0.5769 0.5669, 0.2445 0.5748 0.563, 0.2445 0.5748 0.5669, 0.2442 0.5748 0.5669, 0.2442 0.5748 0.563, 0.2429 0.5799 0.5669, 0.2429 0.5799 0.563, 0.2301 0.6167 0.563, 0.2269 0.6259 0.563, 0.2269 0.6259 0.5669, 0.2382 0.5934 0.563, 0.2149 0.6259 0.5669, 0.2149 0.6259 0.563, 0.2382 0.5666 0.563, 0.2389 0.5648 0.563, 0.2389 0.5648 0.5669, 0.2301 0.5872 0.563, 0.2342 0.5537 0.563, 0.2342 0.5537 0.5669, 0.2382 0.5631 0.563, 0.2385 0.564 0.563, 0.2321 0.5498 0.563, 0.2321 0.5498 0.5669, 0.2301 0.5476 0.563, 0.2301 0.5476 0.5669, 0.2281 0.5462 0.563, 0.2281 0.5462 0.5669, 0.2258 0.5453 0.563, 0.2258 0.5453 0.5669, 0.2232 0.545 0.563, 0.2232 0.545 0.5669, 0.2193 0.5455 0.563, 0.2193 0.5455 0.5669, 0.2171 0.5463 0.563, 0.2171 0.5463 0.5669, 0.2171 0.5367 0.5669, 0.2171 0.5367 0.563, 0.2217 0.5359 0.563, 0.2217 0.5359 0.5669, 0.224 0.5358 0.563, 0.224 0.5358 0.5669, 0.2459 0.5554 0.563, 0.2459 0.5554 0.5669, 0.241 0.546 0.5669, 0.2284 0.5363 0.563, 0.2284 0.5363 0.5669, 0.2301 0.537 0.563, 0.2326 0.5379 0.5669, 0.2326 0.5379 0.563, 0.2364 0.5406 0.563, 0.2364 0.5406 0.5669, 0.2371 0.5412 0.563, 0.2371 0.5412 0.5669, 0.2382 0.5426 0.563, 0.241 0.546 0.563, 0.2492 0.564 0.563, 0.3314 0.5745 0.5669, 0.3314 0.5647 0.5669, 0.3314 0.5745 0.563, 0.3314 0.5647 0.563, 0.2963 0.5745 0.563, 0.2963 0.5745 0.5669, 0.3124 0.5745 0.563, 0.2963 0.6033 0.5669, 0.2963 0.6033 0.563, 0.327 0.6033 0.563, 0.327 0.6033 0.5669, 0.3124 0.6033 0.563, 0.327 0.6131 0.5669, 0.327 0.6131 0.563, 0.2963 0.6131 0.563, 0.2963 0.6131 0.5669, 0.3124 0.6131 0.563, 0.2963 0.6406 0.5669, 0.2963 0.6406 0.563, 0.3294 0.6406 0.563, 0.3294 0.6406 0.5669, 0.3124 0.6406 0.563, 0.3294 0.6504 0.5669, 0.3294 0.6504 0.563, 0.2852 0.6504 0.563, 0.2852 0.6504 0.5669, 0.3124 0.6504 0.563, 0.2852 0.5647 0.5669, 0.2852 0.5647 0.563, 0.3124 0.5647 0.563, 0.4009 0.5888 0.5669, 0.3966 0.5834 0.5669, 0.4044 0.5767 0.5669, 0.3955 0.5824 0.5669, 0.3954 0.5702 0.5669, 0.3899 0.5786 0.5669, 0.3856 0.5664 0.5669, 0.3828 0.5758 0.5669, 0.3711 0.5647 0.5669, 0.3711 0.5745 0.5669, 0.3476 0.5647 0.5669, 0.3586 0.5745 0.5669, 0.3476 0.6504 0.5669, 0.3586 0.6406 0.5669, 0.372 0.6504 0.5669, 0.3716 0.6406 0.5669, 0.3851 0.649 0.5669, 0.3828 0.6393 0.5669, 0.3955 0.6452 0.5669, 0.3902 0.6366 0.5669, 0.4044 0.6391 0.5669, 0.3963 0.6325 0.5669, 0.4075 0.6361 0.5669, 0.3994 0.6293 0.5669, 0.4128 0.6286 0.5669, 0.4026 0.6242 0.5669, 0.416 0.6204 0.5669, 0.4048 0.6176 0.5669, 0.4174 0.6086 0.5669, 0.4057 0.6083 0.5669, 0.4169 0.6017 0.5669, 0.4055 0.6031 0.5669, 0.4146 0.5919 0.5669, 0.4038 0.5952 0.5669, 0.4101 0.5832 0.5669, 0.3711 0.5647 0.563, 0.3476 0.5647 0.563, 0.3856 0.5664 0.563, 0.3954 0.5702 0.563, 0.4044 0.5767 0.563, 0.4046 0.5769 0.563, 0.4101 0.5832 0.563, 0.4146 0.5919 0.563, 0.4169 0.6017 0.563, 0.4174 0.6086 0.563, 0.416 0.6204 0.563, 0.4128 0.6286 0.563, 0.4075 0.6361 0.563, 0.4046 0.6389 0.563, 0.4044 0.6391 0.563, 0.3955 0.6452 0.563, 0.3851 0.649 0.563, 0.372 0.6504 0.563, 0.3476 0.6504 0.563, 0.3716 0.6406 0.563, 0.3586 0.6406 0.563, 0.3586 0.5745 0.563, 0.3711 0.5745 0.563, 0.3966 0.5834 0.563, 0.3955 0.5824 0.563, 0.3899 0.5786 0.563, 0.3828 0.5758 0.563, 0.4057 0.6083 0.563, 0.4055 0.6031 0.563, 0.4038 0.5952 0.563, 0.4009 0.5888 0.563, 0.3963 0.6325 0.563, 0.3994 0.6293 0.563, 0.4026 0.6242 0.563, 0.4048 0.6176 0.563, 0.3828 0.6393 0.563, 0.3902 0.6366 0.563
            ]
        }
        coordIndex [
            0,1,2,-1,0,2,3,-1,3,2,4,-1,3,4,5,-1,5,4,6,-1,5,6,7,-1,8,7,9,-1,9,7,6,-1,10,11,12,-1,12,11,13,-1,12,13,14,-1,14,13,8,-1,14,8,9,-1,10,15,11,-1,11,15,16,-1,15,17,16,-1,16,17,18,-1,16,18,19,-1,19,18,20,-1,19,20,21,-1,21,20,22,-1,21,22,23,-1,23,22,24,-1,23,24,25,-1,25,24,26,-1,25,26,27,-1,27,26,28,-1,27,28,29,-1,29,28,30,-1,29,30,31,-1,31,30,32,-1,31,32,33,-1,33,32,34,-1,33,34,35,-1,35,34,36,-1,35,36,37,-1,37,36,38,-1,37,38,39,-1,39,38,40,-1,39,40,41,-1,41,40,42,-1,41,42,43,-1,43,42,44,-1,43,44,45,-1,45,44,46,-1,45,46,47,-1,47,46,48,-1,47,48,49,-1,49,48,50,-1,49,50,51,-1,51,50,52,-1,51,52,53,-1,53,52,54,-1,53,54,55,-1,55,54,56,-1,55,56,57,-1,57,56,58,-1,57,58,59,-1,59,58,60,-1,59,60,61,-1,61,60,62,-1,61,62,63,-1,63,62,64,-1,63,64,65,-1,65,64,66,-1,65,66,67,-1,67,66,68,-1,67,68,69,-1,69,68,70,-1,69,70,71,-1,71,70,72,-1,71,72,73,-1,74,73,75,-1,75,73,72,-1,74,75,76,-1,74,76,77,-1,77,76,78,-1,77,78,79,-1,79,78,80,-1,79,80,81,-1,81,80,82,-1,81,82,83,-1,83,82,84,-1,83,84,85,-1,85,84,86,-1,85,86,87,-1,87,86,88,-1,87,88,89,-1,89,88,90,-1,89,90,91,-1,91,90,92,-1,91,92,93,-1,93,92,94,-1,93,94,95,-1,95,94,96,-1,95,96,97,-1,97,96,98,-1,97,98,99,-1,99,98,100,-1,99,100,101,-1,101,100,102,-1,101,102,103,-1,103,102,104,-1,103,104,105,-1,105,104,106,-1,105,106,107,-1,107,106,108,-1,107,108,109,-1,109,108,110,-1,109,110,111,-1,111,110,112,-1,111,112,113,-1,113,112,114,-1,113,114,115,-1,115,114,116,-1,115,116,117,-1,117,116,118,-1,117,118,119,-1,119,118,120,-1,119,120,121,-1,121,120,122,-1,121,122,123,-1,123,122,124,-1,123,124,125,-1,125,124,126,-1,125,126,127,-1,127,126,128,-1,127,128,129,-1,129,128,130,-1,129,130,131,-1,131,130,1,-1,131,1,0,-1,59,61,83,-1,83,61,81,-1,107,41,105,-1,105,41,43,-1,19,21,123,-1,123,21,23,-1,123,23,121,-1,121,23,25,-1,121,25,119,-1,119,25,27,-1,119,27,117,-1,117,27,29,-1,117,29,115,-1,115,29,31,-1,115,31,113,-1,113,31,33,-1,113,33,111,-1,111,33,35,-1,111,35,109,-1,109,35,37,-1,109,37,107,-1,107,37,39,-1,107,39,41,-1,11,0,13,-1,13,0,3,-1,13,3,8,-1,8,3,5,-1,8,5,7,-1,61,63,81,-1,81,63,65,-1,81,65,79,-1,79,65,67,-1,79,67,77,-1,77,67,69,-1,77,69,74,-1,74,69,71,-1,74,71,73,-1,123,125,19,-1,19,125,127,-1,19,127,16,-1,16,127,129,-1,16,129,11,-1,11,129,131,-1,11,131,0,-1,83,85,59,-1,59,85,87,-1,59,87,57,-1,57,87,89,-1,57,89,55,-1,55,89,91,-1,55,91,53,-1,53,91,93,-1,53,93,51,-1,51,93,95,-1,51,95,49,-1,49,95,97,-1,49,97,47,-1,47,97,99,-1,47,99,45,-1,45,99,101,-1,45,101,43,-1,43,101,103,-1,43,103,105,-1,132,133,134,-1,134,133,135,-1,136,132,137,-1,137,132,134,-1,136,137,138,-1,136,138,139,-1,139,138,140,-1,139,140,141,-1,142,141,143,-1,143,141,140,-1,144,142,145,-1,145,142,143,-1,146,147,148,-1,146,148,149,-1,149,148,144,-1,149,144,145,-1,150,148,151,-1,151,148,147,-1,152,153,154,-1,152,154,155,-1,155,154,150,-1,155,150,151,-1,156,157,158,-1,158,157,154,-1,158,154,159,-1,159,154,153,-1,157,156,160,-1,157,160,161,-1,161,160,162,-1,161,162,163,-1,163,162,164,-1,163,164,165,-1,165,164,166,-1,165,166,167,-1,167,166,168,-1,167,168,169,-1,169,168,170,-1,169,170,171,-1,171,170,172,-1,171,172,173,-1,174,173,175,-1,175,173,172,-1,174,175,176,-1,174,176,177,-1,177,176,178,-1,177,178,179,-1,180,181,182,-1,179,178,183,-1,179,183,184,-1,184,183,185,-1,184,185,186,-1,185,187,186,-1,186,187,188,-1,186,188,189,-1,189,188,190,-1,189,190,191,-1,191,190,192,-1,191,192,182,-1,182,192,193,-1,182,193,180,-1,135,133,194,-1,194,133,181,-1,194,181,180,-1,139,141,181,-1,133,132,181,-1,181,132,136,-1,181,136,139,-1,148,150,144,-1,144,150,154,-1,144,154,142,-1,182,161,191,-1,191,161,163,-1,173,174,171,-1,171,174,177,-1,171,177,169,-1,169,177,179,-1,169,179,167,-1,167,179,184,-1,167,184,165,-1,165,184,186,-1,165,186,163,-1,163,186,189,-1,163,189,191,-1,141,142,181,-1,181,142,154,-1,181,154,182,-1,182,154,157,-1,182,157,161,-1,195,196,197,-1,197,196,198,-1,199,200,201,-1,201,200,195,-1,201,195,197,-1,202,200,203,-1,203,200,199,-1,204,205,206,-1,206,205,202,-1,206,202,203,-1,207,205,208,-1,208,205,204,-1,209,210,211,-1,211,210,207,-1,211,207,208,-1,212,210,213,-1,213,210,209,-1,214,215,216,-1,216,215,212,-1,216,212,213,-1,217,215,218,-1,218,215,214,-1,219,220,221,-1,221,220,217,-1,221,217,218,-1,222,220,223,-1,223,220,219,-1,198,196,224,-1,224,196,222,-1,224,222,223,-1,222,196,195,-1,195,200,222,-1,222,200,202,-1,222,202,220,-1,215,217,212,-1,212,217,220,-1,212,220,210,-1,210,220,202,-1,210,202,207,-1,207,202,205,-1,225,226,227,-1,227,226,228,-1,227,228,229,-1,229,228,230,-1,229,230,231,-1,231,230,232,-1,231,232,233,-1,233,232,234,-1,233,234,235,-1,235,234,236,-1,235,236,237,-1,237,236,238,-1,237,238,239,-1,239,238,240,-1,239,240,241,-1,241,240,242,-1,241,242,243,-1,243,242,244,-1,243,244,245,-1,245,244,246,-1,245,246,247,-1,247,246,248,-1,247,248,249,-1,249,248,250,-1,249,250,251,-1,251,250,252,-1,251,252,253,-1,253,252,254,-1,253,254,255,-1,255,254,256,-1,255,256,257,-1,257,256,258,-1,257,258,259,-1,259,258,225,-1,259,225,227,-1,233,235,260,-1,260,235,261,-1,233,260,262,-1,233,262,231,-1,231,262,263,-1,231,263,229,-1,229,263,264,-1,229,264,227,-1,227,264,265,-1,227,265,259,-1,265,266,259,-1,259,266,267,-1,259,267,257,-1,257,267,268,-1,257,268,255,-1,255,268,269,-1,255,269,253,-1,253,269,270,-1,253,270,251,-1,251,270,271,-1,251,271,249,-1,249,271,272,-1,249,272,247,-1,247,272,245,-1,245,272,273,-1,245,273,274,-1,245,274,275,-1,245,275,243,-1,243,275,276,-1,243,276,241,-1,241,276,277,-1,241,277,239,-1,237,239,278,-1,278,239,277,-1,235,237,261,-1,261,237,278,-1,240,238,279,-1,279,238,280,-1,238,236,280,-1,280,236,281,-1,236,234,281,-1,281,234,282,-1,226,283,284,-1,226,284,228,-1,228,284,285,-1,228,285,230,-1,230,285,286,-1,230,286,232,-1,232,286,282,-1,232,282,234,-1,254,287,288,-1,254,288,256,-1,256,288,289,-1,256,289,258,-1,258,289,290,-1,258,290,225,-1,225,290,283,-1,225,283,226,-1,246,291,292,-1,246,292,248,-1,248,292,293,-1,248,293,250,-1,250,293,294,-1,250,294,252,-1,252,294,287,-1,252,287,254,-1,240,279,295,-1,240,295,242,-1,242,295,296,-1,242,296,244,-1,244,296,291,-1,244,291,246,-1,
        ]
    }
}
Shape{
    appearance Appearance {
        material  Material 	{
            diffuseColor 0.7529411764705882 0.7529411764705882 0.7529411764705882
            specularColor 0.6627450980392157 0.6627450980392157 0.6627450980392157
            ambientIntensity 0.7529
            transparency 0.0
            shininess 0.5
        }
    }
    geometry IndexedFaceSet {
        ccw TRUE
        solid FALSE
        coord DEF co Coordinate {
            point [
                0.3586 0.6406 0.563, 0.3586 0.5745 0.563, 0.3716 0.6406 0.563, 0.3711 0.5745 0.563, 0.3955 0.5824 0.563, 0.3966 0.5834 0.563, 0.3828 0.5758 0.563, 0.3899 0.5786 0.563, 0.4055 0.6031 0.563, 0.4057 0.6083 0.563, 0.4009 0.5888 0.563, 0.4038 0.5952 0.563, 0.4048 0.6176 0.563, 0.4026 0.6242 0.563, 0.3994 0.6293 0.563, 0.3963 0.6325 0.563, 0.3902 0.6366 0.563, 0.3828 0.6393 0.563
            ]
        }
        coordIndex [
            0,1,2,-1,2,1,3,-1,2,4,5,-1,3,6,2,-1,2,6,7,-1,2,7,4,-1,8,9,2,-1,5,10,2,-1,2,10,11,-1,2,11,8,-1,9,12,2,-1,2,12,13,-1,2,13,14,-1,14,15,2,-1,2,15,16,-1,2,16,17,-1,
        ]
    }
}
Shape{
    appearance Appearance {
        material  Material 	{
            diffuseColor 0.0 0.0 0.0
            specularColor 0.0 0.0 0.0
            ambientIntensity 0.0
            transparency 0.0
            shininess 0.5
        }
    }
    geometry IndexedFaceSet {
        ccw TRUE
        solid FALSE
        coord DEF co Coordinate {
            point [
                0.4461 0.5978 0.5669, 0.4426 0.5881 0.5669, 0.4749 0.5978 0.5669, 0.4783 0.5881 0.5669, 0.4589 0.6335 0.5669, 0.4548 0.6504 0.5669, 0.4221 0.5647 0.5669, 0.4344 0.5647 0.5669, 0.4597 0.636 0.5669, 0.4603 0.6395 0.5669, 0.4666 0.6504 0.5669, 0.4606 0.6395 0.5669, 0.4613 0.6358 0.5669, 0.4619 0.6335 0.5669, 0.4993 0.5647 0.5669, 0.487 0.5647 0.5669, 0.4666 0.6504 0.563, 0.4993 0.5647 0.563, 0.4548 0.6504 0.563, 0.4221 0.5647 0.563, 0.4344 0.5647 0.563, 0.4426 0.5881 0.563, 0.4783 0.5881 0.563, 0.487 0.5647 0.563, 0.4461 0.5978 0.563, 0.4749 0.5978 0.563, 0.4619 0.6335 0.563, 0.4606 0.6395 0.563, 0.4613 0.6358 0.563, 0.4603 0.6395 0.563, 0.4589 0.6335 0.563, 0.4597 0.636 0.563
            ]
        }
        coordIndex [
            0,1,2,-1,2,1,3,-1,4,5,0,-1,0,5,6,-1,0,6,1,-1,1,6,7,-1,4,8,5,-1,5,8,9,-1,5,9,10,-1,10,9,11,-1,10,11,12,-1,12,13,10,-1,10,13,2,-1,10,2,14,-1,14,2,3,-1,14,3,15,-1,10,14,16,-1,16,14,17,-1,5,10,18,-1,18,10,16,-1,6,5,19,-1,19,5,18,-1,7,6,20,-1,20,6,19,-1,1,7,21,-1,21,7,20,-1,3,1,22,-1,22,1,21,-1,15,3,23,-1,23,3,22,-1,14,15,17,-1,17,15,23,-1,0,2,24,-1,24,2,25,-1,2,13,25,-1,25,13,26,-1,11,27,28,-1,11,28,12,-1,12,28,26,-1,12,26,13,-1,11,9,27,-1,27,9,29,-1,4,30,31,-1,4,31,8,-1,8,31,29,-1,8,29,9,-1,4,0,30,-1,30,0,24,-1,
        ]
    }
}
Shape{
    appearance Appearance {
        material  Material 	{
            diffuseColor 0.7529411764705882 0.7529411764705882 0.7529411764705882
            specularColor 0.6627450980392157 0.6627450980392157 0.6627450980392157
            ambientIntensity 0.7529
            transparency 0.0
            shininess 0.5
        }
    }
    geometry IndexedFaceSet {
        ccw TRUE
        solid FALSE
        coord DEF co Coordinate {
            point [
                0.4606 0.6395 0.563, 0.4603 0.6395 0.563, 0.4613 0.6358 0.563, 0.4597 0.636 0.563, 0.4619 0.6335 0.563, 0.4589 0.6335 0.563, 0.4749 0.5978 0.563, 0.4461 0.5978 0.563
            ]
        }
        coordIndex [
            0,1,2,-1,2,1,3,-1,2,3,4,-1,4,3,5,-1,4,5,6,-1,6,5,7,-1,
        ]
    }
}
Shape{
    appearance Appearance {
        material  Material 	{
            diffuseColor 0.0 0.0 0.0
            specularColor 0.0 0.0 0.0
            ambientIntensity 0.0
            transparency 0.0
            shininess 0.5
        }
    }
    geometry IndexedFaceSet {
        ccw TRUE
        solid FALSE
        coord DEF co Coordinate {
            point [
                -0.3309 0.5525 0.5669, -0.3218 0.5413 0.5669, -0.3364 0.6064 0.5669, -0.347 0.7124 0.5669, -0.3335 0.7196 0.5669, -0.3366 0.7571 0.5669, -0.2986 0.7589 0.5669, -0.2797 0.7143 0.5669, -0.2704 0.7336 0.5669, -0.3497 0.6146 0.5669, -0.3447 0.5679 0.5669, -0.337 0.5656 0.5669, -0.3126 0.7601 0.5669, -0.2746 0.6077 0.5669, -0.269 0.6057 0.5669, -0.2181 0.5912 0.5669, -0.2641 0.6024 0.5669, -0.2601 0.598 0.5669, -0.1328 0.6363 0.5669, -0.1517 0.6686 0.5669, -0.2334 0.626 0.5669, -0.2797 0.6083 0.5669, -0.2857 0.6075 0.5669, -0.2937 0.6449 0.5669, -0.291 0.6054 0.5669, -0.3071 0.6397 0.5669, -0.2958 0.602 0.5669, -0.3196 0.6311 0.5669, -0.2982 0.5995 0.5669, -0.3297 0.6195 0.5669, -0.3013 0.5944 0.5669, -0.3031 0.5887 0.5669, -0.3034 0.5827 0.5669, -0.257 0.6426 0.5669, -0.2717 0.6462 0.5669, -0.2791 0.6467 0.5669, -0.2575 0.593 0.5669, -0.2561 0.5873 0.5669, -0.2181 0.5851 0.5669, -0.2561 0.5818 0.5669, -0.2185 0.5787 0.5669, -0.1127 0.6967 0.5669, -0.1078 0.6967 0.5669, -0.0828 0.7296 0.5669, -0.0962 0.6952 0.5669, -0.0798 0.7286 0.5669, -0.0855 0.6911 0.5669, -0.0617 0.7196 0.5669, -0.0451 0.7056 0.5669, -0.2861 0.7734 0.5669, -0.2567 0.75 0.5669, -0.2718 0.7857 0.5669, -0.2404 0.7619 0.5669, -0.2565 0.7951 0.5669, -0.3184 0.7232 0.5669, -0.312 0.7235 0.5669, -0.3056 0.7597 0.5669, -0.2977 0.7217 0.5669, -0.284 0.7167 0.5669, -0.244 0.6357 0.5669, -0.045 0.5918 0.5669, -0.0734 0.616 0.5669, -0.0616 0.5778 0.5669, -0.0824 0.6087 0.5669, -0.0802 0.5687 0.5669, -0.0932 0.6037 0.5669, -0.1005 0.5644 0.5669, -0.1041 0.6016 0.5669, -0.1364 0.5644 0.5669, -0.1316 0.6016 0.5669, -0.1399 0.5649 0.5669, -0.3023 0.577 0.5669, -0.2999 0.5719 0.5669, -0.0761 0.6845 0.5669, -0.0691 0.6767 0.5669, -0.0327 0.6883 0.5669, -0.0634 0.6662 0.5669, -0.0252 0.6696 0.5669, -0.0605 0.6545 0.5669, -0.0224 0.6497 0.5669, -0.0602 0.6491 0.5669, -0.0252 0.628 0.5669, -0.0617 0.6372 0.5669, -0.0329 0.6087 0.5669, -0.0659 0.6264 0.5669, -0.0726 0.6169 0.5669, -0.1157 0.7777 0.5669, -0.1396 0.7498 0.5669, -0.0955 0.7543 0.5669, -0.1258 0.7333 0.5669, -0.1164 0.7137 0.5669, -0.3712 0.6773 0.5669, -0.4112 0.6672 0.5669, -0.373 0.6625 0.5669, -0.4114 0.6613 0.5669, -0.3722 0.6531 0.5669, -0.4084 0.6374 0.5669, -0.3679 0.6382 0.5669, -0.3997 0.6147 0.5669, -0.3606 0.6259 0.5669, -0.3858 0.5949 0.5669, -0.3668 0.5786 0.5669, -0.222 0.5637 0.5669, -0.2575 0.5759 0.5669, -0.2293 0.5501 0.5669, -0.2604 0.5707 0.5669, -0.2386 0.5396 0.5669, -0.2637 0.5669 0.5669, -0.2507 0.5312 0.5669, -0.2683 0.5636 0.5669, -0.2643 0.526 0.5669, -0.2736 0.5615 0.5669, -0.2791 0.5241 0.5669, -0.2797 0.5607 0.5669, -0.2814 0.5242 0.5669, -0.2807 0.5607 0.5669, -0.2958 0.5264 0.5669, -0.2862 0.5616 0.5669, -0.3099 0.5323 0.5669, -0.2917 0.564 0.5669, -0.2964 0.5676 0.5669, -0.2284 0.8058 0.5669, -0.2205 0.77 0.5669, -0.1986 0.8095 0.5669, -0.198 0.7729 0.5669, -0.1721 0.8065 0.5669, -0.1773 0.7703 0.5669, -0.1417 0.7954 0.5669, -0.1582 0.763 0.5669, -0.1411 0.7511 0.5669, -0.3592 0.7483 0.5669, -0.3786 0.7347 0.5669, -0.3575 0.703 0.5669, -0.3827 0.7308 0.5669, -0.3659 0.6909 0.5669, -0.3974 0.712 0.5669, -0.4071 0.6901 0.5669, -0.1346 0.6021 0.5669, -0.1493 0.5708 0.5669, -0.1479 0.5693 0.5669, -0.1328 0.6017 0.5669, -0.1439 0.5665 0.5669, -0.1541 0.5833 0.5669, -0.1535 0.5787 0.5669, -0.1519 0.5746 0.5669, -0.1399 0.6016 0.5669, -0.1441 0.5999 0.5669, -0.154 0.5857 0.5669, -0.1479 0.5973 0.5669, -0.1504 0.5945 0.5669, -0.1527 0.5903 0.5669, -0.1352 0.6022 0.5669, -0.0411 0.7 0.563, -0.0327 0.6883 0.563, -0.0273 0.6748 0.563, -0.0252 0.6696 0.563, -0.0224 0.6497 0.563, -0.0451 0.7056 0.563, -0.0617 0.7196 0.563, -0.0798 0.7286 0.563, -0.0828 0.7296 0.563, -0.0955 0.7543 0.563, -0.1157 0.7777 0.563, -0.1417 0.7954 0.563, -0.1721 0.8065 0.563, -0.1986 0.8095 0.563, -0.2284 0.8058 0.563, -0.2565 0.7951 0.563, -0.2718 0.7857 0.563, -0.2861 0.7734 0.563, -0.2986 0.7589 0.563, -0.3056 0.7597 0.563, -0.3126 0.7601 0.563, -0.3366 0.7571 0.563, -0.3592 0.7483 0.563, -0.3786 0.7347 0.563, -0.3827 0.7308 0.563, -0.3974 0.712 0.563, -0.4027 0.7 0.563, -0.4071 0.6901 0.563, -0.4098 0.6748 0.563, -0.4112 0.6672 0.563, -0.4114 0.6613 0.563, -0.4084 0.6374 0.563, -0.3997 0.6147 0.563, -0.3858 0.5949 0.563, -0.3668 0.5786 0.563, -0.3447 0.5679 0.563, -0.337 0.5656 0.563, -0.3362 0.564 0.563, -0.3309 0.5525 0.563, -0.3218 0.5413 0.563, -0.3099 0.5323 0.563, -0.2958 0.5264 0.563, -0.2814 0.5242 0.563, -0.2791 0.5241 0.563, -0.2181 0.5851 0.563, -0.2643 0.526 0.563, -0.2507 0.5312 0.563, -0.2386 0.5396 0.563, -0.2293 0.5501 0.563, -0.222 0.5637 0.563, -0.222 0.564 0.563, -0.2185 0.5787 0.563, -0.2181 0.5912 0.563, -0.1328 0.6363 0.563, -0.1517 0.6686 0.563, -0.2334 0.626 0.563, -0.244 0.6357 0.563, -0.257 0.6426 0.563, -0.2717 0.6462 0.563, -0.2791 0.6467 0.563, -0.2937 0.6449 0.563, -0.3071 0.6397 0.563, -0.3196 0.6311 0.563, -0.3297 0.6195 0.563, -0.3364 0.6064 0.563, -0.3497 0.6146 0.563, -0.3606 0.6259 0.563, -0.3679 0.6382 0.563, -0.3722 0.6531 0.563, -0.373 0.6625 0.563, -0.3715 0.6748 0.563, -0.3712 0.6773 0.563, -0.3659 0.6909 0.563, -0.3596 0.7 0.563, -0.3575 0.703 0.563, -0.347 0.7124 0.563, -0.3335 0.7196 0.563, -0.3184 0.7232 0.563, -0.312 0.7235 0.563, -0.2977 0.7217 0.563, -0.284 0.7167 0.563, -0.2797 0.7143 0.563, -0.2704 0.7336 0.563, -0.2567 0.75 0.563, -0.2404 0.7619 0.563, -0.2205 0.77 0.563, -0.198 0.7729 0.563, -0.1773 0.7703 0.563, -0.1582 0.763 0.563, -0.1411 0.7511 0.563, -0.1396 0.7498 0.563, -0.1258 0.7333 0.563, -0.1164 0.7137 0.563, -0.1134 0.7 0.563, -0.1127 0.6967 0.563, -0.1078 0.6967 0.563, -0.0962 0.6952 0.563, -0.0855 0.6911 0.563, -0.0761 0.6845 0.563, -0.0691 0.6767 0.563, -0.0681 0.6748 0.563, -0.0634 0.6662 0.563, -0.0605 0.6545 0.563, -0.0602 0.6491 0.563, -0.0617 0.6372 0.563, -0.0659 0.6264 0.563, -0.0726 0.6169 0.563, -0.0734 0.616 0.563, -0.0824 0.6087 0.563, -0.0932 0.6037 0.563, -0.1041 0.6016 0.563, -0.1316 0.6016 0.563, -0.1328 0.6017 0.563, -0.1346 0.6021 0.563, -0.1352 0.6022 0.563, -0.1399 0.6016 0.563, -0.1441 0.5999 0.563, -0.1479 0.5973 0.563, -0.1504 0.5945 0.563, -0.1527 0.5903 0.563, -0.154 0.5857 0.563, -0.1541 0.5833 0.563, -0.1535 0.5787 0.563, -0.1519 0.5746 0.563, -0.1493 0.5708 0.563, -0.1479 0.5693 0.563, -0.1439 0.5665 0.563, -0.1399 0.5649 0.563, -0.1364 0.5644 0.563, -0.1005 0.5644 0.563, -0.0802 0.5687 0.563, -0.0616 0.5778 0.563, -0.045 0.5918 0.563, -0.0329 0.6087 0.563, -0.0252 0.628 0.563, -0.2797 0.6083 0.563, -0.2746 0.6077 0.563, -0.269 0.6057 0.563, -0.2641 0.6024 0.563, -0.2601 0.598 0.563, -0.2575 0.593 0.563, -0.2561 0.5873 0.563, -0.2561 0.5818 0.563, -0.2575 0.5759 0.563, -0.2604 0.5707 0.563, -0.2637 0.5669 0.563, -0.2683 0.5636 0.563, -0.2736 0.5615 0.563, -0.2797 0.5607 0.563, -0.2807 0.5607 0.563, -0.2862 0.5616 0.563, -0.2917 0.564 0.563, -0.2964 0.5676 0.563, -0.2999 0.5719 0.563, -0.3023 0.577 0.563, -0.3034 0.5827 0.563, -0.3031 0.5887 0.563, -0.3013 0.5944 0.563, -0.2982 0.5995 0.563, -0.2958 0.602 0.563, -0.291 0.6054 0.563, -0.2857 0.6075 0.563
            ]
        }
        coordIndex [
            0,1,2,-1,3,4,5,-1,6,7,8,-1,9,10,2,-1,2,10,11,-1,2,11,0,-1,5,4,12,-1,13,14,15,-1,15,14,16,-1,15,16,17,-1,18,19,15,-1,15,19,20,-1,15,20,13,-1,13,20,21,-1,22,23,24,-1,24,23,25,-1,24,25,26,-1,26,25,27,-1,26,27,28,-1,28,27,29,-1,28,29,30,-1,30,29,2,-1,30,2,31,-1,31,2,32,-1,33,34,22,-1,22,34,35,-1,22,35,23,-1,17,36,15,-1,15,36,37,-1,15,37,38,-1,38,37,39,-1,38,39,40,-1,41,42,43,-1,43,42,44,-1,43,44,45,-1,45,44,46,-1,45,46,47,-1,47,46,48,-1,6,8,49,-1,49,8,50,-1,49,50,51,-1,51,50,52,-1,51,52,53,-1,4,54,12,-1,12,54,55,-1,12,55,56,-1,56,55,57,-1,56,57,6,-1,6,57,58,-1,6,58,7,-1,21,20,22,-1,22,20,59,-1,22,59,33,-1,60,61,62,-1,62,61,63,-1,62,63,64,-1,64,63,65,-1,64,65,66,-1,66,65,67,-1,66,67,68,-1,68,67,69,-1,68,69,70,-1,32,2,71,-1,71,2,1,-1,71,1,72,-1,46,73,48,-1,48,73,74,-1,48,74,75,-1,75,74,76,-1,75,76,77,-1,77,76,78,-1,77,78,79,-1,79,78,80,-1,79,80,81,-1,81,80,82,-1,81,82,83,-1,83,82,84,-1,83,84,60,-1,60,84,85,-1,60,85,61,-1,86,87,88,-1,88,87,89,-1,88,89,43,-1,43,89,90,-1,43,90,41,-1,91,92,93,-1,93,92,94,-1,93,94,95,-1,95,94,96,-1,95,96,97,-1,97,96,98,-1,97,98,99,-1,99,98,100,-1,99,100,9,-1,9,100,101,-1,9,101,10,-1,40,39,102,-1,102,39,103,-1,102,103,104,-1,104,103,105,-1,104,105,106,-1,106,105,107,-1,106,107,108,-1,108,107,109,-1,108,109,110,-1,110,109,111,-1,110,111,112,-1,112,111,113,-1,112,113,114,-1,114,113,115,-1,114,115,116,-1,116,115,117,-1,116,117,118,-1,118,117,119,-1,118,119,1,-1,1,119,120,-1,1,120,72,-1,53,52,121,-1,121,52,122,-1,121,122,123,-1,123,122,124,-1,123,124,125,-1,125,124,126,-1,125,126,127,-1,127,126,128,-1,127,128,86,-1,86,128,129,-1,86,129,87,-1,5,130,3,-1,3,130,131,-1,3,131,132,-1,132,131,133,-1,132,133,134,-1,134,133,135,-1,134,135,91,-1,91,135,136,-1,91,136,92,-1,137,138,139,-1,69,140,70,-1,70,140,137,-1,70,137,141,-1,141,137,139,-1,142,143,137,-1,137,143,144,-1,137,144,138,-1,145,146,147,-1,146,148,147,-1,147,148,149,-1,147,149,150,-1,142,137,147,-1,147,137,151,-1,147,151,145,-1,152,48,153,-1,153,48,75,-1,153,75,154,-1,154,75,77,-1,154,77,155,-1,155,77,79,-1,155,79,156,-1,152,157,48,-1,48,157,158,-1,48,158,47,-1,47,158,159,-1,47,159,45,-1,45,159,160,-1,45,160,43,-1,43,160,161,-1,43,161,88,-1,88,161,162,-1,88,162,86,-1,86,162,163,-1,86,163,127,-1,127,163,164,-1,127,164,125,-1,125,164,165,-1,125,165,123,-1,123,165,166,-1,123,166,121,-1,121,166,167,-1,121,167,53,-1,53,167,168,-1,53,168,51,-1,51,168,169,-1,51,169,49,-1,49,169,170,-1,49,170,6,-1,6,170,171,-1,6,171,56,-1,56,171,172,-1,56,172,12,-1,12,172,173,-1,12,173,5,-1,5,173,174,-1,5,174,130,-1,130,174,175,-1,130,175,131,-1,131,175,176,-1,131,176,133,-1,136,135,177,-1,177,135,133,-1,177,133,176,-1,177,178,136,-1,136,178,179,-1,136,179,92,-1,92,179,180,-1,180,181,92,-1,92,181,182,-1,92,182,94,-1,94,182,183,-1,94,183,96,-1,96,183,184,-1,96,184,98,-1,98,184,185,-1,98,185,100,-1,100,185,186,-1,100,186,101,-1,101,186,187,-1,101,187,10,-1,10,187,188,-1,10,188,11,-1,11,188,189,-1,11,189,0,-1,189,190,0,-1,0,190,191,-1,0,191,1,-1,1,191,192,-1,1,192,118,-1,118,192,193,-1,118,193,116,-1,116,193,194,-1,116,194,114,-1,114,194,195,-1,114,195,112,-1,196,38,40,-1,112,195,197,-1,112,197,110,-1,110,197,198,-1,110,198,108,-1,108,198,199,-1,108,199,106,-1,106,199,200,-1,106,200,104,-1,104,200,201,-1,104,201,102,-1,102,201,202,-1,102,202,40,-1,40,202,203,-1,40,203,196,-1,15,38,204,-1,204,38,196,-1,18,15,205,-1,205,15,204,-1,19,18,206,-1,206,18,205,-1,20,19,207,-1,207,19,206,-1,20,207,208,-1,20,208,59,-1,59,208,209,-1,59,209,33,-1,33,209,210,-1,33,210,34,-1,34,210,211,-1,34,211,35,-1,35,211,212,-1,35,212,23,-1,23,212,213,-1,23,213,25,-1,25,213,214,-1,25,214,27,-1,27,214,215,-1,27,215,29,-1,29,215,216,-1,29,216,2,-1,2,216,217,-1,2,217,9,-1,9,217,218,-1,9,218,99,-1,99,218,219,-1,99,219,97,-1,97,219,220,-1,97,220,95,-1,95,220,221,-1,95,221,93,-1,91,93,221,-1,221,222,91,-1,91,222,223,-1,91,223,224,-1,225,132,224,-1,224,132,134,-1,224,134,91,-1,225,226,132,-1,132,226,227,-1,132,227,3,-1,3,227,228,-1,3,228,4,-1,4,228,229,-1,4,229,54,-1,54,229,230,-1,54,230,55,-1,55,230,231,-1,55,231,57,-1,57,231,232,-1,57,232,58,-1,58,232,233,-1,58,233,7,-1,7,233,234,-1,7,234,8,-1,8,234,235,-1,8,235,50,-1,50,235,236,-1,50,236,52,-1,52,236,237,-1,52,237,122,-1,122,237,238,-1,122,238,124,-1,124,238,239,-1,124,239,126,-1,126,239,240,-1,126,240,128,-1,128,240,241,-1,128,241,129,-1,129,241,242,-1,129,242,87,-1,87,242,243,-1,87,243,89,-1,89,243,244,-1,89,244,90,-1,90,244,41,-1,41,244,245,-1,41,245,246,-1,42,41,247,-1,247,41,246,-1,42,247,248,-1,42,248,44,-1,44,248,249,-1,44,249,46,-1,46,249,250,-1,46,250,73,-1,73,250,251,-1,73,251,74,-1,74,251,252,-1,74,252,76,-1,252,253,76,-1,76,253,254,-1,76,254,78,-1,78,254,255,-1,78,255,80,-1,80,255,256,-1,80,256,82,-1,82,256,257,-1,82,257,84,-1,84,257,258,-1,84,258,85,-1,85,258,259,-1,85,259,61,-1,61,259,260,-1,61,260,63,-1,63,260,261,-1,63,261,65,-1,65,261,262,-1,65,262,67,-1,69,67,263,-1,263,67,262,-1,69,263,264,-1,69,264,140,-1,140,264,265,-1,140,265,137,-1,137,265,266,-1,137,266,151,-1,151,266,267,-1,151,267,145,-1,145,267,268,-1,145,268,146,-1,146,268,269,-1,146,269,148,-1,148,269,270,-1,148,270,149,-1,149,270,271,-1,149,271,150,-1,150,271,272,-1,150,272,147,-1,147,272,273,-1,147,273,142,-1,142,273,274,-1,142,274,143,-1,143,274,275,-1,143,275,144,-1,144,275,276,-1,144,276,138,-1,138,276,277,-1,138,277,139,-1,139,277,278,-1,139,278,141,-1,141,278,279,-1,141,279,70,-1,70,279,280,-1,70,280,68,-1,66,68,281,-1,281,68,280,-1,66,281,282,-1,66,282,64,-1,64,282,283,-1,64,283,62,-1,62,283,284,-1,62,284,60,-1,60,284,285,-1,60,285,83,-1,83,285,286,-1,83,286,81,-1,81,286,156,-1,81,156,79,-1,21,287,288,-1,21,288,13,-1,13,288,289,-1,13,289,14,-1,14,289,290,-1,14,290,16,-1,16,290,291,-1,16,291,17,-1,17,291,292,-1,17,292,36,-1,36,292,293,-1,36,293,37,-1,37,293,294,-1,37,294,39,-1,39,294,295,-1,39,295,103,-1,103,295,296,-1,103,296,105,-1,105,296,297,-1,105,297,107,-1,107,297,298,-1,107,298,109,-1,109,298,299,-1,109,299,111,-1,111,299,300,-1,111,300,113,-1,113,300,301,-1,113,301,115,-1,115,301,302,-1,115,302,117,-1,117,302,303,-1,117,303,119,-1,119,303,304,-1,119,304,120,-1,120,304,305,-1,120,305,72,-1,72,305,306,-1,72,306,71,-1,71,306,307,-1,71,307,32,-1,32,307,308,-1,32,308,31,-1,31,308,309,-1,31,309,30,-1,30,309,310,-1,30,310,28,-1,28,310,311,-1,28,311,26,-1,26,311,312,-1,26,312,24,-1,24,312,313,-1,24,313,22,-1,22,313,287,-1,22,287,21,-1,
        ]
    }
}
Shape{
    appearance Appearance {
        material  Material 	{
            diffuseColor 0.7529411764705882 0.7529411764705882 0.7529411764705882
            specularColor 0.6627450980392157 0.6627450980392157 0.6627450980392157
            ambientIntensity 0.7529
            transparency 0.0
            shininess 0.5
        }
    }
    geometry IndexedFaceSet {
        ccw TRUE
        solid FALSE
        coord DEF co Coordinate {
            point [
                -0.2807 0.5607 0.563, -0.2958 0.602 0.563, -0.2982 0.5995 0.563, -0.2736 0.5615 0.563, -0.2683 0.5636 0.563, -0.2746 0.6077 0.563, -0.2797 0.6083 0.563, -0.2857 0.6075 0.563, -0.291 0.6054 0.563, -0.3023 0.577 0.563, -0.2999 0.5719 0.563, -0.2964 0.5676 0.563, -0.2797 0.5607 0.563, -0.3013 0.5944 0.563, -0.3031 0.5887 0.563, -0.3034 0.5827 0.563, -0.2917 0.564 0.563, -0.2862 0.5616 0.563, -0.2637 0.5669 0.563, -0.2604 0.5707 0.563, -0.2575 0.5759 0.563, -0.2561 0.5818 0.563, -0.2561 0.5873 0.563, -0.2575 0.593 0.563, -0.2601 0.598 0.563, -0.2641 0.6024 0.563, -0.269 0.6057 0.563
            ]
        }
        coordIndex [
            0,1,2,-1,3,4,5,-1,6,7,0,-1,0,7,8,-1,0,8,1,-1,9,10,2,-1,2,10,11,-1,6,0,5,-1,5,0,12,-1,5,12,3,-1,13,14,2,-1,2,14,15,-1,2,15,9,-1,11,16,2,-1,2,16,17,-1,2,17,0,-1,4,18,5,-1,5,18,19,-1,5,19,20,-1,20,21,5,-1,5,21,22,-1,5,22,23,-1,23,24,5,-1,5,24,25,-1,5,25,26,-1,
        ]
    }
}